-256,-39,-31,29,-30,0,-19,-8,16,-10,3,4,-29,0,-21,15,-27,23,-13,-9,-31,0,-12,3,15,-16,-3,-9,5,19,10,28,2,10,-2,538,27486,27048,27059,27038,25945,-27937,-26015,27898,25953,-26809,26856,-26818,27375,-467,-5,3,10,-20,-1,15,-12,-4,20,3,16,-9,-49,18,24,-17,5,4,16,-11,12,-16,-7,-20,-2,11,-4,11,-35,-42,1,-114,-95,-112,-104,-75,88,81,-98,-81,692,29402,29166,28924,29060,27967,-29987,-27914,30014,27911,-28861,28824,-28818,29453,-436,-6,-2,-26,16,31,-2,38,13,6,14,-25,-12,18,16,12,18,10,-5,-19,-6,-16,-11,-21,-22,-11,26,-43,2,-14,-24,10,11,0,-25,2,4,-11,13,29,-13,23,27,23,1,32,40,-1,20,-11,-1,-8,-16,-8,6,-21,-8,-6,-2,-5,-10,-5,-25,-11,-9,-7,-42,-14,-23,-23,0,7,6,3,-12,-11,-15,14,0,28,9,15,-4,-7,-2,-23,-2,3,2,-23,-24,-1,26,17,-6,7,2,8,3,4,2,-47,-14,22,-18,0,3,-4,10,-9,0,-29,-29,-7,1,9,2,-14,6,-3,-13,-6,-19,19,-8,0,36,-9,-1,-1,-2,-1,-2,-2,0,-1,-1,-1,0,-1,-2,-1,-2,-2,-2,-1
-256,-10,-16,-18,0,8,0,-4,-10,-7,-6,-3,9,-8,-19,-2,12,3,-3,-14,-15,-7,33,-14,-8,-12,-17,-14,-2,-1,21,-15,-27,4,-12,525,27486,27059,27058,27085,25951,-27927,-25969,27906,25972,-26797,26814,-26839,27366,-432,4,-4,13,-6,17,-10,-6,14,1,3,2,-10,-11,-14,29,2,7,14,6,-12,-21,4,6,-25,7,8,-6,-10,-25,-2,-5,-136,-116,-104,-113,-112,57,103,-75,-101,727,30593,30363,30148,30252,29015,-31160,-28991,31187,29025,-29953,29946,-29948,30580,-488,18,16,22,16,12,-9,35,-31,16,-50,-1,11,2,48,42,4,23,-1,-19,-12,-2,27,24,-32,-17,-5,-2,-24,-26,5,-32,8,4,-38,-13,-1,-20,-11,10,-18,9,-10,-10,0,7,9,-22,-10,3,-7,-24,19,27,21,-16,-1,2,-12,21,13,-21,-8,22,-6,23,8,-7,31,-5,-16,9,-1,18,11,-12,17,10,9,15,8,17,5,8,0,25,13,8,-18,-20,-4,1,7,21,29,3,-4,-5,-3,20,-26,16,-10,8,2,1,31,-4,-3,-8,1,-3,-1,-12,20,2,1,-1,-16,25,-6,12,-24,-26,-15,17,16,-7,-1,-1,-2,-1,-2,-2,0,-1,-1,-1,0,-1,-2,-1,-2,-2,-2,-1
-256,-25,4,22,20,-51,20,-8,-2,-22,-31,-5,-14,-2,-13,-10,10,-12,-9,24,14,-25,-6,-12,8,14,-22,-1,7,-27,-26,-20,-28,-6,24,542,27477,27033,27046,27076,25952,-27909,-25982,27880,25956,-26831,26841,-26828,27355,-426,21,5,4,-21,-13,1,-2,-23,-39,-6,-28,-6,34,22,-27,6,3,-23,23,12,-3,-35,18,16,6,18,-3,20,-8,9,-12,-102,-100,-43,-106,-59,120,120,-88,-104,663,29330,29109,28878,29002,27804,-29901,-27823,29913,27823,-28706,28731,-28728,29326,-454,12,18,15,2,-6,-36,-4,1,23,-2,-4,7,0,-3,8,-27,24,-18,5,20,5,29,-3,7,-53,17,2,19,9,3,-9,-34,-5,-10,-26,-34,5,0,-3,27,13,21,6,-37,-24,-23,-5,2,13,12,-17,-6,4,-13,9,-12,-38,8,-14,8,-13,-2,3,5,-14,-34,3,-27,-2,-22,-9,5,-4,5,-27,-23,23,5,2,23,4,-4,-11,2,0,-6,-8,-16,-16,7,15,-3,-42,-16,-5,-11,38,-21,-4,-4,-16,2,-13,15,28,-7,-7,-2,-2,4,-11,32,-6,2,-28,-9,0,-1,-8,-23,7,-20,-31,-15,21,9,13,-1,-1,-2,-1,-2,-2,0,-1,-1,-1,0,-1,-2,-1,-2,-2,-2,-1
-256,19,-14,13,3,-14,-8,-23,2,9,8,-8,-4,-36,18,-2,5,-8,-9,-13,2,12,5,2,5,25,6,-8,-6,6,16,20,-4,14,41,543,27472,27076,27045,27040,25988,-27929,-25980,27912,25944,-26801,26830,-26802,27345,-403,-15,7,-35,-7,-8,0,-4,26,-1,32,-17,13,2,-4,4,-7,21,-12,20,-14,16,3,-3,-12,-2,1,17,5,22,-13,-13,-90,-81,-75,-37,-82,68,75,-115,-110,608,25737,25496,25336,25399,24353,-26218,-24365,26229,24412,-25178,25145,-25198,25695,-408,-8,6,-4,4,-11,-15,22,16,14,22,1,-12,0,-1,-10,-11,7,-14,-11,14,-24,-30,-21,-16,-44,44,-12,-8,10,2,-21,-31,-18,-8,2,-1,20,-7,-13,9,-5,-19,-20,-5,8,-12,-5,-6,10,-1,5,4,-12,-11,11,-32,-12,-12,-24,-13,-8,-12,1,-2,-11,10,6,8,1,-5,-31,1,-5,7,23,-25,-21,0,13,7,9,20,27,-16,17,2,-6,13,3,-24,2,-11,-5,9,-18,2,-18,8,-4,18,9,8,-3,-10,8,-9,-5,5,-8,0,14,-28,7,13,16,-23,14,3,22,-17,-14,7,4,4,-11,15,-10,-1,-1,-2,-1,-2,-2,0,-1,-1,-1,0,-1,-2,-1,-2,-2,-2,-1
0,15,-8,8,-5,-5,-4,0,-14,-15,3,1,-16,26,-17,-21,2,-20,-11,-18,-11,-17,-9,2,-25,-15,-6,-1,10,19,15,-21,-2,-14,-27,536,27512,27034,27046,27055,25963,-27907,-25975,27919,25962,-26810,26840,-26847,27360,-409,9,-6,26,-5,15,-6,-26,-2,6,6,-34,36,18,-3,-2,7,-13,-28,-6,21,19,9,23,3,6,3,16,24,-4,-11,25,-81,-71,-87,-73,-56,72,73,-66,-59,418,20154,19878,19699,19811,18990,-20461,-19056,20440,18979,-19683,19631,-19655,20061,-302,1,-18,33,26,-16,1,-26,-6,-40,3,-6,25,4,29,-1,-3,31,-12,-6,32,-2,-9,0,-48,16,10,9,-21,-16,7,-2,0,21,4,17,-26,6,3,18,27,15,-10,-16,-13,1,5,4,-9,11,17,-21,-1,-12,-6,-8,1,-4,20,27,1,8,18,-16,12,-10,-9,5,-17,2,-8,-27,-12,7,-1,-15,15,13,-23,3,-28,-17,-11,20,-2,1,11,-10,8,-1,16,16,9,4,1,-9,-24,26,0,-42,5,-2,7,2,-31,19,-2,-13,-32,3,-2,-1,14,-3,-25,19,9,-14,7,27,-4,-20,20,-11,-7,7,-3,0,-1,-1,-2,-1,-2,-2,0,-1,-1,-1,0,-1,-2,-1,-2,-2,-2,-1
0,0,14,-2,-8,5,1,-18,12,6,3,15,-6,-15,-19,1,-7,-1,-2,2,4,-5,12,1,5,-9,8,-18,-5,-4,-5,-6,26,-15,-20,527,27482,27070,27061,27065,25934,-27926,-25970,27905,25982,-26835,26796,-26853,27378,-431,13,-7,5,1,23,4,-23,-7,-21,-3,0,22,19,11,-2,-13,6,13,-6,2,-20,-10,-3,-19,-27,-8,4,-11,17,-12,-4,-75,-34,-34,-68,-60,59,53,-56,-42,286,12882,12782,12675,12726,12248,-13009,-12116,13011,12093,-12479,12529,-12519,12773,-194,-3,3,-27,-9,-16,4,7,-18,11,11,8,-27,-35,22,-16,22,-6,15,13,10,-39,-3,6,-46,-8,13,-16,-16,10,12,2,-4,-7,22,-2,-2,-13,5,-7,19,13,5,-6,-9,0,9,-3,15,-9,-11,29,2,-1,-1,4,-18,2,-4,7,11,-7,-13,32,-14,-37,-6,-1,4,-11,23,4,-4,15,-23,-8,24,-16,-8,-8,6,3,24,-29,12,-12,-1,-28,12,-16,11,-19,3,21,20,-21,-26,13,2,6,24,2,-13,-28,-10,-2,0,-39,-1,-30,-13,-26,-7,-25,-8,6,-11,-8,-30,7,-17,2,-12,-43,-22,1,10,18,-1,-1,-2,-1,-2,-2,0,-1,-1,-1,0,-1,-2,-1,-2,-2,-2,-1
-256,-15,-15,7,-6,2,-8,-6,-5,25,-2,10,-4,1,-49,-20,-8,25,7,11,-8,1,-7,18,-28,25,-11,5,-12,-15,11,1,5,10,-11,557,27505,27054,27097,27042,25952,-27920,-25991,27893,25967,-26831,26808,-26830,27391,-420,-13,-23,11,-10,1,-6,14,3,-16,26,-25,-20,8,4,0,-16,-41,29,-5,-1,3,35,-17,1,-6,13,-18,5,6,12,-29,-1,-15,-24,-13,-13,31,43,-40,-47,101,4565,4554,4529,4547,4369,-4710,-4350,4672,4240,-4388,4394,-4392,4428,-67,-5,9,-6,-14,41,-8,-37,-20,29,-6,-7,-28,23,4,21,-13,-5,25,29,28,16,-33,21,-10,-21,4,6,-62,-9,-13,-6,-14,-25,-14,14,-4,-13,27,-17,6,3,-8,6,-25,15,-34,-11,13,-8,5,-17,-20,-19,1,-4,-4,4,4,-13,15,-5,-15,5,-3,4,10,2,7,-18,25,-29,17,-14,21,8,9,-29,-24,-15,6,3,-9,-29,19,-18,-3,-17,3,11,-3,16,-20,-7,-6,14,-12,-22,-24,-19,-2,9,-33,-9,-5,-5,6,5,13,-19,36,-5,10,-3,5,12,-1,-9,6,-9,6,9,-19,-9,11,20,-31,20,-1,-1,-2,-1,-2,-2,0,-1,-1,-1,0,-1,-2,-1,-2,-2,-2,-1
0,0,-13,19,-21,13,-6,31,8,3,-7,19,-9,5,-6,-23,2,10,15,14,-19,1,10,27,3,-12,6,21,1,30,20,-11,-20,-11,3,546,27473,27054,27083,27052,25964,-27902,-25961,27878,25964,-26829,26797,-26806,27376,-441,2,-3,-16,15,-11,18,-11,-37,3,0,-15,-18,-2,7,-2,16,17,33,13,-17,-14,-29,14,17,18,-8,-31,-15,-28,-10,-16,20,3,11,-6,-16,5,4,-10,-14,-94,-4051,-4017,-4027,-4009,-3847,4139,3828,-4138,-3807,3982,-3994,3921,-4200,3,-12,10,-6,14,15,12,-37,0,18,0,-18,12,6,-22,-20,54,-17,-1,-25,11,39,-8,16,19,12,-17,9,18,1,-56,6,-11,-11,-6,-3,10,-3,-11,17,-17,3,-35,-15,1,-8,2,-5,27,2,13,-9,17,-18,-25,-7,-3,-13,11,-53,35,10,-23,-5,-11,-6,-4,-14,9,-1,-8,-7,1,-14,7,-24,-11,-5,-1,1,0,-7,-1,23,19,-15,4,-7,19,5,-1,30,-31,9,-15,-6,24,0,14,-2,11,-8,-1,-8,10,-13,12,2,-16,-4,-28,-14,-3,22,-5,21,33,-14,20,5,-1,-7,-1,5,-18,-12,-13,9,-1,-1,-2,-1,-2,-2,0,-1,-1,-1,0,-1,-2,-1,-2,-2,-2,-1
0,-33,-12,-14,28,19,-4,25,-23,22,0,9,-30,6,-21,-3,-7,-9,-5,0,-3,-10,-8,-7,-6,7,12,-14,3,-2,-28,-12,-13,-4,-9,543,27491,27053,27053,27069,25950,-27934,-25959,27878,25955,-26858,26856,-26808,27395,-421,-6,6,-8,-30,-13,0,1,4,11,11,-41,5,-10,-14,27,-1,-6,12,9,10,-21,-25,-24,6,-2,4,18,-7,15,7,28,41,12,59,20,47,-32,-53,19,36,-256,-12368,-12285,-12213,-12230,-11689,12591,11762,-12594,-11755,12164,-12165,12157,-12345,200,12,-10,1,-3,-29,-7,-24,-13,5,6,1,13,-9,-1,10,15,21,-32,-10,3,18,-12,-1,10,-22,11,10,14,26,30,0,17,3,2,11,-14,19,-28,-8,-1,3,-26,3,1,11,-9,8,-18,14,10,-23,-16,-8,-4,-4,-19,-13,-12,6,-2,-19,-5,10,2,8,9,-11,3,-15,6,-5,15,21,30,-1,-25,9,-21,4,-26,7,-11,-27,9,17,10,-8,1,0,-14,-12,17,6,26,29,24,9,-15,-3,-4,-18,-4,-9,15,6,1,-8,-2,-8,-3,-10,3,5,-13,1,-17,14,-17,-20,-3,-9,-1,-5,4,-28,9,6,-1,-1,-2,-1,-2,-2,0,-1,-1,-1,0,-1,-2,-1,-2,-2,-2,-1
-256,2,-1,-3,-7,2,9,-3,-11,15,-1,-19,-12,1,33,-1,8,11,-19,8,11,0,-27,-4,-12,13,13,16,1,12,-15,-3,19,-8,4,530,27478,27047,27042,27018,25982,-27918,-25969,27906,25974,-26834,26818,-26801,27384,-444,-6,-18,3,15,16,14,-20,8,1,-29,13,-31,-9,-18,1,28,5,-25,12,5,-48,1,-23,10,15,18,14,-14,-18,-25,1,66,64,57,46,85,-78,-64,67,67,-488,-19716,-19534,-19425,-19485,-18741,20088,18731,-20114,-18643,19330,-19343,19328,-19751,287,9,-16,35,15,4,25,26,8,-7,-35,2,-10,14,-5,19,-1,-18,-18,4,-6,-19,25,-24,9,31,-11,-3,21,1,-25,-46,-19,11,-8,-2,-17,20,3,-11,1,12,1,-10,-19,-18,8,-12,2,-16,12,9,-23,-24,-2,-16,-23,11,-13,-29,-20,-30,-5,-2,3,4,9,12,-5,-1,-9,-22,21,-6,5,1,3,-14,-13,17,-7,6,-7,-15,0,-7,9,16,-11,-27,5,-16,-8,-13,-22,-12,5,-7,-10,-26,9,20,-20,-1,3,-21,-26,8,-27,19,27,-3,-14,11,0,-13,-11,0,19,11,1,-12,-27,-1,13,4,-16,-11,-1,-1,-2,-1,-2,-2,0,-1,-1,-1,0,-1,-2,-1,-2,-2,-2,-1
0,12,3,5,16,16,-18,29,-15,-3,-19,1,11,7,23,-25,5,2,18,-4,-10,9,4,5,-6,19,-4,-7,11,12,9,0,1,9,11,564,27480,27054,27058,27049,25994,-27897,-26005,27882,25967,-26816,26827,-26816,27325,-415,-10,-2,8,-13,-8,6,15,4,7,-9,-18,-5,6,23,-40,17,-11,-2,17,-9,-6,-25,0,12,-23,-3,3,-18,-13,8,16,63,52,96,104,86,-70,-60,85,56,-564,-25449,-25206,-25097,-25203,-24172,25938,24155,-25981,-24151,24967,-24957,24949,-25481,390,21,16,1,12,-33,18,-3,-3,28,21,-44,18,12,6,8,-20,2,-13,25,33,-5,13,14,-21,-12,-2,-25,-7,35,-6,-10,3,9,-17,3,11,-6,-3,-10,20,0,4,24,45,-24,2,8,-9,16,-18,0,-18,18,-4,2,-12,-17,21,-5,0,-3,-1,34,-18,-18,-18,-13,0,-6,10,-6,-9,-4,-5,-4,-17,15,-3,-21,-13,5,-7,8,12,-10,5,-22,-21,3,6,-18,-30,9,-19,1,-6,13,6,-6,10,6,-9,-8,15,11,14,-11,1,21,-27,-7,-14,-21,12,11,27,17,31,-14,-35,30,-16,4,-15,-10,5,-11,-1,-1,-2,-1,-2,-2,0,-1,-1,-1,0,-1,-2,-1,-2,-2,-2,-1
-256,-17,-19,-10,-7,6,3,1,-2,23,-35,-2,31,5,20,6,13,-7,20,23,-15,-1,48,26,0,-10,19,36,2,-19,-7,16,-12,-1,17,534,27461,27060,27049,27064,25972,-27925,-25974,27889,25966,-26808,26815,-26842,27355,-408,-12,14,-40,5,-14,-18,-23,3,-18,18,11,1,21,-15,8,9,-30,-8,-15,3,2,-31,12,3,-19,-16,-4,-30,-13,-3,21,82,92,82,95,78,-112,-58,103,93,-701,-29190,-28913,-28711,-28832,-27673,29716,27683,-29733,-27695,28620,-28596,28609,-29193,427,-22,22,-22,9,20,-13,-27,-12,-12,8,-34,-15,9,-31,-14,-26,-23,0,24,-21,-5,-40,-6,-10,-13,3,-16,16,-29,28,-25,43,53,-24,9,10,-23,-9,-17,3,1,-2,-16,-1,-32,-22,19,3,17,-14,24,-1,-3,31,20,-6,5,29,3,12,15,-7,-34,-4,-20,-25,18,18,5,-27,2,10,-12,-1,17,5,-2,8,-11,18,5,-2,19,-3,1,-33,-13,-13,3,35,-8,13,-14,13,-25,-11,-20,-3,-19,-17,12,-14,0,-13,-25,-5,31,-7,-8,-1,20,5,-27,6,5,12,6,5,-8,-16,15,-31,-32,-6,-4,8,25,-1,-1,-2,-1,-2,-2,0,-1,-1,-1,0,-1,-2,-1,-2,-2,-2,-1
0,-12,17,-26,-1,-9,-16,-9,0,35,-31,8,29,16,-1,-6,-8,-18,-6,14,-2,23,-18,15,27,-24,22,-40,-25,15,1,13,-3,1,27,563,27477,27066,27047,27079,25954,-27911,-25983,27916,25971,-26811,26839,-26825,27357,-428,-5,-19,-25,-15,9,2,-20,-6,10,-9,-6,14,-27,-20,8,-3,12,36,-9,-7,9,-21,-4,-40,-13,10,-8,4,14,23,1,86,111,104,94,86,-144,-107,116,81,-723,-30590,-30304,-30121,-30205,-29004,31157,29028,-31202,-29002,29947,-29950,29922,-30594,461,8,3,13,5,6,47,7,-15,22,2,-6,24,2,1,8,-13,-10,-27,18,-17,-9,9,7,29,-3,-15,-13,-2,15,-6,3,-4,20,15,5,-38,10,-1,4,22,-10,12,-23,-18,-22,-6,13,6,-1,15,9,37,15,22,6,-17,18,7,-13,13,-12,12,-18,19,6,0,5,16,-23,10,8,-8,-14,-2,-15,2,4,-19,6,21,-26,-18,-3,-14,11,-26,10,-11,19,-4,-1,-4,-20,-10,-24,-34,-12,-14,4,9,-19,12,2,11,13,3,-20,-5,11,-7,-7,-11,9,1,-23,-1,-41,5,16,-11,5,16,-3,-22,13,-12,2,-1,-1,-2,-1,-2,-2,0,-1,-1,-1,0,-1,-2,-1,-2,-2,-2,-1
0,1,14,0,17,5,-23,8,13,6,-15,1,1,-21,23,0,-16,-14,7,-7,-9,-24,3,16,4,-13,-14,-8,-20,26,-21,2,-4,-3,-1,537,27481,27074,27051,27064,25962,-27926,-25966,27909,25960,-26821,26827,-26829,27344,-411,15,7,-5,12,-10,-11,18,-6,14,-16,23,-21,-15,-24,1,-10,6,12,2,6,-25,13,24,-7,-14,4,17,-19,-10,22,11,94,63,83,84,102,-86,-93,122,125,-690,-29588,-29306,-29089,-29217,-27986,30094,28022,-30117,-28077,28941,-28953,28938,-29513,451,-8,-7,7,-7,-1,-29,-11,3,22,3,-28,-3,-9,14,-20,8,8,-2,22,34,-32,-9,-21,-34,-5,-7,-25,-6,11,-21,-10,-47,-10,-11,-51,6,-10,-1,-31,-20,9,2,-8,20,2,23,-6,-26,16,17,17,-13,7,-9,5,9,-8,-8,5,17,-8,0,2,13,-23,3,3,10,-1,2,29,22,-22,-12,4,-2,0,-7,5,-12,0,12,4,-29,32,5,11,5,-12,-1,-5,-14,-25,13,13,5,16,19,-4,-13,14,-10,-23,-42,13,-8,-41,20,17,28,-16,7,-10,14,-32,-16,8,5,-45,-3,15,27,-1,7,0,-3,2,-1,-1,-2,-1,-2,-2,0,-1,-1,-1,0,-1,-2,-1,-2,-2,-2,-1
0,-12,6,-22,-7,8,11,3,-13,-19,19,46,-15,5,-23,-39,11,-15,2,10,-33,5,-1,-15,8,-20,-14,-2,-8,1,-6,-20,-3,-11,-5,557,27463,27038,27048,27033,25971,-27919,-25986,27903,26002,-26824,26817,-26785,27355,-420,0,16,32,14,0,-1,16,18,-1,-17,-17,1,-24,1,-1,-17,6,-4,13,-22,-12,14,-9,-34,10,-36,-12,-15,-15,-5,1,116,114,75,54,105,-53,-106,61,82,-630,-26154,-25930,-25741,-25883,-24816,26644,24832,-26686,-24799,25649,-25617,25615,-26138,425,40,9,-27,3,14,-17,2,14,-9,14,13,-21,-35,-7,5,8,19,-24,12,-15,-11,17,-20,-21,-17,-43,39,6,-24,5,18,11,9,1,14,29,0,16,-2,7,11,-15,5,12,-38,8,-2,2,11,-8,24,-21,23,28,-17,-13,1,9,-6,32,3,0,-8,-17,-9,-11,-10,-4,5,-30,-2,-46,3,14,12,-22,-5,-23,-9,-24,-9,-6,5,13,-19,-5,4,-3,21,0,26,-18,-17,10,23,7,1,5,0,-14,-19,-1,24,23,25,-17,-8,12,12,3,25,0,17,-7,-27,13,12,3,-23,16,25,6,-4,-3,-17,-35,28,-1,-1,-2,-1,-2,-2,0,-1,-1,-1,0,-1,-2,-1,-2,-2,-2,-1
-256,6,-2,35,-1,-8,6,11,5,1,-16,-26,10,17,0,24,-29,10,-20,-17,-2,0,4,3,6,7,-5,-11,-12,-22,-2,10,-11,29,-21,544,27466,27089,27074,27045,25940,-27924,-25996,27910,25976,-26837,26811,-26859,27392,-454,-18,-1,-34,-6,14,4,-22,-18,20,-2,-13,-36,-1,3,-16,-13,-13,3,-7,1,13,4,-15,-18,-2,-10,-17,-17,14,-22,6,97,74,62,82,52,-60,-62,39,78,-500,-20689,-20484,-20345,-20414,-19629,21040,19593,-21090,-19619,20224,-20243,20246,-20706,347,47,-20,-18,12,13,-3,29,14,11,-1,-32,-26,24,-27,-11,23,-47,4,4,-16,-8,-3,7,-3,-17,-3,-19,-34,-15,32,3,-5,0,-13,12,-10,-9,21,17,-48,46,34,-1,16,-8,-1,-22,34,-13,7,-7,5,-8,-13,-3,13,-4,-21,-27,9,-19,-24,10,-15,-9,12,-8,7,18,12,-20,3,-10,-26,-10,-12,13,7,15,18,-7,-13,9,25,-21,-6,0,-15,-11,13,-9,-17,-21,-12,-26,8,-17,25,-4,-15,10,-3,-22,4,17,-12,-28,7,-4,0,-2,9,-6,-7,2,8,-15,-9,8,7,5,-2,11,14,0,-6,-25,-1,-1,-2,-1,-2,-2,0,-1,-1,-1,0,-1,-2,-1,-2,-2,-2,-1
0,-39,-3,14,3,-19,-2,0,12,-6,5,-9,12,10,-24,15,2,1,-5,7,18,-28,-12,3,15,7,-6,0,-6,-6,22,23,8,33,14,524,27471,27028,27043,27039,25969,-27918,-25959,27908,25990,-26832,26825,-26823,27374,-439,15,-9,11,4,5,-9,-35,12,6,3,-4,0,-9,31,-15,-13,12,-13,-35,-27,-5,31,-19,-12,-39,16,-2,11,-20,8,37,23,43,49,61,31,-57,-51,74,83,-311,-13623,-13539,-13443,-13452,-12826,13749,12827,-13800,-12839,13258,-13261,13248,-13550,196,-4,3,16,-14,-11,15,14,-7,5,-15,18,1,-20,14,24,-10,1,7,-9,-16,-16,-9,23,29,1,32,25,-1,5,9,14,-12,-26,-10,-16,1,-29,-5,-11,-7,2,-27,-12,-12,-6,-19,10,-7,26,2,-33,-12,-34,-8,6,-7,27,-10,-31,14,11,-22,8,13,0,2,-1,16,11,-2,-12,8,-5,4,-23,-13,-12,-5,4,12,12,11,-10,-2,-11,12,-13,11,-16,11,-16,7,15,-23,-5,-8,-17,-16,-38,-18,21,-16,-18,-16,-5,-22,8,-24,-27,21,-12,38,-1,18,-12,15,4,4,-19,5,-5,0,-8,6,1,-3,-32,-1,-1,-2,-1,-2,-2,0,-1,-1,-1,0,-1,-2,-1,-2,-2,-2,-1
-256,-1,-14,-18,-12,-7,-25,3,15,-29,44,-17,36,31,-5,-11,10,1,18,-4,29,-23,-1,5,-35,-12,-11,24,37,-33,-24,-12,-9,-16,34,550,27477,27063,27072,27040,25981,-27925,-25988,27906,25951,-26842,26812,-26846,27351,-442,3,19,-27,8,45,11,6,26,15,-3,3,-7,-1,-1,-28,-5,-2,28,-2,26,9,-23,22,11,-22,-22,-15,8,5,12,42,23,-9,5,11,-5,-9,-19,9,-12,-113,-5443,-5383,-5338,-5331,-5177,5514,5146,-5532,-4989,5225,-5155,5200,-5328,77,14,-16,15,-4,24,6,16,-44,-32,-15,36,-3,-15,13,-12,-3,14,10,4,4,10,-5,8,-51,9,14,-8,-9,-41,0,59,-45,-5,12,-6,-20,-9,-3,3,16,4,1,-21,-11,-11,-15,-5,6,11,12,4,-12,-17,14,-7,-26,2,-5,-14,-7,15,15,-10,2,-13,-7,9,10,15,2,7,-25,-10,12,5,-32,21,8,2,-9,7,3,8,5,22,-17,3,9,10,-24,-19,-42,-12,-7,5,-9,-8,8,24,-18,13,6,14,-4,-13,-5,10,7,-8,-18,20,11,6,2,-12,-36,4,-14,-12,5,20,3,2,7,-20,38,-2,-1,-1,-2,-1,-2,-2,0,-1,-1,-1,0,-1,-2,-1,-2,-2,-2,-1
0,15,13,10,-1,8,9,8,12,-9,-6,-14,-5,3,3,-18,-21,1,-30,-22,-4,2,13,-16,7,-6,2,-15,-10,-17,13,-2,-8,-1,-2,525,27481,27066,27040,27078,25968,-27921,-25962,27928,25962,-26814,26809,-26845,27374,-439,-1,-11,13,12,10,12,3,-16,-24,21,22,13,-5,-32,1,-8,35,14,38,-17,1,-16,-14,-2,-25,-11,17,-19,-19,-18,-73,-25,-17,12,-30,25,16,14,6,-34,70,3226,3184,3183,3164,3036,-3264,-3086,3260,3087,-3158,3125,-3286,3344,-48,-20,-45,-26,13,10,47,30,-24,24,6,4,17,-20,-46,19,32,44,18,39,20,14,50,-8,-13,-3,24,24,-40,-20,-39,1,9,-10,23,23,-29,22,-8,2,-25,4,-24,3,11,13,24,7,-21,-1,35,21,-13,-11,-4,-12,27,10,-23,11,10,6,-13,-32,-14,-12,-13,2,-10,-45,-4,-12,-29,-18,-28,9,19,-48,-18,-6,18,-14,7,16,28,5,-35,15,7,-14,-8,-10,-12,9,-23,19,7,-20,7,-3,-6,-3,-20,8,2,3,16,4,-6,4,-16,11,29,6,-1,20,16,-1,-7,-7,21,3,40,-11,-10,-32,-1,-5,-1,-1,-2,-1,-2,-2,0,-1,-1,-1,0,-1,-2,-1,-2,-2,-2,-1
0,3,20,2,4,6,-12,15,23,-9,3,12,-5,6,-39,1,4,3,6,-34,-28,-22,5,-13,0,3,-4,-5,-2,-25,1,-23,-16,-14,11,547,27467,27039,27033,27040,25983,-27903,-25977,27923,25947,-26821,26800,-26835,27361,-434,26,-7,-15,-10,27,-8,1,10,-12,9,-22,23,15,-3,10,0,-3,23,-1,6,3,-10,14,-7,-11,2,13,-16,-7,3,-5,-34,-5,-22,-49,0,31,34,-45,-67,243,11601,11524,11429,11453,10984,-11840,-11015,11833,11046,-11371,11371,-11346,11635,-216,6,-40,23,-20,-4,10,27,-2,2,0,-2,-27,8,14,5,7,28,-21,13,0,-14,-9,-5,-14,-11,18,-19,29,-9,-20,-11,11,-14,-20,2,-28,-1,4,13,-4,-6,-46,7,-3,-24,-5,-1,-2,6,-8,-13,1,21,23,-11,-19,27,4,-18,-11,-6,10,-14,10,-9,-3,0,3,5,10,16,-13,24,0,-25,-16,-2,-12,-21,-10,-14,-29,-3,0,-5,-22,17,-10,-19,-22,-11,13,-1,14,23,6,6,13,10,-6,-17,-19,14,10,5,-7,-27,-7,0,-10,11,-21,-5,-24,-8,-1,9,-29,-16,2,-14,-24,-31,8,8,10,15,-1,-1,-2,-1,-2,-2,0,-1,-1,-1,0,-1,-2,-1,-2,-2,-2,-1
0,-14,-22,-7,-3,23,7,-16,-4,15,25,-42,-18,-3,-8,-28,-46,-12,5,-3,21,-2,-12,-4,-27,-27,25,-13,12,-15,12,-26,15,18,-6,535,27468,27059,27057,27083,25988,-27896,-25966,27894,25961,-26818,26829,-26838,27364,-433,-33,6,2,1,-15,30,-6,20,-29,-11,17,-6,2,4,30,6,12,-21,-3,-9,38,9,4,25,-15,-10,-21,-23,11,-4,-5,-62,-54,-53,-43,-67,12,64,-62,-53,426,19070,18926,18775,18850,18120,-19454,-18072,19427,18082,-18669,18693,-18700,19052,-290,-4,7,7,2,21,-32,15,9,-8,-8,27,-15,28,17,1,-19,10,-4,-6,-11,-34,0,-3,17,-57,6,-31,1,19,5,27,15,12,-27,-7,-36,-14,2,-18,-8,-11,11,2,0,15,4,-2,-4,-16,4,-4,17,-1,21,17,13,-7,19,0,4,-11,14,10,5,3,-8,-1,-2,-24,0,18,15,5,-5,25,5,18,-6,-13,5,16,-5,-7,-3,-17,-18,-16,-8,8,-23,-17,-7,-8,2,12,0,-24,20,6,26,15,-15,4,10,11,8,-5,-5,-9,7,-12,-22,17,-19,-2,-31,-32,-27,17,4,13,22,-6,-17,-1,-6,-1,-1,-1,-2,-1,-2,-2,0,-1,-1,-1,0,-1,-2,-1,-2,-2,-2,-1
-256,-26,-2,-9,16,-8,-18,12,-4,-11,-17,-8,-9,-14,-21,7,4,-10,9,7,8,-23,-4,6,-2,-9,-8,-8,-22,-16,1,-12,-19,4,-8,545,27471,27058,27056,27042,25983,-27900,-25978,27925,25977,-26833,26800,-26824,27370,-436,-14,-29,-2,-9,-17,-23,-3,-22,30,-24,15,-5,-1,4,-27,-2,9,6,9,-11,-12,6,-58,8,0,-29,-18,6,2,4,-32,-87,-66,-92,-72,-116,80,68,-81,-67,566,24947,24722,24644,24681,23717,-25479,-23744,25502,23705,-24527,24504,-24465,25007,-385,-12,28,25,-4,9,-36,4,-32,-9,-8,16,-9,16,40,-6,26,-16,-21,-20,39,2,-4,26,11,29,0,-11,9,-11,-12,13,9,1,7,-5,25,11,-2,-24,14,37,14,2,-9,28,-18,2,16,2,6,2,-34,-3,19,0,-18,-40,6,-22,-15,4,-1,1,-8,-25,-1,9,5,-8,-18,-3,-12,9,-5,8,-3,9,16,-20,0,10,2,-6,15,6,10,13,-10,-11,-6,4,-6,-12,1,16,-6,17,1,10,3,9,34,-3,1,8,-35,-12,3,9,-28,19,-7,-5,12,14,-12,4,27,3,6,14,4,17,12,5,-5,-3,-1,-1,-2,-1,-2,-2,0,-1,-1,-1,0,-1,-2,-1,-2,-2,-2,-1
0,6,2,-18,6,-4,14,22,-11,-5,-16,3,-18,-4,0,-39,13,-28,3,-30,26,-12,-25,18,-8,-25,-12,9,-6,-2,8,-20,-6,-20,12,544,27477,27059,27044,27049,25977,-27905,-25957,27908,25951,-26827,26809,-26806,27402,-440,-12,2,-4,-13,5,-13,13,-7,6,24,-13,3,-28,9,-2,-17,-21,-19,-1,19,-16,-3,8,7,19,32,26,-35,-1,4,19,-91,-106,-89,-108,-61,115,107,-112,-98,679,28931,28676,28470,28531,27385,-29439,-27452,29490,27429,-28363,28350,-28362,28918,-453,18,2,20,-7,10,-20,-3,-13,8,26,-2,12,-9,-34,9,11,21,48,-16,22,-33,-17,-6,-53,20,0,-16,2,-25,21,-6,-46,-8,-13,-32,-13,22,-21,18,9,-22,-20,-21,-3,-5,-7,-13,8,4,17,-11,-14,2,-1,-3,20,5,9,-10,11,-21,24,-10,27,0,14,9,2,-22,-10,18,-3,-23,-2,12,-13,11,25,-32,1,-16,3,-29,-2,16,16,0,-7,-30,-19,10,-15,4,-16,8,-4,-25,-2,-10,15,-26,14,2,-9,19,-16,7,2,4,-11,18,9,12,16,-7,-4,-11,-15,14,-5,-9,1,7,2,-13,-24,7,-1,-1,-2,-1,-2,-2,0,-1,-1,-1,0,-1,-2,-1,-2,-2,-2,-1
-256,9,14,-10,-27,-39,-31,-10,-10,35,-35,-9,13,-20,-4,12,-6,0,-3,3,-6,-15,6,-9,12,12,1,19,-5,28,-4,-13,-12,10,-5,551,27468,27062,27072,27065,25951,-27887,-25949,27888,25974,-26834,26841,-26840,27365,-417,2,7,-9,3,14,8,-15,-27,20,14,1,7,-20,-10,9,-9,-11,10,-5,16,3,6,9,15,-1,-18,-13,-7,-9,-27,16,-89,-77,-124,-121,-80,104,67,-113,-74,693,30587,30242,30067,30210,28969,-31122,-29006,31134,28985,-29931,29955,-29896,30545,-488,8,-41,1,-13,12,-31,49,-16,29,18,14,-4,4,3,19,24,22,32,5,-39,13,15,14,-2,-22,7,-16,-24,20,-16,17,-37,13,-12,3,24,9,10,12,16,4,20,4,14,11,24,-7,-33,-19,-28,-23,5,-42,-5,-4,16,-13,28,-9,4,-7,6,-2,-4,-3,17,1,17,1,11,12,11,-3,-18,-19,-2,12,12,-21,-2,2,-2,-21,-17,-7,0,-27,9,-6,-3,-9,-1,9,1,-28,-4,12,7,8,19,33,-33,-2,14,19,12,-4,-6,-4,-11,12,-6,9,-11,-3,-8,3,5,-12,-5,3,-20,-11,8,-1,28,1,-1,-1,-2,-1,-2,-2,0,-1,-1,-1,0,-1,-2,-1,-2,-2,-2,-1
0,-2,12,40,-9,0,6,14,-1,-10,-12,0,7,-3,-13,8,-2,2,19,-8,-27,-15,1,-3,3,-29,6,13,2,-8,-6,12,-24,18,-23,558,27502,27055,27062,27058,25982,-27942,-25960,27900,25966,-26837,26856,-26836,27347,-452,-2,-27,-3,-19,-19,-43,16,-5,6,27,-16,2,-11,12,-32,-22,24,-12,0,21,-24,-35,-7,12,-21,6,-17,-11,-16,-11,6,-83,-111,-80,-111,-79,117,85,-127,-127,662,29777,29500,29312,29432,28203,-30363,-28224,30366,28203,-29130,29158,-29181,29776,-463,1,15,-15,-9,4,27,11,6,-28,11,-8,-15,-17,13,1,25,-43,8,-2,12,23,21,8,-27,-29,-11,7,18,18,-14,5,-28,-45,16,-31,-26,-5,16,14,-17,-8,-2,15,-2,-1,8,5,11,-13,8,-21,1,-10,21,22,22,-24,-6,23,13,12,-10,7,-5,5,26,-6,2,-13,5,1,5,10,-16,-7,-13,8,-19,-15,33,25,6,11,4,20,0,-10,3,-22,-2,26,-10,-28,28,-13,-14,3,10,9,-32,3,-13,-10,-17,20,2,15,-12,17,2,-27,5,21,-14,16,-23,-20,4,-21,-19,15,-18,0,-9,9,-11,7,-1,-1,-2,-1,-2,-2,0,-1,-1,-1,0,-1,-2,-1,-2,-2,-2,-1
-256,10,-10,-23,-21,29,0,5,3,21,18,3,3,28,-2,-1,-2,-19,0,7,14,10,-16,9,-3,-22,-14,-18,7,-2,-5,-23,-10,-22,8,563,27479,27080,27050,27053,25967,-27906,-25979,27909,25966,-26823,26813,-26846,27364,-422,3,-3,18,1,-1,33,-26,-4,-33,-19,-26,-5,10,16,2,-6,-21,-7,-22,-18,-26,31,2,1,3,-2,-6,-20,13,-19,19,-91,-75,-72,-80,-95,117,91,-111,-66,616,26609,26371,26212,26278,25181,-27115,-25245,27117,25230,-26050,26059,-26043,26557,-437,17,-29,-2,-35,-33,1,-28,-45,41,-1,-9,-12,4,-28,55,11,-1,30,-20,16,-14,20,24,5,-16,21,45,25,-32,19,23,-5,13,-9,-4,2,4,-31,-12,-19,1,-5,-9,-11,12,-27,-38,0,1,4,-11,-13,19,13,-5,-20,4,4,10,9,-33,12,4,-12,-19,-9,-21,-39,3,-11,-13,-8,-2,0,6,15,-13,1,16,-19,-17,-4,0,4,6,-1,-5,1,-19,-1,1,-13,-19,-24,-19,9,-8,-20,-34,13,-23,-5,-4,8,9,-9,22,-19,-10,-8,3,-13,9,9,9,-8,-5,8,-1,-9,-4,-21,-15,-8,9,10,21,-1,-1,-2,-1,-2,-2,0,-1,-1,-1,0,-1,-2,-1,-2,-2,-2,-1
-256,-12,3,-12,3,10,7,9,-18,0,-10,-21,1,-17,-4,22,13,-8,2,0,7,7,-12,21,-10,0,7,-2,-9,12,8,-17,1,-11,-10,545,27492,27078,27053,27079,26017,-27895,-25971,27893,25985,-26820,26799,-26820,27354,-437,17,-17,-11,-3,-6,10,23,31,-11,24,-14,-13,0,1,-5,-8,20,-34,-21,2,-2,-20,8,-29,0,-22,-7,-15,-11,12,19,-68,-81,-79,-80,-56,89,54,-69,-68,484,21289,21102,20946,21024,20161,-21719,-20181,21721,20214,-20856,20834,-20871,21266,-344,-5,-5,-7,0,15,-8,16,-15,-39,-31,-9,28,17,-27,-4,-11,3,-12,-45,-6,-20,-12,-32,37,-6,3,5,-27,-14,-33,4,21,-13,-18,-6,-48,-10,14,2,13,12,-18,11,-22,9,31,13,18,6,25,9,-4,7,-2,10,-1,-6,-23,-11,-3,-8,-11,4,18,6,22,-11,11,5,7,2,-5,-11,-20,-7,-10,14,2,-20,12,-10,-19,2,0,-12,-15,7,-8,-12,3,13,-12,14,-5,-10,-23,10,6,10,-25,-39,-19,10,1,-32,-1,16,-6,-7,-5,-17,3,10,-8,-14,8,10,-10,2,11,3,8,-8,-4,21,-2,12,-1,-1,-2,-1,-2,-2,0,-1,-1,-1,0,-1,-2,-1,-2,-2,-2,-1
-256,-2,31,-22,2,-22,6,-16,-8,-24,-29,-6,15,-28,-12,14,-5,-18,-38,3,13,-10,-23,28,-16,-9,-1,-10,-14,11,7,1,9,-11,9,514,27472,27047,27051,27063,25996,-27914,-25972,27926,25975,-26819,26854,-26811,27355,-432,21,10,-5,-5,5,-6,-9,-2,-17,16,-4,20,6,-17,-30,2,-17,-24,16,31,-13,31,13,-9,8,-11,-13,2,18,1,-17,5,1,7,14,17,12,13,7,-7,253,14473,14234,14225,14225,13522,-14571,-13586,14603,13595,-14017,14006,-13977,14293,-222,-7,-12,12,-5,30,-2,19,19,-11,-9,-18,2,13,10,-13,43,-7,-10,-9,14,21,5,-6,19,6,-6,17,-25,17,-15,7,-9,26,-53,-2,-3,-9,-8,-11,6,14,-9,3,23,28,9,2,-34,6,1,-38,-6,21,2,-11,-30,-4,9,13,5,-22,10,6,-11,-8,-10,28,-13,2,38,-34,-1,-12,-21,-4,-19,-3,1,-13,16,9,13,0,15,4,7,0,4,-14,-25,-3,-37,-1,2,5,9,-8,-24,-15,15,11,16,-8,-19,-1,-22,5,-3,2,-8,-3,-22,-21,-12,-22,-2,7,7,11,-11,3,-4,-21,-21,-14,13,16,-1,-1,-2,-1,-2,-2,0,-1,-1,-1,0,-1,-2,-1,-2,-2,-2,-1
-256,-6,20,18,3,-9,12,4,-7,22,-18,-37,6,2,-3,1,-2,0,9,0,6,19,24,-10,-13,-26,23,-2,4,15,17,14,-25,-25,-25,541,27493,27041,27043,27065,25979,-27940,-25966,27892,25981,-26828,26829,-26815,27345,-429,2,25,-2,-3,15,12,12,-28,-23,33,17,-7,-9,16,-15,-19,7,-7,-31,9,-13,6,27,3,30,4,-3,-4,-12,-15,-22,-44,2,7,-60,-25,13,36,-56,-45,160,6234,6230,6121,6181,5945,-6371,-5954,6260,5829,-6031,6040,-5990,6143,-88,17,7,-7,32,-25,20,6,-18,6,-42,-24,7,8,6,39,-46,-19,30,-20,32,10,-31,8,-35,-16,9,-13,4,28,-9,-18,-24,9,-45,-9,-10,-37,17,17,-5,-17,-2,4,-1,-18,0,3,0,21,1,-14,-5,-4,-30,8,-11,4,10,13,19,-11,5,-32,-29,-20,-17,-5,-3,17,15,-12,14,21,-8,11,-9,0,-21,-22,-26,-5,2,14,-1,-20,-11,-8,8,11,24,-18,-4,-5,4,-36,17,10,-6,19,-3,-23,-24,6,-5,2,10,-27,-27,4,-3,9,15,-10,-6,6,-4,-10,18,-19,-15,0,8,5,14,-21,6,12,-1,-1,-2,-1,-2,-2,0,-1,-1,-1,0,-1,-2,-1,-2,-2,-2,-1
-256,-8,-4,12,-12,31,-5,-2,-8,-13,-20,-5,8,14,-11,-15,-12,-13,-26,12,10,-9,-19,-24,-28,12,-8,20,-3,-2,0,3,-23,2,21,551,27502,27038,27043,27050,25976,-27891,-25971,27907,25959,-26844,26798,-26812,27336,-408,-9,-12,-29,-31,-2,1,-9,4,12,-1,8,26,-9,-24,22,6,26,13,-20,-1,-28,-27,7,-42,-33,-36,18,-17,-1,0,-9,-11,0,4,-38,33,-14,-15,20,-25,-30,-2360,-2359,-2324,-2336,-2302,2391,2260,-2446,-2283,2323,-2312,2428,-2548,-3,18,13,-8,-11,-3,15,10,-3,25,20,13,33,28,-24,1,-21,11,-52,-38,28,23,-3,-6,-14,-5,7,-31,-14,-14,-27,16,-6,18,29,-4,-5,1,-41,-33,18,-2,2,-37,-29,-4,-14,-19,-4,10,-9,8,3,3,-20,6,-12,4,19,5,1,27,-15,-15,-3,7,-9,34,13,12,19,-9,9,-15,-8,-10,16,-9,-27,9,11,15,8,10,7,20,2,-48,1,30,-28,-18,8,5,11,33,-15,-15,-2,-46,-7,-19,-2,14,10,5,-35,21,17,3,-2,-22,-6,3,13,-5,-26,3,6,-1,2,1,-29,20,-8,-21,-1,-7,-1,-1,-2,-1,-2,-2,0,-1,-1,-1,0,-1,-2,-1,-2,-2,-2,-1
-256,12,2,16,-7,-9,18,2,-2,15,-2,-10,-6,-4,8,11,-11,-6,3,6,-6,-8,17,5,2,5,7,7,-1,-12,-16,3,14,9,-36,541,27508,27060,27084,27036,25982,-27912,-25981,27915,25963,-26853,26804,-26843,27347,-425,-22,-16,18,15,11,-1,-5,-17,6,-25,1,9,7,18,1,7,-8,13,13,19,1,15,-10,-12,-19,-22,22,-8,-16,-9,25,12,19,6,20,25,-32,-32,34,37,-249,-10855,-10693,-10662,-10705,-10250,11025,10249,-11020,-10260,10579,-10596,10602,-10813,164,23,36,4,-40,15,-27,-23,-26,44,5,-36,-25,13,-19,6,0,23,-7,-57,11,-22,32,20,4,-6,21,19,9,-29,-3,21,17,-11,44,0,6,13,17,-35,-24,8,2,14,-16,-7,-6,-18,-15,-14,2,-6,-8,-33,-6,4,-4,-10,-28,4,-3,4,-5,-2,24,-10,6,-9,-28,5,-2,-1,-14,-6,5,-16,-9,1,1,9,-4,16,4,5,-28,-7,-9,17,-2,14,9,-15,-1,-13,-29,9,-13,5,11,5,-3,17,19,-9,-3,0,5,-13,26,-8,-4,27,-11,3,1,3,20,27,-10,-7,34,-10,1,7,-13,-2,5,-15,-1,-1,-2,-1,-2,-2,0,-1,-1,-1,0,-1,-2,-1,-2,-2,-2,-1
0,-2,4,8,1,15,26,27,-17,41,16,8,-4,-4,-27,-1,-15,16,9,8,-27,-13,15,-4,-5,-2,-8,-6,26,-9,-13,-4,1,-4,-14,525,27499,27042,27044,27053,25981,-27896,-25951,27895,25996,-26823,26823,-26801,27353,-454,0,-22,-14,-8,-20,1,18,-8,-20,16,-6,19,-8,-8,2,-20,-1,21,-17,-17,16,12,6,7,30,18,2,-24,-34,-28,9,78,74,68,78,38,-24,-38,60,34,-449,-18413,-18258,-18094,-18182,-17389,18755,17443,-18762,-17448,18011,-18081,18010,-18376,270,-11,21,-36,26,20,-8,17,23,17,13,1,-6,28,29,10,16,-7,-4,-34,-6,45,-20,24,-8,0,-6,5,12,-14,-13,12,-1,8,1,30,7,20,-19,4,1,-11,-17,6,-12,-26,11,19,-22,-1,32,-10,10,15,12,-10,6,3,1,-28,-22,-4,-3,20,-31,-17,-8,3,26,4,23,-1,17,-8,-25,1,-6,-7,4,-9,3,21,28,1,-24,14,9,-1,-13,-13,16,-11,12,-2,-1,20,-17,-2,20,-4,-21,-8,-5,0,-13,11,8,-16,30,-10,-27,-2,14,-45,-25,-40,8,-6,15,20,-10,14,-20,5,0,-10,37,16,-1,-1,-2,-1,-2,-2,0,-1,-1,-1,0,-1,-2,-1,-2,-2,-2,-1
0,-20,0,14,5,-15,-20,-17,19,-18,6,7,29,-12,11,0,-5,10,-3,10,16,-19,-5,0,18,-10,-6,-16,19,-24,-21,8,-15,-12,6,541,27469,27044,27076,27052,25945,-27912,-25965,27912,25969,-26804,26844,-26844,27348,-454,20,-19,-1,-19,14,-12,-5,-3,-35,-15,-10,-16,-37,29,30,-11,14,-5,7,2,-10,23,-3,1,6,12,17,27,0,-1,17,80,110,93,61,95,-80,-94,101,83,-563,-24420,-24242,-24125,-24222,-23241,24983,23294,-25011,-23272,23980,-23987,24023,-24503,337,-20,28,21,6,-27,-4,4,-9,17,-3,-1,-3,14,30,0,14,-13,14,-9,15,2,3,-18,-8,7,4,-7,-13,-12,1,-4,-4,-4,-27,-21,-29,-7,0,20,-7,-25,-19,7,3,9,4,1,-5,8,-12,-1,-16,-3,12,-15,27,-16,2,6,7,2,-10,19,5,-2,-18,7,18,8,-2,-1,30,23,5,-22,7,-16,-10,7,4,-19,-10,-12,-28,1,20,-4,13,8,-22,-5,10,-6,-16,-11,8,1,-16,4,11,-6,1,-10,2,17,-31,1,-4,-27,-10,-3,15,16,-23,3,-2,18,-7,-38,7,-8,-24,-5,24,-10,-22,12,-1,-1,-2,-1,-2,-2,0,-1,-1,-1,0,-1,-2,-1,-2,-2,-2,-1
-256,-25,-21,-29,-35,22,-10,11,-16,1,24,-5,-6,-8,12,-40,-32,20,-18,-7,-1,0,6,16,22,9,-3,9,9,23,12,-10,16,-15,-3,550,27460,27055,27054,27021,25967,-27918,-25974,27925,25983,-26813,26778,-26830,27349,-439,0,-25,-44,18,7,-10,-14,-1,-29,-1,7,7,-35,11,33,-9,-5,19,17,-5,16,-5,23,-33,-4,0,5,-5,-8,-27,17,111,104,91,84,82,-109,-153,103,108,-635,-28659,-28360,-28178,-28297,-27139,29181,27181,-29213,-27191,28072,-28086,28065,-28632,456,-10,48,-4,2,23,17,11,13,6,-5,-21,35,7,-30,-47,22,5,27,34,-24,-15,-13,-2,-10,-18,44,-6,25,0,-19,2,8,-15,10,36,-3,-22,10,-6,-16,-32,-18,-19,1,7,-14,9,-8,-19,-1,-17,-3,-4,1,8,-17,20,1,-26,-11,-15,-20,-3,-14,5,16,-2,19,-4,6,-8,-8,19,8,-6,-22,-19,-10,-4,-4,-11,-16,-25,27,-12,-8,-9,-10,3,10,-2,-1,-21,10,6,-18,-10,3,-9,-45,-9,-14,7,5,23,18,-18,0,16,-3,-12,0,-25,24,26,13,1,17,8,16,5,-11,-2,0,-2,-4,32,-1,-1,-2,-1,-2,-2,0,-1,-1,-1,0,-1,-2,-1,-2,-2,-2,-1
0,2,-14,-2,-6,-9,5,16,-11,-15,-1,17,19,12,11,-5,24,-5,-6,9,-23,-4,0,-17,-4,-2,14,-7,7,-5,3,8,11,-16,-24,536,27481,27056,27074,27072,25949,-27919,-25978,27904,25978,-26819,26847,-26833,27356,-434,-10,-10,-21,-19,8,12,-6,18,3,18,-13,-5,14,4,-21,1,-22,-14,-17,-24,26,30,12,-25,5,8,-16,-9,-17,25,-12,125,110,134,73,106,-112,-122,137,78,-737,-30551,-30228,-30052,-30126,-28931,31076,28947,-31100,-28937,29828,-29891,29886,-30491,476,10,15,-24,13,-16,-1,16,11,-32,-27,-15,-31,1,-16,8,0,-40,-30,17,-4,4,-1,9,-38,4,-10,16,16,30,37,22,31,-14,25,-42,-24,-3,-12,17,13,8,-29,-2,-12,0,-4,12,-5,11,15,10,0,18,7,-25,15,-1,13,1,12,-6,-4,8,9,20,-14,-17,14,5,-4,-1,2,22,-4,-16,2,3,13,-18,-4,-5,10,9,18,20,4,4,-13,-9,-6,3,31,-13,18,-6,-5,11,14,4,28,-23,12,1,-10,13,43,5,11,-2,-20,-12,-7,-10,24,-26,6,-32,7,19,11,17,-2,24,-23,-21,11,12,-1,-1,-2,-1,-2,-2,0,-1,-1,-1,0,-1,-2,-1,-2,-2,-2,-1
0,22,-1,7,12,5,2,-22,-2,2,-9,-6,7,-16,-2,-14,-5,10,1,19,-21,-19,-12,0,12,-16,-18,-20,10,-19,19,-4,-19,-8,-27,527,27503,27061,27060,27078,25933,-27923,-25970,27925,25977,-26840,26825,-26827,27342,-427,17,-31,10,-8,17,13,9,-6,-17,3,-17,-21,23,18,-4,-14,16,8,-1,38,15,-34,1,-3,20,28,-11,-4,33,-5,-11,95,101,120,120,102,-122,-69,110,103,-660,-29964,-29660,-29524,-29579,-28368,30535,28409,-30521,-28394,29344,-29353,29341,-29934,524,16,-1,-6,-19,0,-28,19,3,2,21,16,10,22,4,17,8,-27,35,3,51,-47,-20,5,-14,-49,12,-6,3,20,1,18,-2,-12,-10,-37,-21,0,-11,-18,4,23,-23,11,-28,1,-5,-9,3,-2,8,-7,8,-14,7,0,8,5,-11,-2,7,3,-9,3,1,27,34,-17,-11,-21,0,3,-20,28,-1,23,-15,-20,19,7,-3,-10,-1,1,14,-2,-18,-11,-14,-4,1,5,16,10,-13,18,-8,6,-5,-9,2,9,11,15,-6,-13,-10,-27,-20,-16,-2,-14,-9,-5,-9,-11,-9,-2,-12,-23,19,6,-10,-11,-5,12,19,7,-1,-1,-2,-1,-2,-2,0,-1,-1,-1,0,-1,-2,-1,-2,-2,-2,-1
-256,-10,-16,2,-12,-12,11,14,0,-1,10,8,-14,3,-4,-37,12,7,9,-20,19,-4,22,-11,18,-11,4,-32,-8,12,-25,-20,15,14,-5,548,27489,27069,27054,27054,26009,-27886,-25989,27902,25969,-26827,26832,-26796,27347,-425,-21,15,15,-33,-6,-30,22,4,-9,3,0,-6,15,-22,-7,-12,7,12,0,1,-14,10,-5,-18,5,-14,59,-3,-3,-17,17,82,68,54,86,66,-115,-118,128,109,-621,-27035,-26766,-26600,-26658,-25628,27547,25607,-27511,-25630,26450,-26464,26452,-26992,393,2,-47,-40,32,11,2,23,-17,8,8,-14,16,-15,10,-3,-20,14,-26,-26,27,-16,-17,-10,-24,-6,18,23,-2,-15,-26,51,-17,-24,-11,-13,11,0,3,-1,-21,24,-2,-7,-27,1,6,-24,-14,-23,-7,-8,-27,2,17,11,0,0,5,4,15,9,-35,-13,-10,3,-7,11,-18,2,35,-27,9,-12,-30,9,12,7,-7,-13,3,-14,-2,20,16,-5,-12,0,2,-6,-16,13,-27,22,23,-12,-3,-3,-27,-10,-13,9,-27,-24,-18,-18,8,-6,-22,0,1,6,8,3,-20,-2,-10,3,-12,-10,-2,-18,13,6,11,-4,16,-6,-1,-1,-2,-1,-2,-2,0,-1,-1,-1,0,-1,-2,-1,-2,-2,-2,-1
-256,-37,7,-5,6,3,-28,-2,5,-28,8,-12,-11,53,10,19,-3,9,-22,13,-18,-15,-7,6,-26,14,-5,-9,-11,-1,-1,-10,15,6,-9,538,27474,27056,27074,27068,25980,-27903,-25970,27915,25978,-26826,26797,-26844,27370,-418,-22,14,11,-12,-16,-7,-5,1,22,10,22,-14,-13,-7,-5,-8,-15,-6,-24,-11,-25,8,34,-20,-8,-12,27,-6,3,17,-5,102,36,82,89,100,-75,-59,111,70,-508,-21892,-21716,-21565,-21603,-20776,22283,20766,-22298,-20809,21450,-21459,21442,-21911,334,12,16,21,16,-4,-3,-17,4,3,-46,-11,-34,1,15,-5,10,-8,5,6,-1,10,-21,13,14,-14,-16,-30,44,8,41,22,28,1,4,-41,30,-2,-28,0,9,-7,16,-6,22,-5,-23,-10,15,-21,8,0,-21,-22,5,-2,9,2,6,-25,-6,6,11,-2,1,-2,4,-19,7,-26,22,-9,-6,10,-3,11,-7,17,32,9,-6,-20,0,5,-4,7,-13,11,0,-11,-12,10,24,13,0,-15,11,21,6,13,-1,-8,-6,-15,-3,-18,2,8,4,20,-21,-2,-15,12,-15,-9,3,-13,-25,-13,17,-13,-25,-37,8,-10,9,9,-1,-1,-2,-1,-2,-2,0,-1,-1,-1,0,-1,-2,-1,-2,-2,-2,-1
-256,-38,-18,-17,31,-9,11,-10,-15,29,-34,-15,19,9,-34,-16,-26,-24,23,13,8,-5,7,2,-5,-17,13,5,-30,-8,-24,3,1,18,-21,568,27460,27056,27055,27034,25947,-27893,-25968,27895,25977,-26806,26821,-26838,27364,-452,14,13,22,11,-1,23,-11,-2,1,-17,15,-16,-2,33,-22,9,31,-10,-9,4,-15,14,1,8,-28,1,6,16,21,-29,-18,41,61,35,49,75,-51,-66,69,55,-389,-15147,-15008,-14899,-14876,-14269,15366,14223,-15356,-14272,14715,-14737,14739,-14990,222,-9,14,59,-2,-4,-17,10,13,-26,13,20,-13,16,-13,-11,-31,15,0,35,10,-14,9,-34,4,-15,36,-35,12,-41,-7,-11,6,-2,4,19,14,3,-33,3,21,-13,12,-1,-15,-1,-18,14,-18,-15,-9,4,-20,-12,6,-1,6,-14,-26,-14,-8,2,16,-10,17,0,2,-13,-21,-18,2,-1,-7,3,-14,7,-25,-4,-10,-4,15,8,6,9,-3,-40,2,16,7,-23,-12,2,4,0,10,8,6,-5,-19,-29,-7,-7,11,-43,9,9,30,-2,14,-19,-19,34,-26,-15,10,-2,-1,25,11,-11,-2,20,3,-25,8,-12,-1,-6,-1,-1,-2,-1,-2,-2,0,-1,-1,-1,0,-1,-2,-1,-2,-2,-2,-1
0,11,5,-10,-15,-42,7,-17,12,6,10,-8,27,-1,-7,6,18,10,5,-19,27,-3,-10,1,14,28,1,-7,-14,10,-15,22,-6,-2,-1,546,27484,27042,27056,27035,26000,-27928,-25973,27927,25969,-26815,26849,-26823,27344,-402,-12,-5,-4,-15,1,-7,-17,1,-5,-1,7,7,-3,11,6,-20,17,-11,-37,-3,-14,15,18,10,-19,18,8,5,3,4,14,49,23,26,-1,12,-14,-49,12,-2,-184,-7076,-7030,-6965,-6984,-6717,7231,6689,-7113,-6632,6793,-6816,6795,-6960,147,28,-21,30,-12,27,10,-12,-8,7,13,19,44,6,3,30,-3,-26,13,-18,3,-32,-7,-14,25,15,20,10,13,0,-34,16,19,0,-20,-14,-15,15,-10,0,16,-12,13,-33,-27,-16,-12,-13,1,-13,34,1,-5,9,-17,-19,-1,8,3,-31,-6,-1,-6,-11,31,-4,-19,11,21,-2,-2,24,1,10,-4,16,-8,21,4,10,14,25,18,3,-11,0,16,12,-7,-4,3,-14,0,11,13,10,29,30,11,9,-13,6,7,-12,-12,-12,-8,-36,-8,-27,-5,0,1,11,-3,-9,-13,-19,-12,-5,-4,4,-5,-20,10,-6,-13,-22,-1,-1,-2,-1,-2,-2,0,-1,-1,-1,0,-1,-2,-1,-2,-2,-2,-1
-256,21,35,-17,-5,27,-10,35,18,8,-6,-24,-24,10,-7,2,3,-26,8,20,11,-27,-1,-11,18,-10,7,23,-1,15,5,24,12,17,-1,535,27470,27059,27048,27078,25937,-27917,-25987,27904,25953,-26841,26834,-26855,27354,-413,25,19,-11,10,-13,20,-4,7,-6,-21,-3,45,12,9,0,-23,6,-8,27,-10,-16,-29,-24,-13,2,45,-10,-2,-11,-40,-28,-5,-12,-12,0,34,12,33,-6,-20,56,1542,1514,1503,1493,1465,-1561,-1433,1573,1437,-1509,1616,-1615,1626,-27,11,-34,-23,-11,-12,15,44,6,12,-6,28,-13,54,-34,13,-7,2,-14,-5,41,17,-9,5,-25,16,-27,44,-8,38,3,-31,-16,13,-31,14,-32,-22,-13,-17,-15,-17,3,11,-3,-2,-23,6,19,22,4,-27,-3,20,28,-14,-8,-14,6,24,26,9,-19,-5,-29,-17,-8,-4,5,20,-32,5,9,10,3,-34,-12,-18,-4,12,0,-1,29,19,-34,21,14,7,-19,13,25,-10,-32,0,19,-6,14,6,-16,-5,-16,23,3,-18,2,-26,-1,-1,8,1,7,29,-3,-2,11,13,20,-5,-15,32,7,-14,39,19,-19,-27,-14,-24,-1,-1,-2,-1,-2,-2,0,-1,-1,-1,0,-1,-2,-1,-2,-2,-2,-1
-256,6,-7,-22,-8,-15,23,-2,0,-15,-10,8,13,-2,-32,17,-9,-9,12,12,-6,-20,-17,15,21,-30,10,-12,-7,9,-18,-5,4,0,-34,543,27469,27056,27053,27071,25984,-27903,-25964,27899,25947,-26794,26822,-26840,27377,-458,-22,-18,5,28,1,-28,7,-26,-1,-4,-9,36,-29,-31,-17,19,19,-9,18,28,-5,-29,7,-22,1,4,-1,6,0,-1,37,-14,-9,-35,-52,-32,35,35,-33,-34,216,10031,9915,9905,9882,9510,-10207,-9523,10192,9505,-9837,9805,-9838,10010,-160,0,-4,22,-9,9,8,24,16,-10,12,-8,3,16,22,-12,6,-7,4,-3,-11,2,-28,-33,-4,11,0,-3,-8,-3,-11,-2,-33,18,-37,5,0,-10,-20,15,-2,-7,-26,3,-10,-31,-10,26,-23,-9,-22,31,1,21,4,1,2,-23,-21,-8,0,-15,-2,0,17,5,8,0,-1,-27,-7,8,-17,-4,-4,-5,-11,-14,-11,3,-28,4,-24,-9,22,-4,-13,-18,8,-7,17,-5,-32,-10,-11,-11,3,5,23,-16,27,-18,-24,-2,-2,10,0,-1,-13,-30,22,-8,-25,-10,-8,-19,11,4,25,-7,-5,-7,-21,31,-29,33,-13,-30,-1,-1,-2,-1,-2,-2,0,-1,-1,-1,0,-1,-2,-1,-2,-2,-2,-1
-256,-2,8,13,-4,0,-14,-25,4,5,5,-18,-11,-5,-5,-2,6,-17,6,1,-16,-4,23,-25,-22,-4,-5,1,-2,-10,-18,-5,-10,16,-1,554,27478,27062,27079,27065,25968,-27903,-25952,27898,25979,-26814,26814,-26784,27352,-433,1,5,-23,-11,-3,-13,-19,1,9,-5,0,-7,38,-38,-20,24,-35,27,7,-14,16,-2,24,7,19,-14,3,7,-25,-16,-9,-50,-91,-71,-72,-63,62,87,-24,-28,416,17734,17586,17484,17513,16831,-18076,-16830,18068,16765,-17322,17333,-17358,17702,-282,39,-39,47,12,-17,7,26,-2,-22,-29,-28,23,-18,-7,21,-1,16,3,22,-7,-1,-20,-12,-9,-22,25,-2,-28,-36,26,-16,25,-1,-8,-6,3,12,-2,6,14,-8,-9,-6,12,-4,17,-2,-3,8,-10,-28,-2,-6,3,43,5,40,-7,-13,20,-17,-2,12,10,44,5,11,-15,0,-6,16,4,-14,-13,9,-22,14,-33,-16,10,-10,0,-43,1,-16,5,-12,7,4,13,-5,11,0,-1,-3,-4,2,-12,-15,0,-5,-4,-31,16,-13,-19,22,2,10,23,-2,4,3,-16,-9,7,-13,-15,-20,2,-25,10,-8,-7,-7,3,-22,-1,-1,-2,-1,-2,-2,0,-1,-1,-1,0,-1,-2,-1,-2,-2,-2,-1
0,-20,-27,11,10,0,8,-7,-3,14,33,18,4,-6,-8,-14,-7,-1,8,19,4,-12,42,-8,-4,-7,-25,-10,-10,-6,13,-28,3,20,-22,572,27496,27064,27065,27044,25964,-27919,-25975,27918,25965,-26822,26809,-26821,27389,-408,-5,7,-7,-15,-9,14,14,-18,-24,8,6,23,22,-14,-24,3,-7,16,8,-15,29,-20,-3,34,20,13,7,-26,-4,0,21,-61,-66,-74,-61,-89,88,86,-85,-113,534,23960,23776,23626,23711,22785,-24442,-22769,24432,22745,-23510,23522,-23523,23970,-367,-12,5,39,-12,-7,2,-22,37,-12,20,3,3,18,15,18,30,36,-21,-14,17,-19,-28,-20,-61,-38,23,9,-8,-18,-4,16,11,-36,0,27,-23,-14,19,1,14,-1,11,-6,39,9,-14,-8,4,12,-5,-7,13,-13,-2,2,22,34,3,-4,-7,6,2,-11,-12,-7,-22,7,-11,6,27,-13,-10,4,1,-18,2,-25,5,-7,-15,-14,-10,-1,-12,11,2,0,8,23,4,-17,5,-19,-12,-4,5,9,-10,-28,4,14,7,-3,7,4,2,-3,-1,-11,-4,11,13,-26,9,12,14,-7,-1,16,-1,4,-15,-6,13,7,18,-36,-1,-1,-2,-1,-2,-2,0,-1,-1,-1,0,-1,-2,-1,-2,-2,-2,-1
0,2,8,20,6,-24,16,-27,10,-42,4,-26,23,12,-15,-4,-18,-13,-13,-17,6,-17,-3,-35,-2,15,-5,-30,-19,-16,-22,2,-1,-19,-13,555,27462,27052,27058,27062,25949,-27910,-25968,27896,25962,-26821,26828,-26815,27385,-415,-9,-9,-8,18,-1,7,11,-21,40,-3,2,-10,-2,13,-3,21,20,23,35,4,-3,-5,-12,12,-2,9,0,0,11,-28,-17,-85,-99,-78,-62,-92,131,66,-96,-78,623,28356,28019,27880,27932,26854,-28889,-26895,28919,26871,-27765,27777,-27745,28336,-423,-8,9,17,-6,27,5,46,27,14,-26,-30,-36,17,-34,20,-19,41,13,8,-6,28,37,34,19,20,19,-15,1,-8,29,14,21,-19,-19,24,14,8,-20,-35,-2,-26,-3,-4,-3,8,-1,-7,-4,-25,-4,-11,14,8,12,-6,-4,0,-11,3,16,5,-3,-3,-22,-8,-11,-3,-4,17,-10,20,3,5,11,5,2,8,21,-27,-19,-6,-10,-19,35,-8,-23,25,-22,8,2,-10,-3,12,-13,9,31,26,1,-26,-33,-1,16,0,0,21,24,-14,-3,-6,-3,4,-3,5,-30,-12,-6,13,-30,3,6,46,7,-2,-19,-12,-4,-4,-1,-1,-2,-1,-2,-2,0,-1,-1,-1,0,-1,-2,-1,-2,-2,-2,-1
-256,4,-21,10,-20,20,20,2,-7,-2,-16,7,-3,17,-1,11,-17,-11,6,-3,7,-9,6,6,3,7,-13,-17,-9,-1,4,28,6,-2,5,555,27471,27050,27067,27069,25964,-27931,-25984,27913,25978,-26841,26818,-26836,27352,-418,27,-13,-4,-5,4,-45,-15,-13,-3,0,4,6,-11,18,27,-5,16,-13,30,-5,-21,0,2,-13,11,-4,4,3,-9,-21,-17,-87,-86,-115,-153,-95,103,56,-109,-89,710,30448,30158,29943,30056,28840,-31029,-28843,30998,28891,-29774,29813,-29842,30442,-470,-14,32,4,-23,21,31,-21,-14,-1,1,-21,19,17,28,3,-24,-8,-14,20,-6,6,-1,12,-5,-1,26,-4,-6,6,-25,7,11,39,-10,17,18,-10,-29,-1,-42,-9,-23,-11,7,-11,-28,4,-4,1,-12,-5,22,-18,-5,-23,10,2,12,-19,11,24,4,3,20,11,-1,9,15,-27,-6,11,-18,-3,-5,16,-4,-6,-4,19,-23,-3,-32,26,6,1,-19,-19,16,-23,3,1,-8,1,4,14,9,13,24,-44,-16,-11,1,2,18,-10,20,0,-6,-10,-6,-32,-23,10,-10,-9,-7,-2,-13,-7,-18,-10,6,-12,-10,-11,16,-19,-1,-1,-2,-1,-2,-2,0,-1,-1,-1,0,-1,-2,-1,-2,-2,-2,-1
0,18,13,-12,5,-30,1,4,4,-20,-4,-12,-3,-11,26,10,1,8,-44,3,-37,-12,2,-17,4,1,-7,-9,-3,-2,-20,-28,-15,-9,14,565,27487,27063,27041,27059,25981,-27902,-25974,27910,25995,-26833,26832,-26816,27359,-425,3,16,11,25,7,8,-26,-20,-12,14,-1,-27,-14,20,9,-8,0,15,-21,-27,0,-7,-7,29,22,-13,-9,20,-16,2,-6,-84,-125,-107,-83,-89,98,135,-80,-120,724,30092,29855,29658,29733,28545,-30679,-28581,30682,28558,-29526,29452,-29483,30063,-497,-15,-17,5,-25,13,-11,-4,-19,15,23,-19,12,25,-13,-46,-45,4,-23,-14,-7,-44,21,6,11,67,3,-6,-3,-29,-16,-24,-8,9,-20,-16,-6,-20,-1,28,-1,-13,2,-13,-5,-19,-21,-18,7,12,-28,-2,-9,12,8,-20,-20,-12,12,-8,-36,-9,-8,25,-29,21,-46,-5,7,13,-19,4,-21,-29,-13,2,18,12,6,-14,-16,-37,-11,18,-8,-4,-6,-17,-6,-24,-14,-5,-20,-25,1,-3,3,-10,-22,-40,0,-2,-11,22,2,9,7,11,-20,-16,0,-17,32,11,-14,8,9,10,-9,24,32,-2,-18,-24,-2,-14,-2,8,-1,-1,-2,-1,-2,-2,0,-1,-1,-1,0,-1,-2,-1,-2,-2,-2,-1
-256,-8,21,31,3,2,13,24,-19,-3,-2,7,3,-3,-18,3,3,-12,1,7,13,-13,-17,-1,-20,-13,-8,-20,-6,-18,-26,5,11,3,8,539,27482,27041,27082,27041,25988,-27916,-25991,27890,25955,-26828,26838,-26805,27347,-435,16,-5,8,-2,11,-12,24,13,2,4,-9,16,6,-8,0,-18,11,1,22,-17,-23,25,5,-18,-4,5,13,6,-19,-15,-10,-113,-93,-74,-89,-113,93,78,-86,-86,649,27407,27143,26951,27039,26003,-27924,-25991,27865,26008,-26798,26822,-26872,27402,-394,-3,25,-32,8,-36,-33,44,37,2,9,-32,15,-1,16,-20,-13,10,13,-18,25,-22,-3,-25,18,6,-7,-18,-8,14,7,-10,19,23,-18,10,23,14,-13,-23,-26,-2,13,-8,1,8,-23,-4,1,0,-4,33,-1,19,19,-25,-18,-4,10,-33,-19,30,-19,-18,-13,-3,9,2,35,-6,-15,-1,-6,1,12,1,2,21,-2,19,-4,-15,-16,-12,12,-3,4,18,-18,-4,0,16,-15,-24,-23,16,30,18,5,-25,15,0,-33,-1,11,9,-48,23,-6,-11,8,-1,13,-5,-7,0,7,6,14,-18,12,11,5,9,0,31,14,6,-1,-1,-2,-1,-2,-2,0,-1,-1,-1,0,-1,-2,-1,-2,-2,-2,-1
0,-1,16,-10,-2,-17,17,-5,-8,2,-22,15,1,16,1,-26,-7,-5,-12,17,5,-20,18,18,-4,11,9,-12,-26,11,11,1,8,6,-13,545,27509,27074,27059,27070,25960,-27926,-25999,27916,25962,-26821,26814,-26820,27373,-408,5,-1,-5,17,-3,-38,-9,3,-10,-8,2,13,16,15,3,15,32,22,23,-12,-26,-19,-14,-22,-1,8,-24,-9,-2,-3,-25,-31,-101,-68,-51,-77,94,62,-72,-63,509,22489,22295,22124,22205,21349,-22914,-21290,22868,21288,-22002,22048,-22010,22440,-318,-23,-25,-5,-17,6,-22,23,51,-20,32,31,-18,-9,-11,41,26,5,-3,-5,28,-3,-13,-35,-21,-29,0,33,-6,-45,6,-16,-16,-4,29,17,-2,10,-7,-15,-2,19,7,-10,-2,-3,-10,-19,-22,5,10,-39,-3,-9,31,9,-12,-10,-3,2,-5,10,1,-13,-26,3,2,22,8,12,-28,-6,-10,1,-22,-6,9,-6,19,-3,-24,21,22,9,-4,-24,9,10,0,-10,13,-5,-11,14,-13,21,-14,-1,29,24,1,1,-10,7,-6,-4,-2,13,-4,-1,1,-1,14,-45,-2,21,11,11,-7,15,-8,-19,-13,9,16,8,-1,4,-1,-1,-2,-1,-2,-2,0,-1,-1,-1,0,-1,-2,-1,-2,-2,-2,-1
-256,11,-24,-12,-11,5,1,18,26,9,-1,7,-20,34,12,-1,14,-2,19,8,2,14,9,30,17,-12,-14,-11,-11,-11,-4,26,-1,-13,-2,508,27490,27055,27048,27043,25969,-27901,-25963,27922,25953,-26828,26801,-26825,27370,-421,14,-22,-21,-4,-1,-23,-26,-14,19,-10,-7,-25,5,25,9,-17,14,-11,5,-13,8,15,25,1,22,1,-8,-22,0,-18,-6,-92,-42,-67,-63,-42,43,47,-76,-33,348,15876,15696,15578,15580,14943,-16052,-14957,16061,14966,-15445,15457,-15420,15727,-261,4,-19,-32,-2,37,-24,-13,5,-29,-53,12,4,-3,-22,23,-16,6,-30,-3,-7,9,-11,-7,23,-4,-9,-24,-24,1,-32,-6,2,-12,-4,-7,23,-3,-17,-15,7,5,22,16,4,6,-1,1,11,-6,-27,-11,-28,2,-13,15,-9,2,-19,26,-4,-14,18,-9,26,-5,1,-35,-4,-12,-17,-16,-7,-1,-4,15,19,-26,13,21,2,-13,-15,-18,-8,-22,-6,-6,15,-19,19,-7,-36,18,-12,-13,-10,-5,-23,-16,5,-17,2,2,2,5,-2,-26,-12,7,-16,3,-1,-2,-2,17,29,10,7,-4,1,-3,-43,-2,-3,-18,2,3,-1,-1,-2,-1,-2,-2,0,-1,-1,-1,0,-1,-2,-1,-2,-2,-2,-1
0,20,15,10,0,-14,-18,6,13,-8,-25,-5,11,6,1,-18,41,-2,5,-5,9,2,11,8,7,14,-6,6,-1,17,-9,-8,15,-15,-4,545,27508,27025,27028,27072,25969,-27924,-25956,27905,25957,-26820,26825,-26806,27376,-427,7,-6,23,-3,-7,12,14,-39,23,-1,7,21,2,5,-4,-14,5,3,10,-22,-3,24,-26,-16,-13,-22,11,-15,7,32,-10,-65,-22,-50,-38,-57,24,38,-33,-28,220,7913,7869,7779,7813,7488,-8015,-7409,7933,7354,-7592,7627,-7621,7786,-133,6,-22,16,-18,8,15,6,-21,-16,18,24,27,-21,-7,26,13,-14,-3,-3,-2,-25,-9,-20,6,12,-21,12,-27,-15,8,42,-3,5,-10,1,11,-24,26,-14,15,6,13,-14,-2,-12,-9,-9,-3,4,-8,11,9,-5,-16,-7,-12,-4,6,10,9,32,-35,28,2,0,-12,-8,22,9,-20,-33,7,-28,12,-3,18,10,-4,-3,-7,-2,-5,-20,15,-14,4,-4,-8,-4,-8,11,9,-14,0,-3,15,4,-34,-13,-1,26,-5,-13,15,6,6,13,-20,-2,22,-28,4,4,2,10,11,-8,13,-9,6,-10,13,-18,-7,-9,-17,-15,-1,-1,-2,-1,-2,-2,0,-1,-1,-1,0,-1,-2,-1,-2,-2,-2,-1
0,0,-22,-5,-7,4,-8,1,-2,-19,4,-7,-8,-1,-5,5,-6,-6,13,1,19,-17,-16,-1,-23,11,-6,-14,-2,-6,-12,11,-2,-8,-4,529,27485,27059,27032,27061,25943,-27903,-25947,27916,25980,-26840,26834,-26829,27367,-429,-13,11,7,-20,-1,21,3,-6,4,8,4,9,-4,-11,4,17,-14,-15,2,25,-8,-31,-24,5,-33,-31,23,15,5,36,17,-7,-10,38,21,13,11,0,-15,-27,-38,-692,-709,-672,-667,-667,661,643,-712,-678,689,-812,796,-800,30,-15,17,11,-22,-7,-40,17,-4,25,-29,-45,8,-12,-11,-2,-13,-46,22,-24,-30,-30,-5,-12,25,29,-4,-26,-4,-5,-7,3,9,-2,-1,6,-17,-29,-3,-12,1,10,-12,2,-15,-5,-6,2,-21,-18,14,-5,-13,14,-11,-3,-36,15,-4,2,4,9,-24,-13,21,-2,21,-6,-7,1,5,8,-26,-16,11,7,9,22,2,13,-6,-32,-10,19,-5,0,3,-2,-9,-16,12,5,26,22,-7,-15,7,0,-10,-20,13,-1,-26,-10,14,-3,8,5,3,-15,7,-27,36,36,7,-11,-1,27,-4,17,-15,5,3,8,-6,-14,-19,-22,-1,-1,-2,-1,-2,-2,0,-1,-1,-1,0,-1,-2,-1,-2,-2,-2,-1
-256,-18,28,5,17,-2,-14,-22,0,-9,-2,2,11,-13,11,-1,16,9,-9,-5,-18,-6,14,-18,8,4,13,-21,9,7,15,5,-21,-3,-2,536,27459,27066,27076,27055,25948,-27892,-25944,27918,25968,-26812,26815,-26854,27385,-403,25,6,-1,4,-30,29,20,-8,23,-32,-14,-9,8,-29,7,18,9,17,-25,-7,13,8,-19,3,-11,21,-3,8,-20,0,1,59,14,-1,20,-6,-49,-60,12,32,-219,-9247,-9123,-9068,-9122,-8724,9419,8702,-9411,-8755,9060,-9042,9064,-9256,133,-13,-6,28,26,10,18,14,-37,5,22,-6,22,-19,-11,7,-10,13,-34,-18,24,43,39,0,19,-12,-6,-9,56,-18,-19,7,11,2,-34,12,6,0,-13,7,39,27,12,13,6,10,-3,7,4,12,12,-7,4,-13,-4,6,-11,5,-6,-12,11,-8,-18,-12,-24,-1,-9,-30,7,-12,2,2,-20,23,-9,14,14,12,-5,-17,17,-9,-6,2,-28,35,-12,-3,23,16,10,17,-16,11,-16,12,9,-5,6,2,-2,0,-9,-6,8,-3,-25,-14,8,-3,-24,-25,-9,7,17,-8,-4,-10,6,-29,8,-5,12,4,-8,-5,-5,-7,-1,-1,-2,-1,-2,-2,0,-1,-1,-1,0,-1,-2,-1,-2,-2,-2,-1
-256,-15,-26,14,-25,-8,6,12,24,-9,-1,-5,-8,-9,19,1,7,5,-5,-9,11,27,1,-33,-24,-8,-2,19,-3,5,-5,-7,-3,1,-2,544,27479,27037,27060,27050,25950,-27914,-25953,27916,25976,-26798,26804,-26826,27362,-420,-6,12,-20,24,-7,-10,-13,18,-22,-12,-26,1,-11,18,16,-37,16,18,10,17,-7,-22,32,1,-11,-12,3,6,-22,7,31,53,69,63,48,100,-33,-24,63,57,-399,-17042,-16868,-16783,-16810,-16191,17359,16154,-17314,-16163,16696,-16720,16649,-17007,228,15,-22,-28,-12,-4,-26,-1,45,37,-21,-2,-2,-5,-1,-10,-7,40,-1,-20,9,-27,-10,18,27,-1,-48,-5,2,15,-27,-27,39,13,-12,-19,9,7,-7,-25,21,2,-2,-4,-11,-7,20,-12,-15,10,-8,-24,21,-16,-20,-37,-13,19,-4,-7,1,8,19,0,-9,-15,-14,42,-14,0,2,3,-30,7,24,18,5,4,29,15,-9,-5,-1,9,11,5,16,-2,-18,-8,-21,8,7,2,1,-3,0,19,-22,-1,-8,16,-14,25,-8,3,-7,-12,-10,-19,24,0,13,7,8,21,2,8,-3,32,11,13,-18,13,10,-14,21,13,-1,-1,-2,-1,-2,-2,0,-1,-1,-1,0,-1,-2,-1,-2,-2,-2,-1
0,-12,3,2,-3,7,11,23,17,9,-20,-2,-11,-23,27,-7,-17,-5,25,-3,2,5,-16,14,5,20,-4,13,4,-8,-16,2,6,-2,-18,540,27475,27055,27062,27070,25958,-27894,-25994,27932,25972,-26858,26826,-26805,27375,-417,0,-41,4,-10,-24,5,3,21,3,13,18,-10,3,5,-16,6,-5,-7,-27,-22,6,-14,17,9,6,14,15,-11,-24,1,-34,63,80,82,59,80,-93,-76,66,68,-540,-23392,-23254,-23096,-23221,-22256,23953,22236,-23917,-22245,22967,-22998,22982,-23429,350,-32,2,13,-31,10,-30,3,-12,-7,-14,-11,31,25,-3,18,-29,1,10,-55,-20,19,14,1,-13,9,-8,-43,-22,-10,20,-30,-26,13,-8,-12,-21,-17,-9,-29,9,-4,11,3,-3,-7,-18,1,-29,-6,6,-2,-9,-15,-32,3,4,6,3,-23,-12,15,22,-7,4,25,3,20,-26,2,18,-15,10,-3,-1,-12,5,2,-20,-6,-13,-13,1,-8,16,-13,-24,-21,9,-7,-44,-1,32,5,29,9,12,25,5,-16,-27,2,9,-4,-7,0,-2,-15,-4,-20,7,2,13,14,4,-2,0,12,21,-29,-3,-22,-3,13,4,-17,0,26,-1,-1,-2,-1,-2,-2,0,-1,-1,-1,0,-1,-2,-1,-2,-2,-2,-1
0,-4,-20,9,11,-8,-12,-15,-17,30,14,-18,-12,-16,3,16,-3,-16,-2,-5,24,-7,13,-4,18,-7,12,9,-23,-23,14,-10,-10,-5,8,547,27472,27067,27057,27048,25971,-27904,-25970,27894,25956,-26823,26814,-26840,27342,-416,5,13,10,20,4,38,6,-9,2,-5,-26,9,-1,7,-18,-2,-10,0,-3,-28,17,12,-10,27,10,21,-11,-12,-5,14,-48,97,107,80,78,98,-70,-101,92,89,-643,-27991,-27734,-27551,-27650,-26605,28539,26595,-28586,-26570,27441,-27434,27454,-27986,438,-47,-21,-23,-31,13,-4,-36,25,-18,5,-21,25,-19,-4,1,-26,-29,6,7,-19,-24,36,7,6,8,-42,-12,-20,-5,6,-35,2,13,12,5,7,10,-6,-3,-19,-5,8,10,18,19,-17,-20,-10,4,-1,25,-10,-28,-4,15,-16,-6,8,-5,-4,-25,4,6,-31,-8,-2,-16,13,10,18,13,-18,26,-2,-26,-21,-4,-37,22,-7,-4,4,-14,-1,19,-26,-23,2,-19,8,30,15,2,-12,-10,7,9,-1,-11,-6,-20,9,22,-3,-22,36,-9,-9,-19,-8,-30,-3,17,7,-10,16,-17,26,-8,-26,0,9,30,-23,39,39,-21,-1,-1,-2,-1,-2,-2,0,-1,-1,-1,0,-1,-2,-1,-2,-2,-2,-1
-256,-5,10,27,-4,4,7,-3,-14,-5,-22,23,-16,-9,-6,-3,6,20,-27,-3,22,10,-1,8,9,-23,-19,-8,7,3,-7,30,5,17,-5,558,27500,27045,27045,27080,25962,-27899,-25973,27894,25973,-26820,26826,-26804,27374,-429,11,9,-7,-4,12,3,-10,-7,25,-10,-13,16,22,-20,12,9,6,-24,-11,12,24,7,19,20,19,3,-5,-19,8,31,-31,82,105,85,92,88,-85,-110,69,110,-677,-30364,-30058,-29840,-29952,-28769,30903,28764,-30903,-28764,29716,-29717,29720,-30305,468,8,-30,6,13,10,-12,18,-1,-5,-18,-13,32,-18,1,-7,-17,-10,3,13,-8,7,12,-16,9,-31,35,6,-17,25,2,15,-12,3,-8,-10,-24,6,-18,17,-3,17,-1,12,10,10,7,-9,0,16,-11,-2,-17,-20,1,10,-17,32,-19,8,-4,-32,20,-6,-9,-7,-20,6,-1,0,-5,28,-1,-21,1,16,-40,-12,-7,3,17,9,7,1,7,9,-7,1,-1,-1,14,-17,-14,17,11,-36,9,29,15,-7,14,26,-6,-5,11,-25,-10,-11,8,-20,13,2,-6,-1,16,-9,24,7,6,-15,-11,-11,8,-2,2,-2,6,9,-1,-1,-2,-1,-2,-2,0,-1,-1,-1,0,-1,-2,-1,-2,-2,-2,-1
0,22,-8,-19,3,0,16,1,-18,-6,-24,-7,1,-9,-2,8,-7,25,1,5,15,-2,3,22,7,15,2,-1,-6,-18,4,-10,7,11,-13,541,27519,27043,27051,27044,25963,-27908,-25964,27897,25974,-26819,26822,-26861,27372,-396,-24,-15,-8,25,27,-7,23,-14,-22,16,2,-3,4,0,23,-21,7,18,-17,5,-18,6,8,-10,8,-16,-6,-8,24,-50,3,84,106,91,109,128,-99,-123,111,81,-688,-30240,-29951,-29796,-29842,-28671,30804,28691,-30821,-28686,29657,-29637,29651,-30241,455,28,-18,-11,-12,-8,-14,37,19,-8,-2,10,14,-14,-11,62,2,-2,-11,4,-36,16,11,-7,23,26,7,2,-12,29,-32,19,-6,-27,-5,-21,-20,-31,-20,-2,16,6,19,5,10,-3,-5,11,20,-13,-18,-18,-29,25,10,-1,1,-2,-21,-5,4,-7,-6,-23,-11,-28,11,6,-2,2,16,17,0,-25,-20,-22,-4,-13,8,-5,13,10,13,3,17,3,-17,0,14,-18,16,-1,-25,-21,11,6,7,0,-20,11,19,18,-22,-28,-8,5,-27,2,8,-21,8,-25,3,0,-2,-14,-6,0,-32,15,26,-8,2,9,7,-7,16,3,-1,-1,-2,-1,-2,-2,0,-1,-1,-1,0,-1,-2,-1,-2,-2,-2,-1
-256,-26,6,4,-2,-12,-12,-12,8,-4,2,11,-3,28,28,15,27,1,10,11,15,5,14,23,-9,9,-25,-22,-3,-21,1,5,-10,-14,4,554,27476,27063,27070,27046,25969,-27899,-25967,27914,25973,-26826,26801,-26832,27359,-437,-4,-7,-12,-20,8,-11,-18,-29,34,0,-13,2,6,10,-15,10,33,6,16,-11,-14,-10,17,14,10,9,-21,-27,-4,-6,-16,98,141,99,93,95,-98,-97,104,72,-616,-27744,-27510,-27346,-27418,-26307,28312,26328,-28329,-26350,27144,-27214,27195,-27711,411,12,-5,-17,0,8,15,30,6,-4,-16,6,-22,-19,0,-5,21,4,9,1,-36,-3,19,-25,-18,3,-8,23,-11,-1,48,15,-28,31,-2,-11,-4,30,2,11,10,15,0,-1,-12,6,-2,-11,5,-32,-3,-4,0,12,10,43,18,-17,-12,32,-9,-13,-7,-7,28,-22,-26,-29,-6,-32,6,8,14,-1,-5,-22,2,23,7,-4,-6,-6,0,10,14,-20,-26,3,-6,-14,2,6,-15,-25,-6,-4,29,7,6,-1,-4,-18,12,9,-6,-20,-5,4,15,0,15,-18,4,19,-5,-18,-17,-3,2,35,-12,-6,-4,6,-9,-7,1,21,-1,-1,-2,-1,-2,-2,0,-1,-1,-1,0,-1,-2,-1,-2,-2,-2,-1
0,-8,3,-12,9,26,-15,-18,-8,9,-10,-22,-5,27,-15,-14,-3,-29,-6,-3,-17,-22,26,1,6,-5,13,-22,15,-23,11,8,10,-9,-12,547,27470,27055,27047,27038,25963,-27922,-25977,27892,25998,-26822,26813,-26844,27371,-439,20,-4,-5,-1,3,15,-2,5,-11,-1,-8,-4,20,-6,16,10,6,4,-9,31,3,17,2,-54,-4,14,5,-13,-20,-6,-15,106,53,92,71,126,-106,-30,51,59,-568,-23029,-22847,-22679,-22737,-21810,23431,21834,-23480,-21842,22567,-22556,22545,-23047,378,20,5,-9,-41,-58,-10,-32,-12,37,26,4,-65,26,38,-9,-20,4,21,-17,-15,-15,-3,0,-5,8,6,-19,15,44,15,-6,-29,-3,-18,-13,15,-8,-1,4,20,-2,0,-8,-2,7,-21,-25,18,15,0,-24,0,23,-4,2,-2,-9,-2,1,-16,7,-13,-7,-20,-22,-20,-1,-12,-1,4,6,21,-5,3,-1,-1,4,4,14,-31,7,21,12,-11,0,-3,-24,4,7,5,4,-4,14,-17,13,-16,5,9,-39,25,6,-19,-15,0,16,-3,-10,21,-13,-44,-1,5,-15,-6,-6,12,18,-12,-31,21,-11,7,-14,-23,-3,-11,-18,-1,-1,-2,-1,-2,-2,0,-1,-1,-1,0,-1,-2,-1,-2,-2,-2,-1
0,14,-20,2,12,1,7,10,-3,18,-7,-24,-9,-15,22,-2,3,12,-2,-3,-7,-9,-12,-8,-5,-19,0,20,10,-18,-6,-7,-11,-6,24,511,27467,27041,27062,27062,25963,-27914,-25987,27908,25984,-26821,26817,-26828,27394,-418,-23,26,-14,-35,7,22,8,-12,-18,4,19,7,12,15,-8,-21,-5,-6,6,18,26,-6,-21,-7,3,16,-16,-9,-18,26,-14,76,46,95,58,49,-61,-81,37,50,-369,-16573,-16418,-16168,-16244,-15608,16807,15630,-16773,-15625,16126,-16137,16187,-16460,258,16,22,-20,-4,6,39,11,-18,21,2,35,-20,16,0,-13,5,-20,0,-27,-33,-3,-4,-33,0,31,37,-20,-3,-16,-4,58,24,-26,2,32,21,-7,6,-10,-23,14,-17,-9,-4,-3,8,-14,-6,13,6,5,-10,0,18,11,17,-18,-30,-26,14,-6,-4,12,16,5,35,-21,11,-3,22,-16,10,-18,-8,-14,-5,-13,-25,-4,-26,-27,8,-5,-11,12,-11,1,-18,-2,1,34,-26,-8,-11,18,8,-8,5,-14,-4,8,32,11,-9,10,-26,3,5,33,-26,-5,-4,-14,2,7,2,22,27,20,15,-15,-4,-14,13,7,7,2,-1,-1,-2,-1,-2,-2,0,-1,-1,-1,0,-1,-2,-1,-2,-2,-2,-1
-256,-2,23,6,-18,-10,42,-13,-8,29,14,6,17,-6,14,8,26,25,14,8,-12,-16,10,8,-6,-2,-13,-5,-13,-2,-25,-1,12,1,10,542,27479,27060,27071,27056,25983,-27916,-25962,27919,25976,-26821,26823,-26842,27356,-424,14,-26,0,-2,8,12,-5,-20,13,23,-41,24,-5,-23,4,-9,-6,4,12,-25,30,-4,16,-39,26,3,-9,-10,10,19,4,68,30,50,84,12,5,-44,41,34,-218,-8739,-8608,-8602,-8595,-8242,8886,8171,-8764,-8114,8422,-8395,8435,-8604,145,40,-3,19,-7,3,-19,-36,-12,-2,11,-7,10,1,9,24,8,21,10,7,-28,-18,-32,30,16,26,28,29,-2,-7,-10,-5,6,22,34,34,5,12,-45,-3,11,-11,-14,-2,-3,-14,-14,25,-6,-20,10,-22,-10,-7,26,-6,-12,-10,-18,-13,1,3,19,-18,-5,-13,-13,5,7,9,-22,11,-5,19,-4,10,-15,3,7,-6,20,8,-7,12,-28,1,-15,-12,-20,17,13,-5,-11,-2,-21,-11,18,2,4,-6,3,7,3,-22,0,-35,0,22,-3,-33,4,13,-17,-22,5,-2,22,-7,-9,-20,15,1,-25,-24,-25,0,8,-14,-1,-1,-2,-1,-2,-2,0,-1,-1,-1,0,-1,-2,-1,-2,-2,-2,-1
-256,2,-16,-5,11,10,9,-8,10,-10,-4,-12,22,-8,-2,-8,-14,5,-7,1,-8,19,-17,20,13,22,8,16,9,-15,-3,-9,8,-21,-12,550,27488,27067,27071,27059,25979,-27919,-25963,27890,25961,-26832,26848,-26839,27360,-414,-8,-5,15,8,-12,15,-4,-11,-13,-2,-25,2,7,6,22,6,4,-20,-8,9,-6,25,18,-18,6,-21,14,-9,-5,-2,-25,-6,-6,17,-38,-2,2,-2,-21,23,-22,-154,-127,-158,-142,-169,148,164,-155,-139,150,-62,32,-29,-10,29,-15,11,21,13,-11,11,-14,5,18,22,-7,-17,-8,-2,3,-34,-6,9,-6,8,15,-42,-14,-21,-25,8,20,22,17,-4,-25,-52,-25,-3,0,35,3,-8,7,-13,14,6,-4,36,-13,-36,2,18,-8,13,-11,-2,11,13,0,30,0,-16,8,-19,15,-7,11,-7,-1,-12,35,-16,-9,29,-2,-16,-29,1,-13,9,-19,7,-17,14,-22,-4,-13,5,-2,15,8,11,-6,-45,4,24,11,-19,-6,-37,-20,-57,-8,-18,-10,11,18,-3,-12,-10,-1,17,3,-15,24,18,-23,7,-20,16,-2,-22,3,-20,-3,23,5,-1,7,-4,-1,-1,-2,-1,-2,-2,0,-1,-1,-1,0,-1,-2,-1,-2,-2,-2,-1
-256,33,33,1,10,1,-4,-12,-7,0,36,29,11,12,-21,-9,12,-15,14,6,15,22,-10,-20,19,-15,14,12,10,3,15,21,15,-37,15,558,27477,27031,27049,27056,25953,-27931,-26006,27909,25967,-26847,26811,-26819,27356,-448,10,6,10,-7,-17,11,1,8,18,25,14,-24,8,1,11,7,19,1,10,6,-15,-17,-23,4,4,13,7,-29,-21,12,1,-1,-55,-41,-32,-34,41,54,-21,-17,229,8435,8343,8292,8322,8013,-8565,-8011,8575,7985,-8243,8211,-8291,8385,-158,-33,-45,35,37,-5,-13,-3,-23,2,11,-11,11,31,-15,-14,40,6,30,17,-28,23,11,-3,-4,3,-6,14,20,4,8,25,-6,-7,11,-11,10,11,-11,21,-9,-6,8,6,-12,-22,-16,-19,-2,10,2,7,-1,23,-1,-34,-1,-1,1,18,-30,-6,-9,11,-8,1,0,-2,-35,0,20,-27,-3,9,-20,-16,-9,-5,14,32,0,12,-15,-21,23,12,-20,-7,-11,-18,-29,0,-3,9,6,-12,0,8,-12,-10,-13,-24,17,-21,23,-11,3,-8,6,-9,28,18,13,-21,-12,15,-6,4,4,-1,4,18,-28,-3,-11,-13,8,15,-1,-1,-2,-1,-2,-2,0,-1,-1,-1,0,-1,-2,-1,-2,-2,-2,-1
-256,32,2,-8,-5,4,-18,18,-4,-12,-22,-4,-6,-2,6,-42,0,-4,23,-4,14,-6,-21,-24,-12,13,10,8,-19,-3,-16,2,-15,-2,-18,526,27491,27086,27068,27056,25989,-27936,-25964,27912,25969,-26806,26799,-26829,27380,-425,-24,-27,-11,4,-4,8,-10,-3,-1,22,-7,-15,-4,0,13,9,-6,-28,11,-5,-15,-9,26,-2,16,-29,-15,18,-67,33,-23,-108,-94,-89,-107,-111,108,105,-43,-38,345,16320,16193,16070,16126,15464,-16633,-15463,16650,15487,-16002,15956,-16008,16310,-253,-17,-11,6,-14,12,-7,9,-27,35,24,4,-21,2,-15,-3,-7,-38,43,15,32,-3,-3,-6,-6,17,11,-7,12,39,-4,-8,-32,6,7,-4,-36,-29,11,13,-19,19,-4,-7,1,-5,-7,14,22,3,10,7,-4,-29,-8,4,-1,-7,2,10,20,11,-12,-18,14,19,8,15,-1,-2,1,21,7,8,-25,-14,-13,-8,-15,-6,7,-11,0,-15,11,4,4,-3,21,-12,23,-24,-20,-3,-18,-5,-22,15,9,-26,2,-15,-27,18,3,-9,-7,30,8,5,10,-7,4,-7,24,19,-20,26,-8,-4,2,5,15,15,-17,-28,-3,12,-1,-1,-2,-1,-2,-2,0,-1,-1,-1,0,-1,-2,-1,-2,-2,-2,-1
0,25,18,-17,11,-5,0,1,-17,23,-3,-35,-18,-19,-14,10,-5,14,-7,16,13,-21,0,12,7,-6,15,-25,2,21,-23,-1,4,4,-11,512,27470,27066,27044,27043,25956,-27906,-25960,27898,25966,-26827,26860,-26826,27356,-455,-19,-9,33,-24,0,-16,-10,-8,-14,-5,11,-21,12,9,-16,-18,-19,10,-17,-1,8,2,31,22,-10,7,-5,-19,-8,5,-28,-67,-101,-71,-67,-85,49,72,-66,-70,510,22906,22708,22555,22662,21736,-23354,-21750,23352,21740,-22429,22488,-22463,22905,-357,4,-3,27,-36,2,-20,-4,12,1,9,0,-17,22,-22,-33,-1,-8,-12,1,-6,24,17,-11,-28,-32,17,-16,22,-18,-9,26,-1,-8,-25,-37,-13,-1,-7,15,5,5,-3,21,0,-2,-1,5,10,6,-6,-9,21,28,-27,13,-2,15,3,9,-2,13,6,-13,-19,0,-28,10,20,-8,16,-7,-6,8,1,-12,-2,0,-20,-25,-19,-11,8,10,-12,1,-22,-14,-5,6,2,4,-8,4,-1,-7,3,21,3,0,-2,1,12,22,-18,17,-7,-10,-32,-8,20,1,3,4,0,6,-11,5,-8,16,-8,15,-12,-7,-15,-11,-22,-30,-1,-1,-2,-1,-2,-2,0,-1,-1,-1,0,-1,-2,-1,-2,-2,-2,-1
0,7,-7,-1,7,1,-4,-13,9,11,15,-16,-6,-22,-3,-2,44,9,1,-7,-21,-37,2,3,-15,-13,13,-5,-21,-10,3,-17,-3,10,0,561,27494,27053,27044,27053,25985,-27937,-25997,27912,25986,-26820,26813,-26829,27349,-426,18,9,-28,22,-6,-18,-20,5,15,-9,37,7,-4,-8,1,29,9,-8,-24,8,2,0,-22,7,-11,-1,4,-6,12,8,1,-79,-96,-82,-99,-103,50,77,-104,-90,656,27624,27393,27184,27289,26279,-28207,-26237,28184,26235,-27087,27121,-27105,27659,-408,-40,-5,-5,17,8,17,1,-7,9,-8,0,-10,20,-2,33,0,3,4,-15,20,34,11,-7,-46,-11,-5,-22,3,8,18,-11,-12,-20,35,-19,-40,-13,-1,10,20,-19,36,31,4,-18,-22,7,-42,20,-2,22,-3,3,15,-12,-7,0,-8,0,27,8,1,-30,13,0,10,15,-31,-3,-4,-6,-19,6,-30,-40,-17,-7,-3,-17,12,-11,6,-16,-35,-7,-8,6,7,-15,-19,5,-6,4,14,-35,22,-4,-2,-4,-7,5,8,-8,6,-7,1,-33,11,-13,-14,-12,-10,-2,3,16,-15,9,-5,10,11,-18,20,18,-22,5,19,-6,-1,-1,-2,-1,-2,-2,0,-1,-1,-1,0,-1,-2,-1,-2,-2,-2,-1
0,-10,4,15,13,-4,-23,23,-20,11,51,-23,22,-6,-26,17,5,-16,-16,-12,5,4,-6,6,2,9,-3,5,-20,26,11,-4,-13,24,-19,527,27504,27063,27028,27076,25985,-27934,-25997,27912,25970,-26833,26831,-26819,27363,-417,-4,-5,11,-20,-4,2,-6,-19,13,-37,-13,-25,-8,-1,2,-18,-34,8,19,20,30,-34,1,-13,11,-13,5,4,3,-5,3,-105,-88,-69,-87,-122,114,102,-134,-85,679,30178,29915,29733,29834,28598,-30783,-28635,30776,28672,-29610,29597,-29646,30223,-476,14,-9,9,39,-22,7,-10,-20,38,-4,-26,24,-10,-11,24,-2,13,-20,7,-3,3,21,1,26,36,-1,-15,14,14,-8,-6,-32,4,3,-31,0,-12,-14,-26,-10,17,15,-12,29,-31,20,16,1,10,30,4,-16,-7,-10,5,-1,-4,-8,-3,-40,-4,-4,-5,17,-23,11,4,5,14,-14,-5,-4,-9,13,5,-9,4,-7,33,10,34,11,-32,-8,11,14,17,2,0,-7,-14,-2,13,0,-9,-2,26,22,-8,3,-10,-14,8,0,-7,6,19,41,-15,4,-1,-12,20,-4,18,-8,15,-6,13,-11,20,-2,12,12,-22,-5,-17,-1,-1,-2,-1,-2,-2,0,-1,-1,-1,0,-1,-2,-1,-2,-2,-2,-1
-256,-19,8,-22,-6,-24,27,2,7,2,-36,12,6,-18,-14,-9,-3,7,1,14,13,-10,17,-18,-39,-25,-14,8,-32,11,8,9,15,-7,-1,548,27441,27052,27039,27063,25986,-27906,-25978,27907,25974,-26853,26826,-26865,27327,-425,-10,-30,-6,3,2,-9,-22,17,30,-22,-13,-20,-8,-22,-4,4,-24,-22,-24,14,-25,-7,-16,-1,-35,14,-14,30,-13,2,-24,-113,-109,-124,-70,-109,119,97,-109,-86,712,30367,30129,29881,29988,28782,-30973,-28825,30963,28790,-29731,29711,-29725,30322,-470,41,22,44,13,16,2,-11,-8,22,-30,35,0,16,-17,-25,13,-28,-5,25,31,0,-18,6,-16,-1,-38,42,40,7,47,-12,-39,43,17,0,-14,-8,-8,-24,-15,1,7,16,-24,12,-10,-3,10,24,11,-1,-6,-3,2,1,-1,1,-18,-17,11,8,25,2,-9,-7,11,-14,-10,-20,5,19,-14,-18,20,-5,1,9,-15,10,-13,15,10,22,13,-10,11,-12,-16,-5,10,14,13,-5,17,-15,5,-4,-14,18,2,-7,5,16,-3,-2,-12,2,1,5,-7,-28,-37,22,2,-19,-6,17,8,26,23,-11,0,-2,19,3,7,-9,-1,-1,-2,-1,-2,-2,0,-1,-1,-1,0,-1,-2,-1,-2,-2,-2,-1
-256,-5,18,20,18,-5,-19,-5,-16,11,4,-1,22,18,-22,-9,13,-7,5,9,-28,13,23,-28,11,10,-8,6,-21,2,-13,2,-26,16,-12,540,27457,27052,27051,27058,25967,-27890,-25962,27893,25970,-26832,26803,-26798,27336,-413,4,8,-25,1,0,-28,16,29,-7,-39,3,-5,29,-28,-20,14,20,-22,27,11,1,-9,-26,1,-4,-28,29,0,-25,-21,-28,-65,-123,-110,-75,-84,113,119,-65,-64,658,28109,27815,27631,27781,26680,-28648,-26667,28642,26608,-27524,27521,-27513,28051,-422,-41,-48,-18,-26,11,3,15,-33,-13,-9,-6,-28,-16,31,28,11,9,-27,-20,-28,-7,14,15,-1,10,-10,41,-5,-35,-27,-24,13,6,19,17,10,-45,-18,17,-31,24,1,-2,-6,28,4,21,-17,5,-1,-7,-10,-19,20,15,-8,22,30,-5,-11,12,9,-28,-7,-11,1,8,4,-2,17,-7,-24,-11,17,-4,-13,10,-6,11,-9,16,2,-17,17,20,25,-2,7,21,-10,27,-4,0,-24,7,34,-7,-9,-5,-10,-13,10,-23,8,17,18,4,-5,-8,13,3,3,-22,-6,10,7,-14,7,0,3,-28,17,2,16,-9,-13,-10,-1,-1,-2,-1,-2,-2,0,-1,-1,-1,0,-1,-2,-1,-2,-2,-2,-1
0,1,1,-28,-4,-21,-4,-18,12,18,-14,-5,-14,-9,9,19,-26,9,-18,-5,-29,3,8,3,15,11,27,-11,-2,-7,-6,13,3,4,16,546,27501,27040,27060,27050,25991,-27927,-25956,27893,25988,-26812,26801,-26824,27399,-410,31,5,30,-11,21,-8,-17,20,-17,-9,1,11,24,13,19,-8,8,-28,23,32,-7,15,-5,1,13,17,-3,4,-5,13,-1,-97,-65,-120,-71,-102,66,70,-90,-116,517,23602,23392,23204,23325,22376,-24055,-22362,24042,22378,-23089,23116,-23135,23560,-365,29,-2,-12,23,29,-35,-4,28,11,30,16,-20,-1,15,26,36,-27,-2,-24,12,-2,30,-9,13,-3,2,18,-5,0,-19,4,-24,3,-12,-18,-21,14,-6,0,-3,24,-2,-13,-14,-14,-7,-6,-21,-5,1,3,-35,-28,-2,3,-8,12,16,1,-31,-18,34,-12,-6,-16,5,-5,-6,-3,4,11,7,-16,-15,-20,7,-10,-4,-4,14,-10,10,18,-6,-31,-5,3,-6,-14,-10,-8,18,-8,-5,-4,-8,-16,2,-26,35,33,19,-8,4,-15,-3,17,22,7,-8,-5,-11,9,-4,-2,-22,1,12,-6,3,-9,-5,0,-5,3,-23,-16,-1,-1,-2,-1,-2,-2,0,-1,-1,-1,0,-1,-2,-1,-2,-2,-2,-1
-256,26,-12,-19,7,16,18,-2,6,-2,-16,10,12,9,-3,7,-31,28,-7,-34,-16,6,-9,15,23,19,-4,12,-4,-2,-12,7,22,-12,17,533,27504,27040,27062,27051,25965,-27922,-25976,27895,25934,-26854,26837,-26824,27337,-431,-6,22,-16,-20,-29,-12,-6,-9,-2,-7,-4,4,-14,8,0,-20,-23,26,17,-17,12,-4,14,9,8,-8,3,-6,-2,-8,8,-74,-50,-90,-92,-58,53,61,-53,-82,408,17306,17130,16886,16987,16296,-17522,-16267,17448,16327,-16825,16842,-16827,17214,-283,16,3,-17,-20,8,-37,-8,41,-1,-28,-6,-20,-34,-7,-8,18,-27,27,13,-3,9,-45,-16,-49,30,-4,-8,-2,-32,11,19,24,-16,-13,7,8,-31,-1,-17,-1,-21,3,2,-2,-25,-2,0,-22,3,-12,-5,-8,-1,16,2,-6,-16,-3,-10,0,11,-12,14,-22,16,-15,-35,0,-13,-9,-25,-23,23,-8,-13,-17,-10,-7,14,-15,0,13,-23,-5,-20,-37,-25,-38,-9,8,17,7,12,24,-23,-21,6,36,25,8,-25,0,-12,-6,6,-18,9,-10,-5,20,8,-14,-16,17,30,-9,-6,-2,10,-9,-15,-19,-1,13,-31,-7,1,-1,-1,-2,-1,-2,-2,0,-1,-1,-1,0,-1,-2,-1,-2,-2,-2,-1
0,-15,-17,17,-20,6,22,-14,-10,8,-7,27,-12,-11,27,28,20,-21,27,13,5,35,8,27,-13,12,-7,-5,-31,-4,21,-47,-12,25,-1,553,27475,27091,27069,27053,25979,-27896,-25971,27905,25988,-26830,26804,-26839,27379,-437,-11,-27,-2,25,10,-1,11,-15,-1,-3,-9,8,-2,-7,-35,-49,0,-6,21,-13,4,-11,-3,29,0,-8,-5,-23,-11,-10,7,-52,-15,-66,-26,-80,41,53,-44,-1,238,9552,9446,9401,9408,9021,-9593,-8930,9581,8950,-9244,9218,-9213,9407,-191,20,-24,23,-16,0,15,7,-25,-1,-19,-1,-14,-2,11,0,36,-30,3,-17,42,18,-4,24,3,-2,17,29,2,2,-13,34,-33,46,10,9,-26,-22,1,-22,-16,-26,26,-31,12,-38,20,4,-11,-25,-5,17,-12,-24,0,-22,7,8,5,25,21,-5,13,9,27,-16,1,13,-5,-1,-28,-6,12,-12,3,8,4,-12,-2,-19,-2,-28,2,-9,24,2,-4,-31,-2,8,7,-9,11,9,-10,-7,5,-14,8,-7,0,9,16,-17,-15,-17,-1,0,23,-7,5,1,11,-13,12,-3,-1,-10,15,-1,18,12,0,2,-12,-15,-15,3,-1,-1,-2,-1,-2,-2,0,-1,-1,-1,0,-1,-2,-1,-2,-2,-2,-1
-256,-24,15,24,-27,-7,11,-25,17,-26,4,-5,-3,21,-16,17,-15,-2,21,-6,-1,-17,-2,-4,3,-21,9,5,3,-23,-41,-17,5,8,-8,530,27462,27048,27050,27042,25980,-27914,-25969,27916,25971,-26828,26820,-26843,27359,-415,-8,23,-16,-4,30,-5,16,27,31,-7,-14,-9,36,-15,30,22,15,8,27,27,5,-2,22,-16,-16,-30,25,24,2,-3,26,-21,-6,5,-33,-44,-17,0,-28,-8,46,959,1024,936,967,943,-1017,-946,1018,930,-888,881,-879,898,-37,3,9,18,-40,-16,8,-44,20,10,-13,12,-47,6,-14,-11,-6,-27,14,0,32,24,-8,-13,-39,18,-15,9,-10,7,-5,-4,1,2,2,4,2,-12,2,-20,-49,-20,-6,-1,-5,-9,9,6,-15,7,13,-7,7,0,-17,-23,3,1,10,-14,11,6,16,-18,-18,24,7,-9,-17,16,1,-19,-20,-11,6,14,36,13,2,-32,0,9,-2,-55,-6,-4,-12,3,-14,-24,-6,-5,-5,12,2,-2,-24,14,24,-15,-4,-9,-28,-9,-1,-11,30,3,9,-4,-41,-3,-4,13,0,-1,10,-13,21,10,10,-18,-10,-13,9,40,1,3,-1,-1,-2,-1,-2,-2,0,-1,-1,-1,0,-1,-2,-1,-2,-2,-2,-1
-256,-24,-6,2,-9,6,-18,23,16,-16,20,-20,5,15,27,7,12,-5,23,-5,-17,3,1,2,-1,7,-18,-10,16,-22,-22,4,1,-13,19,539,27486,27038,27035,27031,25962,-27910,-25970,27877,25979,-26833,26837,-26819,27376,-416,-21,-21,-18,-3,19,15,10,15,7,-11,32,15,7,-16,-27,0,20,31,-14,-14,-28,5,-2,6,1,-6,-2,2,24,-19,21,6,23,35,52,47,-41,-28,56,15,-177,-7601,-7525,-7469,-7498,-7217,7793,7250,-7746,-7199,7461,-7405,7519,-7576,98,-15,-11,35,-4,-18,2,-48,7,30,-6,40,-1,26,-18,8,2,-11,41,-7,1,-5,16,0,-23,2,-13,-8,-42,-18,-12,1,13,6,30,47,-11,-4,-18,16,4,1,-3,12,4,1,1,-1,-7,-27,7,17,1,5,1,1,29,-3,2,-7,9,-4,-10,7,-1,-10,1,25,28,18,27,9,15,-20,-7,0,2,-18,2,-1,1,6,-26,21,4,3,6,4,-6,-5,-10,-5,-1,0,-4,-22,2,1,1,-6,-7,23,-7,-20,21,11,3,6,6,-1,-6,-26,-5,-10,4,-19,-5,11,10,-22,17,8,21,-4,-13,-17,-9,17,-1,-1,-2,-1,-2,-2,0,-1,-1,-1,0,-1,-2,-1,-2,-2,-2,-1
-256,12,-31,21,-20,21,6,36,11,17,-7,18,15,-1,24,3,17,27,-13,13,-10,-21,11,-1,-10,2,-14,1,16,-6,20,8,24,-1,-11,544,27489,27062,27072,27053,25989,-27902,-25978,27904,25996,-26824,26819,-26823,27375,-420,-11,-16,-23,0,15,-7,14,13,-21,4,-21,-10,15,7,18,4,7,-9,15,21,-16,-1,-3,-17,8,16,-4,34,4,4,49,41,61,36,25,26,-29,-35,63,44,-346,-15614,-15484,-15387,-15423,-14830,15923,14777,-15892,-14732,15255,-15226,15270,-15621,255,-7,15,-34,-17,-43,-25,-29,-6,21,-11,-3,-19,-23,-49,-4,-11,15,0,20,-2,-12,-1,-27,40,-28,23,-2,17,-5,-25,-5,-2,4,0,-30,-34,4,-29,-13,-2,10,2,-6,-3,9,-30,9,19,-1,-13,6,-13,5,14,-11,-7,4,11,-2,1,13,26,2,-8,-2,-6,-10,-5,4,-2,-31,-5,-5,-11,-4,12,1,28,16,6,28,-38,-12,-23,11,-11,13,-3,9,-16,2,13,15,13,-22,24,-7,-10,-16,11,-8,-15,14,2,41,27,-18,17,1,-22,-50,15,-2,8,-10,23,7,20,4,3,-37,7,-1,-13,22,5,1,-1,-1,-2,-1,-2,-2,0,-1,-1,-1,0,-1,-2,-1,-2,-2,-2,-1
-256,-12,23,19,0,-37,29,12,-2,-21,-9,5,-8,-10,-20,-1,1,2,2,-11,13,-11,18,-29,-12,19,8,-9,4,-19,-20,8,18,6,-23,507,27452,27040,27056,27050,25984,-27910,-25958,27879,25959,-26801,26842,-26816,27368,-443,-21,-8,-14,-1,8,10,6,12,-25,1,-5,3,22,-22,-25,-27,-29,25,-12,8,16,-49,-9,-28,-2,0,32,5,-14,33,-16,118,68,71,55,63,-74,-119,81,90,-524,-22372,-22163,-22023,-22076,-21208,22724,21213,-22803,-21188,21879,-21876,21899,-22310,341,48,4,1,33,-14,-7,-22,-5,1,32,8,-27,26,38,28,9,-17,-15,8,-16,-11,12,-10,-22,-5,-40,32,-23,-22,13,8,-42,-7,4,10,5,-56,10,3,-19,10,10,-7,-14,-20,8,-2,-13,-16,-7,-10,-3,-6,6,4,-14,-8,-17,-25,-4,-5,-12,-11,-22,-20,-17,-6,-12,-6,-1,7,-29,-29,-2,3,1,18,-12,1,10,25,17,1,-39,-3,-21,-5,8,8,-15,-15,-19,-8,1,1,26,-7,-3,0,1,-15,23,-5,8,5,23,-8,15,-10,-7,0,2,12,7,-15,-12,15,23,6,21,-1,23,-16,12,-13,-36,-12,-1,-1,-2,-1,-2,-2,0,-1,-1,-1,0,-1,-2,-1,-2,-2,-2,-1
-256,8,11,-14,-1,26,-11,-12,9,-5,21,-7,14,11,-5,10,-22,6,3,6,-2,-5,-10,-16,7,3,16,-29,15,7,-17,-6,3,-7,16,541,27482,27055,27047,27072,25959,-27931,-25989,27899,25959,-26813,26832,-26812,27343,-430,25,-5,-12,-17,33,1,14,-1,-4,-28,27,-23,1,3,-35,-13,-35,11,20,6,31,30,7,23,15,7,12,2,12,3,6,84,81,51,78,70,-115,-95,72,136,-623,-27284,-26998,-26845,-26997,-25907,27851,25883,-27816,-25903,26728,-26740,26721,-27262,400,9,16,-19,34,-2,-37,-10,-27,14,-14,10,-6,-27,-8,-16,11,32,0,-82,-35,-23,-9,3,11,17,-11,-22,-16,20,18,-22,-23,-11,18,-28,4,-16,8,20,-7,4,21,-4,3,-2,-11,-7,-5,-32,-10,5,-4,5,-21,-52,3,-8,-6,7,-20,17,9,3,9,-20,4,3,2,-7,3,5,-21,18,-13,-26,-22,-8,-15,-15,-23,-4,34,16,-9,-16,-7,26,-21,-18,14,-3,21,0,8,-10,-35,9,8,-6,13,-18,1,13,0,-9,6,-38,1,14,8,-7,-7,-5,18,-6,-1,14,-9,-9,8,14,-6,2,8,13,5,-3,-1,-1,-2,-1,-2,-2,0,-1,-1,-1,0,-1,-2,-1,-2,-2,-2,-1
0,2,-15,-3,13,-4,-11,7,-8,-1,-27,-35,-3,6,-28,-15,-4,-14,-8,8,2,-2,22,-10,20,20,-3,-28,-6,-22,-28,-14,10,16,-6,549,27488,27055,27071,27049,25960,-27932,-25986,27928,25974,-26846,26818,-26815,27337,-408,-7,-17,3,-27,-5,-18,8,-3,-21,-16,-8,18,-11,17,10,-5,-4,17,32,-26,-1,11,7,-17,13,22,14,-5,11,5,-13,91,99,71,124,70,-132,-84,86,88,-713,-30074,-29806,-29575,-29697,-28520,30637,28469,-30673,-28514,29456,-29467,29486,-30061,511,-31,-4,-23,3,-13,-11,12,10,-19,-17,-17,-18,0,-19,-13,-6,23,26,11,-8,-59,0,-28,10,3,-22,17,-8,31,-9,-52,-33,-12,11,-9,13,25,11,-34,4,-4,-6,-13,3,-1,7,6,0,-25,20,-20,-7,15,25,-21,-1,-2,23,7,5,-2,-21,-20,-14,-6,3,4,4,-10,-25,1,-31,-1,-23,-11,24,-5,17,-1,-9,-14,-30,7,-26,-9,-20,19,10,-15,16,4,20,16,-19,-41,1,5,-2,3,2,3,3,-15,18,11,16,-6,-10,15,-11,5,17,20,24,12,-17,-6,3,1,13,-5,-21,9,-13,-13,0,-24,-1,-1,-2,-1,-2,-2,0,-1,-1,-1,0,-1,-2,-1,-2,-2,-2,-1
-256,-5,3,-16,-7,-4,-3,-13,-2,3,-17,5,-8,-3,4,-8,-4,-26,-1,-13,-17,-19,3,14,5,12,7,-3,-26,-14,20,-1,25,23,17,542,27497,27089,27043,27044,25948,-27903,-25976,27931,25975,-26822,26816,-26820,27355,-429,0,-13,-7,30,-8,-12,8,11,-4,-21,-10,-20,-1,-1,0,13,-14,-5,-8,-8,-26,19,-5,13,29,-24,-23,16,-6,-9,-1,104,86,111,77,97,-124,-90,93,87,-719,-30477,-30218,-29977,-30067,-28868,31019,28906,-31048,-28844,29826,-29823,29835,-30415,459,43,-3,-24,2,-9,-12,-35,-25,4,-26,2,22,26,-3,68,17,17,-38,16,-10,-1,0,16,0,9,3,-1,8,-12,18,-11,-6,-20,21,4,-11,5,8,-8,-3,-18,11,13,13,-10,-10,19,-8,-8,15,-17,31,17,-29,8,9,-24,19,0,-10,-13,-12,-4,3,-24,25,14,-29,11,12,5,13,19,-18,3,-2,-33,-4,3,-12,12,9,-1,-22,-25,18,-13,-7,14,-12,-2,-14,-20,-2,-16,-2,-6,-8,8,13,-6,-17,-5,-19,-4,-32,1,7,-29,7,-9,20,6,-3,-10,-6,-3,-18,-7,-16,-17,33,25,25,-4,-1,10,-1,-1,-2,-1,-2,-2,0,-1,-1,-1,0,-1,-2,-1,-2,-2,-2,-1
0,10,-28,-35,22,-7,-16,14,17,1,25,-8,-4,-6,-16,6,-17,44,13,19,-11,-2,-5,15,23,2,6,0,4,-21,-7,14,17,-18,-7,528,27471,27057,27053,27036,25990,-27921,-25991,27911,25975,-26838,26828,-26831,27359,-434,-22,1,-38,-32,-12,5,-8,-17,1,-15,9,-19,-9,-15,-21,19,-11,35,-24,-26,11,16,1,12,12,21,-5,1,-19,8,-7,94,77,99,62,51,-108,-109,63,91,-703,-28432,-28166,-27992,-28083,-26956,28931,26974,-28962,-26946,27882,-27884,27833,-28426,444,-32,34,24,32,-9,-7,-2,11,26,29,8,15,-13,-12,-14,8,23,20,-7,-12,15,-13,-30,-1,-13,-26,-16,0,-69,-17,1,-2,14,18,-5,25,-38,10,-10,-2,-13,-2,18,-12,-10,25,5,14,-27,-20,14,-15,-2,-7,7,16,16,11,-10,6,9,-2,-5,-17,5,-25,16,-41,14,2,-6,-35,6,-22,-4,-24,-3,9,-17,16,-17,5,13,-7,11,21,-13,2,30,13,20,17,-24,3,6,-8,-12,-5,-6,-22,9,-8,13,-43,2,-7,-10,-17,-13,-15,1,14,-1,-33,-24,7,17,7,0,25,-2,-1,16,-4,11,-26,2,-1,-1,-2,-1,-2,-2,0,-1,-1,-1,0,-1,-2,-1,-2,-2,-2,-1
-256,-5,-11,-13,-6,3,18,-13,13,-6,-10,-14,2,10,-40,23,-3,2,0,5,-11,-2,5,-20,6,10,-4,5,0,-23,19,-17,0,10,-5,544,27476,27026,27048,27069,25979,-27921,-26004,27918,25958,-26835,26826,-26850,27358,-438,5,5,-25,-11,14,-2,0,-10,-38,-29,-35,-13,14,-26,2,0,-20,15,20,1,-5,30,6,-3,37,40,-16,31,8,6,19,93,103,70,84,79,-47,-108,77,84,-568,-24158,-23898,-23713,-23824,-22865,24579,22867,-24555,-22871,23604,-23593,23603,-24072,358,20,8,52,-17,23,14,11,-18,-10,-27,36,11,-14,-15,-30,-21,0,-8,26,-18,5,11,4,-26,-54,-48,-1,19,10,30,13,-57,3,8,26,6,21,1,4,14,-13,-11,11,-6,24,-24,-15,-20,10,-2,-11,17,25,2,18,-18,26,33,17,-17,-30,-8,17,1,-13,-7,6,3,8,-6,8,-6,-11,5,10,-10,2,8,11,-27,-8,27,-6,3,10,6,-16,-14,9,18,-7,13,-19,3,-7,-1,8,0,-14,-6,7,-8,-16,8,-2,0,-25,2,-1,1,-17,2,9,9,-15,5,-28,3,14,-19,2,-7,3,-6,-9,-21,-19,-1,-1,-2,-1,-2,-2,0,-1,-1,-1,0,-1,-2,-1,-2,-2,-2,-1
-256,-39,-10,-46,-11,-7,-10,-24,-34,-23,-10,-11,-15,-9,-2,-18,23,17,-9,-25,-2,-14,-4,-6,-19,14,1,0,9,-15,-14,13,5,13,-1,558,27498,27045,27075,27044,25981,-27937,-25977,27904,25986,-26826,26802,-26808,27343,-413,-15,8,-5,2,9,7,-14,-4,-14,-3,5,-22,14,1,-2,-12,-17,-20,9,-3,-29,12,-36,1,-3,7,6,-19,-37,5,-54,62,67,102,54,51,-99,-86,73,64,-415,-17961,-17744,-17581,-17656,-16950,18208,16944,-18185,-16964,17448,-17505,17501,-17886,250,46,11,22,-25,-23,29,42,1,-20,21,0,-26,-7,27,19,10,-7,3,-27,-8,-3,-22,-5,21,43,-24,6,35,-26,20,43,15,-16,-27,4,-9,11,-9,18,16,-11,-1,7,-3,3,-1,15,3,11,-10,7,-1,-3,-20,18,-15,-20,-15,-7,1,-15,-4,-14,12,16,0,5,-1,16,2,7,-22,-13,-14,5,-20,12,9,11,-5,3,0,-4,-29,10,-3,26,0,27,-11,22,7,38,-26,4,-6,-3,5,-7,-12,-28,-8,17,3,-24,19,-16,6,17,1,-1,-6,-21,-17,-8,-19,-4,15,-40,9,-5,-26,-37,19,-3,21,2,-1,-1,-2,-1,-2,-2,0,-1,-1,-1,0,-1,-2,-1,-2,-2,-2,-1
-256,-16,-7,-8,21,-4,30,-19,-1,-7,-14,-16,-18,2,26,4,1,-12,-15,-1,-21,12,-28,4,-1,17,14,-2,23,6,-35,-11,-3,1,-5,516,27457,27051,27064,27066,25950,-27903,-25979,27890,25980,-26827,26835,-26816,27355,-405,-7,-19,-14,-27,24,-6,-1,-5,-35,-2,-11,-11,-17,-2,-19,-28,14,32,-4,-12,-7,6,12,-14,5,28,17,33,-21,-32,-20,36,73,2,86,19,-42,-60,21,52,-258,-10340,-10244,-10155,-10179,-9813,10423,9681,-10415,-9676,10022,-9971,10002,-10198,158,17,1,47,-19,-31,-21,-19,-25,-11,-14,-18,15,18,27,6,-11,13,3,26,30,21,4,-33,-9,27,-11,-6,16,23,-27,26,-4,1,-19,0,-25,4,29,5,3,17,50,8,16,12,3,6,-12,7,-24,-26,18,-8,6,-16,6,4,-2,-21,-19,-7,15,10,-21,-5,-22,-36,-11,-6,7,-6,-7,10,-12,16,3,-5,23,0,0,-7,-7,1,5,20,-23,-5,-9,4,-15,-14,23,20,4,-21,2,-17,-10,-5,-8,-16,-16,3,-6,1,-10,1,10,-15,-4,10,11,20,10,7,8,-5,-1,-17,28,2,11,-28,23,-6,17,31,-1,-1,-2,-1,-2,-2,0,-1,-1,-1,0,-1,-2,-1,-2,-2,-2,-1
0,-12,-10,13,7,-22,18,6,-17,-2,0,-5,17,-25,-7,-1,-8,-9,-6,-17,-4,20,1,8,-14,-20,-11,23,4,-5,-2,-14,-12,-1,2,544,27478,27042,27049,27089,25957,-27903,-25975,27906,25955,-26822,26810,-26815,27369,-427,-19,-15,-31,3,-15,4,0,0,13,-24,20,9,-16,-13,-15,-10,-23,-7,-8,18,-6,31,-14,-40,3,1,9,18,2,-3,33,11,28,6,-20,-10,-53,-15,28,27,-44,-1836,-1851,-1809,-1806,-1763,1849,1751,-1885,-1737,1716,-1694,1672,-1712,39,0,-6,-11,12,29,-18,51,13,31,-19,34,21,20,18,15,-18,24,30,31,8,-40,-13,-18,7,4,21,-34,-29,-11,7,28,-11,5,11,-12,42,-32,-8,-32,-13,-7,5,33,6,4,4,-10,15,-10,21,8,15,-16,-9,-11,10,-4,3,-9,-11,9,-14,12,-9,19,28,-3,-2,16,-15,15,18,-26,8,25,-1,-4,1,27,9,-30,-14,11,-1,7,9,12,2,8,-14,-6,20,27,9,-19,6,19,-6,-20,11,19,-3,13,-11,4,11,-25,-15,34,-4,-26,15,-34,-18,-8,3,-14,-9,-7,-1,16,-1,6,1,-20,-12,-1,-1,-1,-2,-1,-2,-2,0,-1,-1,-1,0,-1,-2,-1,-2,-2,-2,-1
-256,23,-11,13,22,9,18,11,-11,24,18,-6,-32,-5,3,26,-14,-5,-2,3,14,-6,-4,-12,18,25,-10,-4,17,20,-10,-7,-3,1,4,564,27488,27082,27073,27062,25976,-27903,-25942,27897,25973,-26816,26830,-26814,27352,-454,-27,2,-25,-5,2,13,2,20,-9,1,-8,-30,1,11,-13,21,-7,13,7,17,-3,-6,57,-23,28,-20,-9,2,1,3,-34,-22,-41,-15,4,-14,24,8,-37,-9,131,6776,6733,6706,6702,6451,-6926,-6431,6903,6441,-6654,6656,-6642,6908,-96,22,10,9,-30,20,2,8,34,0,-31,-5,6,15,0,-33,-7,50,-17,-10,-1,-6,2,31,26,-13,-1,-4,4,6,-27,23,8,-20,-6,-13,-12,-16,-3,7,22,-10,3,-2,16,-24,-15,6,13,23,1,9,-14,0,6,-30,2,31,-10,21,-13,-19,43,22,7,-5,-21,34,30,11,3,1,-6,24,28,34,-11,-1,2,15,-13,13,-12,-7,-21,4,-11,-12,-4,-4,-8,-7,-13,16,-16,-22,-10,-7,-1,9,20,-11,11,6,-26,-5,21,2,-4,12,-3,1,11,27,-8,17,6,0,-11,22,-14,16,13,18,23,13,-3,-3,-1,-1,-2,-1,-2,-2,0,-1,-1,-1,0,-1,-2,-1,-2,-2,-2,-1
0,-1,29,-25,-33,2,-21,-3,-19,-2,-9,4,-61,-26,2,-7,2,-1,-4,20,-5,-5,-3,-25,22,-14,-4,-7,-28,13,-16,-10,-11,1,4,539,27468,27066,27047,27060,25967,-27907,-25948,27904,25955,-26817,26849,-26855,27357,-445,-10,4,-2,14,24,-1,5,22,-20,7,-4,-4,35,-12,-2,-11,3,-6,38,-28,-17,15,12,-17,0,26,-33,8,21,32,-22,-42,-65,-72,-49,-58,19,77,-35,-30,337,14870,14734,14657,14701,14099,-15137,-14126,15143,14104,-14562,14561,-14593,14832,-248,24,-12,-16,24,5,-6,-3,-2,16,-11,-4,1,4,42,10,26,-1,4,-5,-7,30,45,6,9,6,22,-19,-33,16,19,-13,7,-10,-24,18,8,-7,9,-2,27,5,-14,-33,13,-9,-18,-9,-7,-28,-19,-9,-1,-13,-10,21,20,-3,5,-15,11,18,0,11,-1,-7,-9,-36,-11,15,0,0,-25,-28,-13,10,-7,-3,13,28,6,-22,4,-13,25,-3,-12,7,28,0,-17,14,-26,-4,12,8,-25,17,0,-2,24,0,7,-30,-3,28,-10,7,-13,-5,-21,-21,-16,6,-8,28,6,-6,5,-23,10,15,7,-9,3,5,-23,14,-1,-1,-2,-1,-2,-2,0,-1,-1,-1,0,-1,-2,-1,-2,-2,-2,-1
0,13,23,4,-25,4,7,7,-2,-9,-1,-10,-4,-21,-16,8,22,-10,22,-13,21,0,10,1,-1,8,-1,27,20,-11,-21,-40,-17,-6,-7,531,27475,27044,27022,27059,25956,-27910,-25973,27875,25985,-26801,26799,-26824,27385,-434,22,29,-9,-36,4,-17,-7,-18,-13,-10,-3,-14,5,0,21,-14,25,12,17,12,0,4,1,26,-1,-5,-17,-8,-15,-49,-24,-71,-73,-6,-27,-44,109,76,-79,-72,491,21761,21576,21449,21458,20614,-22172,-20640,22175,20636,-21318,21290,-21301,21751,-305,11,-28,-13,4,-8,-12,-7,-3,4,-6,-14,-14,-1,36,46,-16,-13,7,-67,1,-26,18,13,5,-1,-41,-12,3,-3,8,15,0,-42,-1,-17,22,9,-7,-27,-17,7,21,27,3,-17,23,19,-4,23,5,-1,10,-12,-10,-15,-29,-7,-27,-4,-9,10,-3,-7,13,0,16,24,-13,-11,-18,-4,6,-12,32,-9,-10,7,13,-4,2,-15,-1,-6,4,-14,-17,-15,0,23,0,-10,-3,-18,-12,-3,9,30,13,-3,7,17,-6,-26,-13,-36,-5,1,9,3,-7,-7,15,-4,9,-1,4,2,4,7,26,-10,-15,11,-9,19,-9,3,-1,-1,-2,-1,-2,-2,0,-1,-1,-1,0,-1,-2,-1,-2,-2,-2,-1
-256,-1,1,12,2,20,-16,-8,1,-9,22,-1,-30,-17,-14,-12,3,-1,-15,-2,-14,15,-8,-10,-29,1,16,0,16,-14,4,11,-6,-23,-31,533,27514,27050,27051,27050,25982,-27916,-25992,27908,25984,-26838,26841,-26825,27392,-405,24,6,1,-9,-1,-19,4,-20,-14,11,-10,24,-13,-1,-4,2,-3,2,-9,18,15,-20,-23,4,6,4,-29,-38,-8,-17,25,-78,-112,-83,-67,-100,73,67,-45,-109,654,26891,26590,26487,26588,25554,-27413,-25538,27390,25515,-26345,26323,-26349,26874,-418,11,26,14,17,-8,1,-8,12,-31,13,-29,4,12,-13,-32,-9,13,11,-20,20,8,-15,-28,-52,1,-10,-25,5,21,-22,65,7,13,-21,54,-14,-30,-46,-3,22,12,7,7,-21,-24,3,10,10,6,1,16,-11,-5,7,-7,-21,5,39,-5,-16,-5,45,-27,-5,-10,6,2,-11,-19,1,0,3,1,14,-8,-1,10,-8,11,10,-5,12,17,-25,-10,-22,-16,2,-3,10,-9,-10,-16,-25,16,9,7,-18,8,28,-8,11,-8,-14,-6,-14,-7,19,-38,0,2,0,15,-1,0,-6,20,-13,-16,18,1,6,5,-12,-15,-20,8,-1,-1,-2,-1,-2,-2,0,-1,-1,-1,0,-1,-2,-1,-2,-2,-2,-1
0,-11,-16,-16,7,-20,-4,-9,5,-3,46,3,30,-28,0,4,-3,22,7,-9,-9,-6,-4,17,-15,6,-5,-13,-9,0,-11,2,-8,-17,-29,558,27480,27044,27033,27037,25993,-27907,-25980,27906,25935,-26812,26826,-26835,27343,-425,10,25,8,14,-21,26,-8,6,13,-22,5,-31,6,-30,-18,-1,45,3,5,-22,9,8,1,30,19,20,-17,-1,-19,-11,-32,-89,-64,-134,-97,-72,126,98,-93,-90,697,29877,29612,29433,29501,28305,-30447,-28343,30494,28356,-29295,29291,-29290,29892,-459,-8,22,-8,20,-54,5,43,5,-35,-35,-20,9,3,27,1,-25,-3,-11,-37,5,-2,-8,-28,-7,36,2,-5,-15,16,32,-3,-21,-45,14,-6,-3,11,22,-7,-28,-18,-21,-16,-4,20,23,0,-2,23,-5,3,-23,-2,-2,14,23,2,-31,-1,-16,13,6,-6,-13,25,-9,14,7,16,-11,-24,1,25,19,-6,7,-6,-1,-6,-10,-4,-6,19,7,19,15,1,-26,-16,-5,0,10,11,3,-13,7,-1,-24,21,10,-10,-21,13,12,38,-19,-12,22,-23,-2,12,6,7,-27,0,10,-5,-11,14,4,-5,-1,2,21,-1,-2,15,-1,-1,-2,-1,-2,-2,0,-1,-1,-1,0,-1,-2,-1,-2,-2,-2,-1
0,-3,-31,-15,3,24,-3,6,-25,13,0,9,5,4,8,17,-10,-17,4,-34,16,6,18,-8,2,-4,14,5,-19,0,10,22,-19,14,-11,532,27465,27064,27076,27037,25989,-27923,-25974,27903,25956,-26783,26828,-26822,27377,-440,-24,-15,5,13,-28,15,3,-39,3,-10,-4,15,4,-12,-11,-19,-9,20,-30,13,14,-33,-11,-26,-4,-3,-13,4,-5,29,-30,-113,-109,-121,-80,-94,118,99,-126,-129,683,30555,30290,30083,30163,28954,-31111,-28966,31120,28953,-29875,29910,-29946,30495,-486,-12,-12,-26,31,-10,31,24,-11,-5,-29,-26,-21,-9,-7,-1,4,-27,32,48,32,-23,16,2,-11,-20,-30,30,9,20,-6,5,-27,-43,-13,-44,-14,-27,10,-29,-15,-15,-3,-13,-1,-10,1,8,-15,11,24,4,-10,0,-7,-9,19,-1,8,21,-27,2,6,-7,-17,37,-7,6,1,5,-26,-13,4,-14,-7,3,-10,15,-11,6,27,-7,-5,-11,-3,-19,-17,-27,8,9,-14,-9,-7,-16,29,-17,-19,0,3,-3,8,-26,29,-1,-15,-8,-5,-15,-9,-17,5,35,0,-22,15,3,7,-8,-4,-8,-9,22,7,30,32,22,-14,0,-1,-1,-2,-1,-2,-2,0,-1,-1,-1,0,-1,-2,-1,-2,-2,-2,-1
0,-10,-33,-41,5,33,32,-25,-27,7,15,-17,-19,-9,-10,-3,9,-21,5,-2,4,22,-20,10,1,6,-22,1,-9,2,-28,-29,21,34,23,530,27489,27073,27081,27084,25991,-27915,-25947,27918,25964,-26838,26795,-26840,27379,-424,4,-1,-10,-10,11,-37,-11,-18,13,-7,2,-6,16,11,10,29,0,25,-3,19,24,-2,32,-17,-33,18,17,-12,13,13,-4,-82,-89,-100,-70,-111,75,97,-90,-55,639,28739,28466,28299,28368,27253,-29262,-27271,29247,27255,-28133,28120,-28153,28688,-439,9,41,-7,11,-24,7,1,-14,33,-1,15,14,0,14,0,-9,-6,-9,32,31,4,39,-7,-27,-21,1,-14,10,-13,7,-9,-4,-8,-20,-13,-3,-21,-24,-25,-9,-15,10,9,23,14,-14,20,-18,-30,-22,-7,-15,-21,3,23,-11,-7,27,-7,5,-19,-1,15,-20,5,-10,-31,-3,-14,-9,-4,0,24,-2,9,-10,-7,2,-15,31,-2,14,11,-16,12,-17,-13,-10,11,-15,-1,-5,13,-18,-1,-14,16,11,6,-4,26,-6,10,-15,-6,-19,-7,-6,-13,-9,20,10,7,17,0,31,16,3,14,-14,-30,1,9,-13,9,19,-23,-1,-1,-2,-1,-2,-2,0,-1,-1,-1,0,-1,-2,-1,-2,-2,-2,-1
0,-8,5,5,15,-2,-16,20,10,24,14,20,5,-10,11,6,5,5,10,-4,-6,1,-23,5,15,9,-1,-14,-22,2,0,-21,13,-7,20,540,27490,27040,27038,27050,25969,-27894,-25969,27904,25972,-26829,26831,-26830,27354,-443,-14,0,20,-14,-2,18,1,-7,-2,-27,6,-6,-28,-15,-11,0,-1,-11,-5,-14,2,-8,-4,-19,-22,28,-1,19,-29,-22,0,-70,-89,-97,-59,-86,69,54,-69,-97,598,24649,24437,24274,24318,23355,-25132,-23370,25082,23370,-24130,24117,-24097,24602,-397,20,-30,6,-20,10,3,5,-35,17,-29,-16,22,-16,38,31,-2,-3,-16,43,-5,8,9,3,-2,-12,-7,-28,1,-36,3,7,-12,-18,-6,-1,3,7,-7,-14,31,19,-9,-1,9,5,3,-7,-21,-7,-9,11,4,-24,-11,3,25,0,-9,7,-11,3,-14,2,29,0,-2,-13,-12,11,5,-3,0,-9,2,19,-6,17,-24,-3,20,-10,-10,-8,12,1,-13,-2,7,25,5,19,-27,-23,-28,13,-2,6,3,1,-9,0,0,-1,0,-9,-6,-7,-16,33,1,-10,32,9,13,7,22,3,2,3,-10,2,-6,25,-16,2,-3,20,-1,-1,-2,-1,-2,-2,0,-1,-1,-1,0,-1,-2,-1,-2,-2,-2,-1
0,8,-6,21,-6,25,-10,-4,7,-35,-11,7,4,11,-22,13,16,-10,-8,7,-5,-2,0,1,-17,-31,-4,11,-23,-36,-19,-2,-10,-4,-3,519,27483,27092,27047,27040,25984,-27923,-25960,27902,25961,-26854,26832,-26830,27356,-446,18,-22,20,15,-24,-3,-38,-13,-5,-35,47,1,-3,2,-8,-23,-40,-21,10,20,-2,-13,0,1,-41,-12,14,-20,6,-1,-12,-82,-78,-70,-58,-75,53,53,-76,-94,438,18669,18380,18257,18338,17616,-18889,-17617,18899,17575,-18172,18181,-18190,18526,-304,2,-33,12,8,40,-18,4,13,0,-10,6,14,-11,-4,35,2,-6,34,10,-20,2,19,-3,-7,-21,61,15,-44,8,-35,10,-12,-17,19,-32,7,-11,-2,7,-8,-7,-5,13,3,14,-10,-5,9,-16,-12,-6,-5,-15,-6,9,-18,12,2,-24,-10,-8,-1,0,20,4,4,-14,17,8,5,7,-10,25,30,19,4,4,-19,-3,-16,-26,33,16,-25,4,-6,12,4,-12,-4,10,5,-28,-2,19,-23,-2,4,14,-2,-16,20,-2,2,-13,2,-5,-1,0,-12,-18,0,6,-6,-15,-5,-13,-31,-13,42,23,12,11,-9,16,-8,11,-1,-1,-2,-1,-2,-2,0,-1,-1,-1,0,-1,-2,-1,-2,-2,-2,-1
0,5,-15,-17,0,9,7,-9,34,12,2,-24,-15,-1,0,13,-6,6,-12,-7,8,6,10,-18,7,-17,10,-10,2,-14,5,-30,-6,2,7,515,27493,27053,27038,27030,25980,-27922,-25981,27924,25956,-26808,26806,-26818,27352,-461,-9,7,7,2,0,7,2,10,-32,29,-15,2,1,-1,22,2,5,3,-22,-14,5,11,36,0,2,-23,-12,20,-13,3,30,-46,-68,-45,-35,1,79,39,-16,-4,274,11144,11013,10929,10958,10557,-11211,-10439,11220,10438,-10806,10734,-10780,11006,-193,25,-50,-18,-6,41,-26,14,-13,-10,-2,22,17,-2,-5,24,-20,9,-8,-13,4,17,2,11,19,-36,-22,5,-27,0,29,3,-47,-3,25,-24,-13,11,-13,6,1,13,9,35,-4,-27,-4,10,-2,6,8,21,-6,-10,-4,-11,18,7,1,0,6,9,24,-7,2,4,-9,-12,-20,4,-11,-13,-6,11,-1,-4,4,2,-14,0,-33,-44,-26,-19,-13,-5,13,15,-2,-11,-3,21,-5,-44,23,-3,-28,0,13,-3,-15,-9,-27,-9,0,-27,23,-6,11,15,-14,19,-4,21,11,-10,-10,15,6,-31,6,-23,0,-2,4,14,13,9,-1,-1,-2,-1,-2,-2,0,-1,-1,-1,0,-1,-2,-1,-2,-2,-2,-1
-256,12,-8,1,6,-13,34,15,-3,26,10,-8,-15,-3,-16,6,6,-27,28,-18,-3,11,-19,14,8,-11,13,-15,-8,8,21,-7,-8,-5,20,561,27451,27040,27049,27067,25972,-27924,-25996,27896,25994,-26818,26814,-26842,27354,-432,-11,7,20,12,9,25,23,-33,7,-23,-19,-7,-6,-11,17,11,-3,-22,-7,6,-4,-18,2,17,-20,7,-15,12,19,-7,-13,-4,-37,0,-31,30,34,18,2,-30,96,2710,2666,2623,2671,2537,-2706,-2541,2788,2412,-2526,2505,-2490,2594,-4,0,-5,-6,-14,30,-28,-8,-16,1,3,-42,-23,-13,6,-47,3,40,-2,-39,30,46,-18,-8,-6,45,-2,-14,-8,21,-30,-8,53,10,40,5,21,23,-16,-20,30,-13,17,22,12,-8,-18,15,-8,-1,2,0,10,-7,6,3,9,25,1,6,-18,1,18,11,0,-7,-8,-28,-1,-20,-22,3,-8,9,-18,19,1,5,19,21,-3,19,-44,-15,-21,27,-26,5,1,-5,-3,13,-10,-22,-6,1,0,9,15,-5,-11,-9,-9,2,-2,-13,-8,10,-11,6,-1,38,7,1,-28,7,-22,1,-1,22,-11,-22,0,10,-14,-11,0,-17,-1,-1,-2,-1,-2,-2,0,-1,-1,-1,0,-1,-2,-1,-2,-2,-2,-1
-256,-7,0,10,-34,-3,12,-1,9,13,-10,8,-4,17,16,1,13,-24,18,13,6,10,-18,1,9,-4,9,7,-11,-10,12,-27,11,-24,6,534,27512,27045,27066,27055,25964,-27907,-25939,27911,25987,-26827,26813,-26822,27356,-428,-18,23,14,24,-35,10,3,12,-1,-15,-19,16,6,-12,-2,26,10,-17,-5,-10,-4,39,-15,13,-11,16,11,2,10,-8,-1,47,-4,-2,-2,11,-3,-3,54,-8,-123,-5945,-5868,-5847,-5862,-5639,6018,5638,-6058,-5656,5807,-5814,5823,-6031,95,5,19,-27,23,-35,6,-15,-3,-20,25,24,40,-6,-5,9,-28,2,1,4,-19,3,-42,-14,1,13,2,23,-4,26,-35,24,1,11,-8,0,8,6,12,21,8,-15,5,0,2,2,-13,3,-6,1,-8,18,-4,-20,13,-15,-20,-16,39,3,-11,-23,-19,4,-6,-29,-6,-2,11,-26,0,-22,-24,-11,29,19,-25,13,-4,-8,14,-20,17,11,0,16,18,-35,-11,-29,-1,-4,1,24,4,-1,-5,10,-6,20,2,15,-18,4,-8,-5,10,1,28,-7,-11,8,-18,13,-17,5,-19,-20,-22,-25,13,-18,13,-2,4,13,34,-10,-1,-1,-2,-1,-2,-2,0,-1,-1,-1,0,-1,-2,-1,-2,-2,-2,-1
0,-3,-8,-7,0,-7,6,-13,12,22,-10,-5,-4,2,-22,-22,10,23,-17,-11,-8,4,-6,10,-1,24,-6,-16,35,-11,-5,14,-5,-3,-10,548,27474,27060,27074,27080,25960,-27916,-25976,27912,25983,-26806,26827,-26825,27378,-419,31,22,24,0,-13,25,-1,4,-47,-30,-10,-13,1,-19,10,-6,0,-12,-13,5,3,6,-22,3,18,-4,3,16,-9,22,-13,34,15,15,34,46,-72,-14,58,50,-319,-14138,-14018,-13947,-13962,-13395,14410,13362,-14386,-13403,13843,-13812,13854,-14123,187,-6,-25,-6,15,2,-15,17,2,-20,-13,-34,-29,12,-33,-14,1,24,-34,16,25,-4,-26,-20,-5,22,13,-1,-2,36,27,-22,-21,9,-1,-16,2,1,8,-22,-32,1,16,-17,21,-16,9,-6,5,-16,-10,13,-4,-12,16,7,-5,-7,0,-8,0,-3,14,5,-15,-6,-7,10,-13,-36,-18,5,23,18,25,-3,39,4,4,-14,6,11,19,9,9,-12,-16,9,-12,-10,13,-8,29,-12,4,-14,-6,-23,14,-5,5,9,-9,9,-13,-28,-23,2,-9,6,-5,-1,12,15,15,-21,2,-14,10,-7,26,-12,-33,12,5,-5,6,-34,-1,-1,-2,-1,-2,-2,0,-1,-1,-1,0,-1,-2,-1,-2,-2,-2,-1
-256,14,-3,10,9,10,-8,2,1,-18,10,-18,-6,15,-11,3,10,3,-13,-13,17,22,-14,-10,24,5,-21,-12,-17,17,20,7,42,-24,6,551,27500,27052,27095,27072,25961,-27918,-26008,27912,25956,-26840,26827,-26825,27380,-432,-8,-14,-29,-21,-15,-1,-9,23,-26,3,6,24,11,4,-22,-43,-2,-15,9,3,5,9,-25,-10,-49,9,3,-39,17,0,1,86,49,83,77,49,-55,-72,60,80,-446,-21183,-20940,-20830,-20924,-20067,21563,20078,-21580,-20068,20784,-20747,20736,-21139,311,18,10,0,34,-20,-7,-20,15,12,-20,4,-14,30,12,-20,-35,17,7,0,-25,-9,5,-5,-26,-6,-22,8,-42,-41,-6,-27,0,8,22,7,1,8,-24,9,12,36,-7,5,33,-31,13,15,9,-1,-11,16,-10,-9,-1,-4,-7,12,33,2,-10,-11,11,2,-4,19,14,12,-13,1,3,-2,-10,-2,-8,-2,-21,-25,-12,-8,-25,-5,12,6,14,-24,16,-12,14,-11,-21,-3,-12,3,-20,11,-12,-14,-12,1,-8,13,-4,-2,-1,-5,-1,-17,8,27,10,-34,9,-24,-5,-57,-36,-7,12,3,-16,9,-7,4,8,6,0,8,-1,-1,-2,-1,-2,-2,0,-1,-1,-1,0,-1,-2,-1,-2,-2,-2,-1
