-256,0,-13,17,-7,7,-9,13,-17,-17,10,20,0,-1,-15,0,-14,-23,-15,-23,-5,-9,-1,8,-20,-14,-7,-2,25,-40,16,-1,-5,0,0,273,13663,13471,13471,13487,12947,-13928,-12941,13901,12941,-13361,13353,-13399,13596,-217,-31,15,33,5,0,4,1,-13,6,2,-22,18,-25,-16,-30,25,-25,-19,15,-4,-13,18,14,7,-23,-13,5,-25,-12,-1,36,1542,1538,1565,1576,1499,-1664,-1521,1660,1528,-1299,16031,12691,15805,14166,13676,-14701,-13686,14650,13684,-14222,14203,-14208,14500,-236,25,-8,-13,-77,12,-27,18,12,-4,12,28,-4,39,21,10,-13,-60,-9,-14,-32,-45,-9,-6,-28,-16,27,12,-23,-25,-10,1,-39,-18,-8,21,14,15,7,-25,-23,-9,-5,-3,27,7,-1,-14,0,9,2,-10,-19,11,15,-7,3,1,-4,-22,-2,-15,-10,-39,-18,14,1,-2,-14,-3,5,-14,0,7,-5,13,-2,-22,-9,-4,15,-25,11,4,9,1,-4,-31,9,20,-14,24,-4,-44,-21,4,7,-4,-8,-16,-7,-18,4,3,-11,-10,24,1,18,11,-18,-5,5,5,-12,0,-4,-23,-16,14,-3,-19,-13,16,4,-29,-10,13,-2,-1,-1,-2,-1,-1,-1,-1,-2,-2,-1,-1,-2,-1,-2,0,0,-1
-256,-2,-15,-15,-7,-5,-2,1,1,-11,-9,-7,8,-15,1,-8,-20,-23,4,-22,-21,-25,20,18,-12,5,1,-12,12,-8,5,6,2,-5,12,269,13680,13466,13474,13486,12959,-13894,-12922,13916,12931,-13362,13349,-13362,13626,-214,-21,-17,-14,-4,-16,-17,-6,6,6,-29,3,-12,-37,-26,11,14,-5,-37,17,-11,-1,-2,26,-32,-27,-4,-21,-19,-17,-32,22,2278,2213,2256,2237,2121,-2310,-2164,2311,2127,-1785,23669,18907,23408,21109,20327,-21842,-20285,21796,20245,-20973,20925,-20944,21350,-349,-26,2,26,-12,-22,1,0,-16,7,-17,-9,-41,17,1,-12,16,23,20,-27,-20,22,1,-8,9,-43,17,24,-28,4,-12,-45,-8,-9,-53,-13,16,-6,-1,1,24,19,-20,-10,7,-4,-20,-11,-38,-38,1,9,-17,5,14,17,-19,-32,-18,-24,11,23,13,-12,-30,-44,-39,-6,15,28,-15,-3,-4,-21,-18,13,-3,-19,-15,30,-3,-17,-8,-24,1,18,-15,13,1,10,-3,7,-6,-18,-14,-26,3,-31,-8,11,-7,-20,-5,-15,-16,-9,6,-13,-13,0,-14,-13,4,4,1,-19,6,7,-4,-14,-31,0,-31,-9,3,-13,-1,18,-2,-1,-1,-2,-1,-1,-1,-1,-2,-2,-1,-1,-2,-1,-2,0,0,-1
-256,-34,4,0,-22,-2,-13,11,-8,-10,-9,-6,-17,-7,-30,21,-9,-8,14,-4,19,-26,-14,21,-21,-12,12,5,-38,-16,6,-8,-5,0,-8,274,13684,13459,13493,13504,12926,-13897,-12954,13881,12896,-13378,13386,-13385,13632,-232,-20,-25,0,-20,-26,17,1,4,2,-21,14,-21,-6,-17,-21,10,26,4,-8,-4,-7,28,1,-3,-21,-2,33,14,-23,13,48,2760,2674,2681,2707,2576,-2842,-2622,2798,2602,-2187,29474,23607,29083,26287,25284,-27190,-25279,27158,25262,-26132,26119,-26119,26624,-431,15,5,-22,-10,-30,-5,19,-33,37,-18,-53,-2,-19,17,-41,1,-42,-27,-14,37,-39,-28,-34,-9,-28,-24,-26,-40,-26,-10,1,27,8,-7,-2,-9,-19,-14,-6,2,2,22,-35,-12,-1,-33,-21,-22,-10,5,-6,-23,-20,4,3,-3,5,0,7,-5,-12,-9,28,4,11,-37,24,14,-11,-20,24,-12,-10,0,3,-35,-29,-21,-8,12,-20,-7,6,8,-6,-16,-13,11,-30,-20,-7,-13,8,0,-10,8,-28,-20,1,-32,7,-27,7,11,-11,-16,-5,-25,-18,-16,-10,18,-19,12,-3,-7,21,-7,-19,-24,-20,-17,15,-7,14,-20,-46,-2,-1,-1,-2,-1,-1,-1,-1,-2,-2,-1,-1,-2,-1,-2,0,0,-1
-256,9,10,-41,-10,-2,-14,20,6,-17,-19,-2,4,15,-1,-14,4,-31,2,22,-13,-1,-20,24,-3,20,-2,22,-25,-16,24,-8,5,-7,-7,258,13686,13481,13499,13466,12920,-13896,-12942,13907,12923,-13360,13361,-13372,13611,-244,4,-33,-23,-52,4,-28,-24,-2,12,-21,22,-7,1,-7,-9,-3,-22,15,-9,-44,3,26,-34,-4,-1,-26,11,-13,-2,-23,59,3054,2966,3009,3019,2869,-3106,-2880,3052,2899,-2414,-32675,26481,32444,29357,28283,-30363,-28291,30347,28254,-29226,29158,-29197,29779,-473,-7,-5,-13,-32,-8,8,-27,-21,7,-19,-36,11,-5,-5,6,5,2,-6,-31,-5,11,1,-20,5,-9,12,-45,-41,6,-63,-4,-44,23,-6,3,1,-14,9,11,-2,-5,-3,0,-17,-11,-11,-11,-5,0,-11,-1,8,-4,-20,12,-9,3,-16,6,-7,-24,-8,-14,-17,22,10,-9,-3,-22,-8,9,0,-12,6,-16,-16,-11,13,-18,2,-8,-5,-6,19,-4,9,-23,-14,7,-15,-18,24,-8,-1,7,-5,14,-3,-15,5,-2,16,-7,-12,-16,-4,1,-1,-22,-39,-17,-7,-14,1,3,-17,-5,-11,-4,-9,-12,-29,1,5,-12,8,-7,-2,-1,-1,-2,-1,-1,-1,-1,-2,-2,-1,-1,-2,-1,-2,0,0,-1
0,2,-15,-11,-14,-14,-11,-22,-29,11,-23,-5,-12,2,-9,-20,6,18,-46,-9,5,-2,-10,-3,-9,-2,-5,10,11,-11,-21,5,-14,-17,1,277,13695,13481,13465,13471,12953,-13911,-12939,13907,12901,-13375,13358,-13365,13603,-226,-10,5,-8,26,-29,-31,-14,-19,-11,-33,13,1,-24,-29,1,18,-7,-16,12,-33,-20,-20,-22,-14,9,23,-8,-23,-26,-32,42,3071,2997,2998,2990,2900,-3120,-2901,3110,2885,-2379,-31877,27220,-32302,30103,28957,-31178,-29014,31119,28969,-29940,29922,-29950,30531,-498,-15,49,10,-15,-23,3,-16,2,6,-8,-40,-11,-16,-35,-8,-4,16,-23,-17,11,-29,19,22,10,37,-24,-33,-39,1,-8,-2,-27,-39,-7,-8,-15,-20,-1,18,12,1,-16,-2,-20,4,-29,-8,-20,-26,-33,8,-6,-13,8,19,-15,1,-38,-26,0,3,-2,-14,-26,17,-15,5,17,8,14,-24,0,-38,7,13,-22,-10,-20,-11,5,-15,-6,-13,32,-7,-6,-11,-24,12,0,8,-34,-17,-5,-9,-14,0,3,1,18,-8,11,1,-7,3,-15,-3,-28,-4,6,-29,3,-1,-14,-18,-26,-8,9,2,-18,28,-1,-11,-3,3,6,-22,-2,-1,-1,-2,-1,-1,-1,-1,-2,-2,-1,-1,-2,-1,-2,0,0,-1
-256,1,-9,-22,-9,-41,-10,-3,11,-6,-7,-21,-20,-5,2,-16,13,-1,11,-11,6,-11,-2,2,-34,-23,-8,5,-20,6,8,-7,18,-14,-17,263,13686,13454,13453,13464,12905,-13893,-12956,13912,12921,-13368,13345,-13357,13630,-218,6,-25,-51,2,6,-16,-35,-4,-8,3,-1,7,-31,-23,5,-21,13,-13,4,-37,10,0,0,-22,-6,-28,-4,1,-1,-7,32,2827,2760,2782,2783,2674,-2893,-2699,2915,2686,-2231,31759,25788,31361,28465,27374,-29480,-27429,29404,27376,-28267,28273,-28234,28851,-438,-67,-6,0,-3,22,-19,9,1,1,13,31,-21,-61,-7,31,11,2,21,-34,-25,-2,-28,27,4,-22,-26,11,12,16,21,-54,10,-19,-13,-39,-19,-12,5,-19,21,0,-1,14,-17,-18,-14,1,-1,-18,4,-5,22,6,-21,-9,-19,-17,5,-12,3,-11,-1,7,-9,-25,0,-5,3,12,-12,6,-21,-7,-21,-6,-10,35,-8,-19,7,-8,10,2,-6,7,-39,-39,-8,-14,-10,17,-14,12,-39,-26,-8,-4,-13,5,-11,-19,-3,-11,18,-19,6,-10,8,18,3,-25,-12,-16,-5,-19,-13,-2,-7,9,9,-13,-5,6,0,26,-16,4,-2,-1,-1,-2,-1,-1,-1,-1,-2,-2,-1,-1,-2,-1,-2,0,0,-1
-256,-19,-24,-17,-16,-21,-28,-10,-19,13,-3,-3,-15,-12,18,-12,-17,4,0,-2,1,-2,-17,-26,-16,2,-19,-9,-12,-13,-18,-18,18,12,-14,252,13669,13483,13465,13476,12922,-13900,-12957,13910,12928,-13379,13364,-13354,13619,-237,-15,-2,-24,-24,-11,-7,-30,-11,14,-1,-4,7,-4,-28,-29,-11,-2,7,53,31,-15,17,-3,-23,-11,-3,-24,55,28,38,26,2455,2473,2413,2468,2305,-2528,-2336,2536,2371,-1941,27436,22211,27087,24588,23653,-25440,-23639,25390,23645,-24440,24403,-24332,24841,-412,-34,-27,0,2,-12,13,-36,-8,-32,18,-70,-15,14,-52,-32,18,-47,-14,-20,-36,-6,-33,-29,-16,-58,-38,0,3,32,-26,-25,-25,-26,-16,-2,-24,-9,-21,-18,19,-4,-12,-29,-7,-17,14,-7,20,-26,-23,-9,24,10,0,6,2,-33,7,-3,3,-23,-14,-19,3,-20,11,-28,-10,-6,-19,5,1,6,-10,-2,-15,-16,-50,-21,-8,-23,-25,9,6,-13,-4,-5,-18,19,14,-2,2,-30,8,4,-5,-9,-36,-1,-10,1,3,-11,-6,-29,3,-1,7,21,5,-8,-20,9,-1,-28,-23,-19,2,-10,-3,-31,30,-24,-15,-3,11,-16,-2,-1,-1,-2,-1,-1,-1,-1,-2,-2,-1,-1,-2,-1,-2,0,0,-1
0,-25,-1,4,5,-15,-12,13,-33,4,-11,-9,27,-1,4,9,-21,-6,-19,-17,-21,13,9,-7,11,-5,-7,-7,-17,-4,-14,-3,-5,-4,-17,267,13694,13503,13502,13466,12941,-13896,-12959,13895,12949,-13360,13354,-13362,13627,-227,10,-6,-12,-44,2,-12,-17,-8,3,-30,-13,-40,-44,-9,-8,-37,21,-28,21,-2,-10,-42,-40,-17,-35,-31,-34,-18,18,6,32,1747,1712,1701,1702,1659,-1803,-1688,1785,1692,-1384,20750,16996,20461,18722,17926,-19393,-17999,19293,17997,-18572,18548,-18578,18948,-321,11,-33,-6,-8,17,-7,-22,-25,-13,-15,-17,-6,27,-26,-2,5,11,-7,-11,2,-30,-27,5,-13,9,-7,26,19,-20,-23,14,5,4,-32,0,19,9,-21,-16,22,-10,-5,16,-9,19,-3,-8,-12,5,-24,-2,7,21,-3,9,-14,6,-38,-5,-7,-15,-22,27,-10,15,5,18,18,-16,-2,-19,4,-7,-17,12,-6,-29,-12,-5,-6,-16,-10,-4,-12,-5,-15,1,-23,-16,27,-39,-7,-12,-8,4,-40,-8,6,-7,7,-10,-18,-9,-3,-15,16,-26,9,-7,-11,-9,-28,-14,5,-27,-15,-1,10,-11,-11,-4,-10,1,13,17,-14,-25,-2,-1,-1,-2,-1,-1,-1,-1,-2,-2,-1,-1,-2,-1,-2,0,0,-1
-256,-2,0,-34,-25,-8,-6,-25,10,-20,5,-21,-14,-8,4,-10,-8,-3,-12,-4,4,7,0,-2,18,-5,-19,15,1,-5,4,-19,-26,-17,5,265,13650,13483,13459,13454,12918,-13893,-12919,13913,12946,-13364,13359,-13358,13632,-212,9,-3,-25,-22,-17,26,-33,6,12,-23,-8,-9,-22,-45,-6,-5,-25,13,3,3,7,-3,3,-17,-8,1,6,-26,-14,-15,-2,1007,1004,941,993,951,-1031,-925,1003,924,-747,12457,10409,12297,11316,10865,-11698,-10880,11700,10871,-11275,11256,-11231,11448,-160,-49,-6,-25,-17,-19,-18,23,-12,-11,-13,6,-19,-14,20,47,3,6,-24,4,-21,6,10,-7,2,-3,20,-20,-47,-29,34,13,-37,8,-6,-16,-13,-44,-13,-7,-20,-7,16,-5,-17,-2,7,-13,-3,-2,10,5,-18,-24,-5,12,-4,-24,17,-13,-1,21,-10,-20,-10,-22,-2,-3,-13,-13,-6,-16,9,-12,9,-12,-15,-39,-15,25,7,-25,-23,11,-20,22,15,-16,-24,-41,-8,-29,-11,-17,-4,12,-14,6,3,-1,-19,22,-48,38,-34,41,-19,17,-26,-15,-16,-17,-33,8,-11,-17,12,-27,-19,-26,2,11,-15,-5,-2,3,-22,-7,-2,-1,-1,-2,-1,-1,-1,-1,-2,-2,-1,-1,-2,-1,-2,0,0,-1
-256,-30,-24,14,-25,-21,24,-2,22,5,-19,0,-16,-15,-10,-7,-3,-5,-29,-13,-19,-16,-6,-20,0,-21,-36,-21,0,21,12,-10,-1,-49,-13,265,13665,13466,13470,13476,12927,-13917,-12957,13917,12906,-13362,13360,-13383,13613,-209,10,-2,-17,-11,-24,-17,22,-7,-20,-3,-23,-2,7,22,-7,8,-2,-12,-3,-7,0,-26,-42,-32,-33,-4,-5,-4,-10,-42,-9,109,113,136,121,128,-111,-95,87,94,-50,3326,2873,3192,3017,2939,-3155,-2925,3153,2844,-3005,3003,-3030,3050,-61,8,-13,-4,7,-2,-9,30,-22,1,4,1,-7,-17,-16,12,-15,15,-15,-3,-3,-12,4,19,32,-22,-12,1,26,48,-8,3,-1,-20,2,-6,-17,-3,-5,-13,13,30,9,0,-23,-1,-17,9,-9,-33,7,-5,-2,-19,-12,14,1,-6,36,15,15,-14,10,-12,-25,7,-5,-7,-11,-8,-24,15,2,-2,-1,-25,18,9,-21,-2,-12,-2,-11,2,-38,7,-13,-19,-6,0,-24,-2,5,-6,2,-17,-29,-27,-10,-20,4,-13,6,-13,-3,5,4,-1,-10,-32,-14,-29,12,-13,15,11,-18,2,-9,-3,9,6,14,-13,8,-4,-12,-13,-2,-1,-1,-2,-1,-1,-1,-1,-2,-2,-1,-1,-2,-1,-2,0,0,-1
-256,5,-12,-41,37,7,-18,-17,0,-8,-25,-20,5,-33,-23,-22,-10,-17,0,-19,-4,1,8,-14,-34,-9,18,-3,18,2,-28,-4,5,-15,-27,264,13704,13478,13490,13441,12913,-13930,-12948,13885,12930,-13403,13344,-13401,13628,-211,9,-6,-12,-19,8,-14,-14,-5,-21,-27,-25,-44,-30,-20,4,-38,-29,-26,-42,4,-2,4,-31,-36,-27,15,11,13,-23,-7,-30,-732,-717,-733,-745,-683,742,698,-739,-702,633,-6144,-4683,-6114,-5356,-5214,5707,5260,-5675,-5236,5460,-5454,5452,-5571,89,-24,-18,-55,10,7,-1,-10,-4,-3,-14,-37,16,20,-13,-7,-41,-12,-13,8,-11,-18,-15,-10,-25,-38,-30,30,18,4,-17,18,-3,-26,-12,-15,-14,14,-8,-23,-42,-6,20,5,-2,-20,-7,-4,21,11,-37,-11,1,15,5,-12,-15,2,-32,-14,11,6,-22,-15,17,-6,-18,-20,18,-9,11,-19,-24,27,-19,-5,25,3,12,6,18,-23,-13,-12,-1,-18,-11,14,4,-7,8,-16,2,-8,5,14,-23,-9,-14,18,-18,27,-9,6,12,-18,-16,-15,-15,-18,-1,9,-3,-26,-9,-10,-2,-14,21,-11,-20,-4,-20,-13,-13,-1,-46,6,-2,-1,-1,-2,-1,-1,-1,-1,-2,-2,-1,-1,-2,-1,-2,0,0,-1
0,2,1,-33,-2,-9,-13,-17,-8,12,-3,-10,1,3,-14,6,-22,-6,-17,-37,-14,12,-29,-8,-34,-13,-14,-17,-2,-7,-24,-24,4,9,-29,260,13718,13469,13483,13454,12938,-13917,-12949,13891,12920,-13377,13346,-13346,13625,-204,-9,-15,-25,-20,-23,18,-28,-2,18,-8,-3,-4,-4,14,-13,-18,-4,-24,-11,-37,-11,-27,-6,-16,-46,-20,16,-10,-27,-14,-84,-1537,-1501,-1472,-1463,-1438,1561,1417,-1524,-1422,1198,-15217,-12016,-15014,-13488,-12948,13882,12924,-13960,-12981,13463,-13472,13478,-13754,210,-15,-33,-30,17,-8,14,43,-23,6,-21,-31,17,31,0,-11,3,-19,-16,6,20,-25,-1,-4,-56,-19,1,-8,5,-10,-9,-23,-4,-17,-6,-5,8,-24,-7,-19,-31,-19,25,11,-23,-5,-23,-5,-43,11,-10,-6,24,-16,8,-21,38,-20,10,4,-14,24,25,-10,-20,0,-12,-8,-16,-2,7,-22,-12,-15,-18,-4,8,-14,-13,12,-14,-5,-22,-11,2,11,2,-24,-16,-18,-41,-15,-15,0,-9,3,-10,-16,-19,-22,-30,7,-4,-8,-11,-15,-12,3,-33,2,-19,-14,19,8,-5,5,12,-8,-4,-17,-15,18,0,15,-9,-29,16,-4,-2,-1,-1,-2,-1,-1,-1,-1,-2,-2,-1,-1,-2,-1,-2,0,0,-1
-256,-16,-17,-8,13,14,-10,-10,9,1,1,0,0,-22,-25,-26,16,9,-11,-8,-25,-2,-23,-19,-15,-15,-3,-25,-31,0,16,-2,-10,12,-28,265,13678,13439,13487,13473,12922,-13910,-12953,13890,12915,-13390,13354,-13376,13634,-239,-57,11,-11,-2,-29,-2,-15,4,14,6,-10,19,-4,-18,-2,-13,15,-13,8,1,-28,3,-12,-22,5,-39,-28,-6,14,-1,-68,-2219,-2190,-2113,-2113,-2037,2127,1992,-2154,-2039,1657,-22946,-18450,-22667,-20488,-19713,21163,19711,-21184,-19706,20348,-20378,20340,-20856,316,7,-6,-13,-15,-23,-11,9,11,-8,2,-23,-22,-77,-3,-15,2,-20,-14,2,-26,-18,-11,-2,-28,-6,-1,-15,38,-12,-35,-12,-26,5,-5,-31,12,-6,11,-23,1,-9,34,-11,-11,16,-8,-14,-5,1,6,-8,-21,-47,-33,-6,-11,-9,-15,11,-15,11,10,-8,3,-4,2,2,-16,0,5,-16,14,-26,-22,8,-22,15,-23,23,-5,-4,-24,-19,-9,-23,-5,-2,-23,-5,-5,-8,-39,-1,-27,-8,-2,-15,-16,5,-20,-32,27,-35,16,-6,-5,17,-14,2,15,-28,-21,-27,-34,-26,4,-3,-18,6,6,-34,-14,3,-22,4,8,-20,-2,-1,-1,-2,-1,-1,-1,-1,-2,-2,-1,-1,-2,-1,-2,0,0,-1
0,5,-25,-23,2,11,-10,-22,9,-20,-35,-19,5,-10,13,-18,-12,-9,2,-2,-6,6,5,-13,-8,2,5,-3,-23,0,-25,-8,1,13,-43,254,13680,13481,13439,13461,12952,-13901,-12951,13900,12900,-13389,13383,-13369,13652,-229,-30,20,-24,-29,-25,5,-27,16,2,-1,2,-16,-12,-15,-4,16,-13,-21,6,-26,-13,-15,-18,5,11,-1,-2,-7,-6,-16,-73,-2761,-2721,-2675,-2706,-2592,2790,2584,-2776,-2569,2167,-28989,-23292,-28626,-25876,-24845,26699,24891,-26707,-24897,25719,-25676,25727,-26220,419,22,-50,-2,21,-9,-36,-13,-48,-14,8,-5,-20,22,-7,7,17,-1,-7,-32,1,-41,-10,-52,8,-14,14,-33,-35,-21,3,-5,-6,-28,-29,-20,-31,-24,-28,-26,-3,-3,2,2,1,16,14,-22,-6,15,-8,-11,0,-12,-6,-14,10,-6,12,-3,-8,21,6,-4,-2,-14,-15,-30,-14,-25,8,7,34,-16,0,7,-18,-2,-2,-7,3,-6,0,-12,-11,21,-19,-25,-11,4,28,-40,-32,-1,5,3,21,0,-6,17,1,2,-4,-40,5,-4,-9,9,-4,-37,-3,-14,-2,-20,-26,-6,-20,-7,14,-50,-3,9,1,-35,-33,-28,-16,-9,-2,-1,-1,-2,-1,-1,-1,-1,-2,-2,-1,-1,-2,-1,-2,0,0,-1
-256,-4,-4,11,-33,7,-6,-3,-14,-21,-2,-7,-18,-28,-10,-6,1,18,-4,-11,15,-13,-1,-19,-12,-5,6,-15,-30,-38,-2,-12,-6,-22,-5,236,13716,13450,13467,13503,12927,-13904,-12936,13901,12905,-13349,13324,-13367,13617,-230,-3,0,-29,-14,-30,-7,15,12,2,-31,-14,-9,14,6,-27,-22,-15,-23,-8,18,15,-12,10,11,14,-31,19,13,-24,-31,-91,-3002,-2974,-2946,-2944,-2864,3031,2815,-3100,-2868,2344,-32615,-26343,-32207,-29206,-28051,30107,28039,-30172,-28071,28972,-28957,28983,-29590,463,10,20,-13,24,0,25,-2,-4,4,-31,-34,45,29,31,-5,-10,-20,8,-14,-1,8,-30,-17,-10,-54,1,-7,-7,5,7,-21,-19,-18,4,-13,39,-8,-29,15,6,-6,5,11,-1,9,-2,-10,-34,-9,-39,19,-15,11,-15,6,-6,-30,5,-21,-8,-9,-18,-14,12,-3,-5,2,-29,-12,-1,3,16,22,-1,-14,5,13,-2,-1,-10,2,-21,0,0,-1,5,-9,-21,-15,-21,-20,-4,-41,16,-13,-11,11,-1,-7,-15,-24,-26,13,-8,12,16,-22,-24,2,-16,-13,2,-5,4,-6,-6,13,-4,-12,-7,-8,-24,-9,10,15,15,7,-2,-1,-1,-2,-1,-1,-1,-1,-2,-2,-1,-1,-2,-1,-2,0,0,-1
-256,-12,-6,-32,1,-1,-3,11,3,-9,-25,6,-12,-16,-13,20,-8,-22,5,-15,15,5,-7,6,-18,36,2,-12,-17,11,-48,-23,7,-24,19,238,13676,13462,13494,13493,12932,-13898,-12928,13892,12940,-13362,13349,-13386,13612,-239,-26,-29,-1,-12,-5,-29,-13,-27,-10,-15,-11,4,-13,1,-9,-19,1,-15,-21,18,-40,-13,-25,22,-11,-20,-9,-25,14,-6,-76,-3070,-3049,-2998,-3014,-2896,3118,2890,-3104,-2909,2379,31821,-27242,32286,-30166,-28998,31174,28994,-31159,-28977,29950,-29974,29943,-30541,470,-22,-3,-22,-21,8,-4,-50,-11,-20,-27,21,35,-2,7,4,-19,-42,-24,19,-13,16,14,21,-6,15,21,-31,-25,-55,-31,17,4,-29,6,8,-12,-16,-30,-10,4,11,-24,-22,18,-21,-14,-11,14,-29,-15,-36,-5,-39,6,-23,-8,-13,0,0,-16,-26,4,5,-22,-15,10,-1,-9,2,5,-17,-31,9,-6,-4,-7,1,-14,14,17,-14,-3,18,6,-4,22,17,-4,-36,-5,-7,-7,6,2,-14,-3,-18,-6,-33,-6,10,-5,1,14,-4,-29,-4,1,1,12,-39,29,-8,4,-13,-4,-11,-16,-16,-23,22,-16,-41,-13,12,-1,-28,-2,-1,-1,-2,-1,-1,-1,-1,-2,-2,-1,-1,-2,-1,-2,0,0,-1
0,8,-20,42,-22,10,-24,-15,-14,-7,-12,-28,12,-5,19,4,-15,-10,16,-9,-21,4,14,-17,-11,-29,8,-1,-6,-14,3,6,0,-19,12,245,13677,13456,13458,13474,12951,-13885,-12949,13896,12927,-13364,13346,-13367,13613,-220,-6,3,29,-33,-6,-5,-11,-4,10,-13,32,-9,11,-3,39,-23,-35,-15,-20,-13,15,6,21,-35,-28,-16,6,21,-45,-23,-50,-2909,-2850,-2837,-2820,-2746,2918,2715,-2898,-2745,2201,-32064,-26047,-31673,-28768,-27686,29687,27628,-29700,-27637,28496,-28530,28532,-29123,460,0,11,-9,14,-16,-27,14,44,24,-79,-22,11,0,22,-17,7,26,2,29,-31,1,-10,20,42,20,-12,-3,18,-2,19,-22,14,3,-24,15,19,-22,30,-23,11,-15,8,-29,-20,-6,4,-27,-1,-8,-24,-19,12,23,-26,22,-21,-8,8,-47,25,-36,-36,-1,-42,-27,-1,-11,-17,-14,-9,21,-39,-1,-9,4,-7,-5,-30,2,1,2,4,6,23,-4,-22,-22,-16,18,4,-18,1,11,-4,-17,-18,-15,1,-11,16,18,-12,-10,-35,-16,-5,-2,0,-13,-29,-6,1,-11,22,-2,6,-6,-10,-4,-18,-11,-18,-18,26,19,10,-11,-2,-1,-1,-2,-1,-1,-1,-1,-2,-2,-1,-1,-2,-1,-2,0,0,-1
-256,7,-20,-21,-14,1,-15,-28,-15,20,-14,-1,-11,-18,30,-19,-29,-23,4,-11,12,11,-18,-26,-36,-2,9,-5,-5,-15,-19,6,0,-40,9,246,13690,13482,13484,13467,12922,-13922,-12974,13885,12929,-13379,13353,-13338,13627,-211,-28,4,-6,-50,-23,-14,13,9,-16,-4,5,-30,2,2,18,-2,26,-16,-8,24,-9,0,15,-24,-43,-14,2,-36,-4,3,-53,-2423,-2407,-2412,-2380,-2295,2463,2275,-2453,-2310,1831,-27879,-22751,-27515,-25082,-24105,25918,24079,-25918,-24103,24869,-24852,24800,-25299,358,14,32,-16,-14,1,-8,12,-7,-7,8,38,-25,27,-23,-13,-19,39,-19,-6,-3,4,1,-3,-6,-9,-45,-21,23,12,-22,-23,23,10,-21,-3,-9,1,-14,-35,-5,-12,0,7,-15,-21,-3,-14,-1,-6,2,-3,-14,-1,10,-26,-7,8,19,30,6,-3,-20,-30,-15,-29,-3,-1,-9,-8,-18,-7,-20,-10,8,-12,-7,9,-9,-12,11,-15,-11,-20,-21,26,-3,-2,-44,-12,20,-13,-21,0,-7,12,20,-4,-1,3,5,-11,15,-8,-35,-6,-9,-5,3,3,-3,-21,13,10,-18,-27,-11,-19,-7,7,-5,-8,-29,-4,8,-19,3,-27,-2,-1,-1,-2,-1,-1,-1,-1,-2,-2,-1,-1,-2,-1,-2,0,0,-1
0,2,-5,10,-8,-12,-1,10,9,-5,-8,-16,4,-23,9,-15,-12,-8,11,2,6,-25,-26,-4,0,1,-15,-29,-22,11,13,27,-2,10,-23,253,13696,13460,13507,13475,12949,-13883,-12938,13931,12953,-13373,13357,-13358,13631,-235,-24,-5,-18,3,9,-25,8,-9,-33,38,-37,-17,-44,-20,9,-19,-26,-6,-5,-26,8,-18,-1,-16,-22,26,-22,-24,-26,-3,-20,-1861,-1839,-1823,-1860,-1786,1879,1742,-1878,-1748,1416,-21502,-17598,-21220,-19358,-18623,19983,18565,-19958,-18607,19192,-19224,19230,-19602,306,-16,-17,-20,-11,15,1,-22,-10,-7,-11,21,14,-9,-6,-31,-35,-34,1,27,-13,-9,11,-9,1,7,-17,-1,38,-11,-24,17,-12,-5,-16,2,-23,8,5,-31,-7,-39,26,-25,-29,-43,-60,4,22,-7,-2,-6,-26,2,-14,-21,3,-16,7,-11,-6,-10,1,-13,-31,6,-11,1,11,3,-8,-17,-29,-5,26,-13,-7,-13,-13,-12,-21,15,26,-27,12,-2,-5,16,6,0,27,-10,-34,1,-32,11,-2,3,-8,-2,15,-11,18,-23,-41,0,-17,-24,10,8,-17,21,-15,0,-23,-27,-15,-3,-6,-11,1,6,-35,5,-11,-13,-28,0,-2,-1,-1,-2,-1,-1,-1,-1,-2,-2,-1,-1,-2,-1,-2,0,0,-1
0,-15,6,-15,4,-18,-11,5,-6,-27,-12,-9,3,-7,-60,-11,-44,-4,16,3,16,-2,-1,-5,-29,14,-6,-19,3,-21,-16,1,-14,-18,-6,247,13663,13474,13501,13474,12921,-13900,-12931,13888,12939,-13363,13342,-13358,13643,-238,-4,-10,-15,-7,-24,-28,-43,-27,-15,23,-14,-39,12,-25,-37,10,-11,0,0,22,22,-9,-8,-36,42,9,2,-8,14,19,-37,-1079,-1060,-1052,-1097,-993,1077,1007,-1065,-1026,814,-13377,-11053,-13218,-12133,-11622,12483,11621,-12472,-11643,12026,-12016,11972,-12223,212,-22,-6,6,-49,-14,-29,-12,-26,-31,10,-10,14,28,-17,-6,-13,-7,7,8,0,40,27,-38,-52,-33,-4,4,-42,19,15,-9,-5,0,-23,10,-19,-10,-34,-5,3,7,-7,-17,9,1,-30,-23,0,12,6,-5,-13,-18,10,14,4,8,-11,-26,-20,-19,6,5,-17,4,-10,-2,-37,-11,-32,-10,-4,-1,-31,-29,-1,-18,8,-4,-14,7,-9,2,-7,-7,-9,0,-6,-2,-3,-22,-52,-3,-24,8,0,-25,-6,-1,-35,-6,-8,31,-2,9,-23,-19,15,-2,-6,-14,-8,-2,3,-16,6,-4,-21,11,10,-3,-8,-14,8,-11,-2,-3,-2,-1,-1,-2,-1,-1,-1,-1,-2,-2,-1,-1,-2,-1,-2,0,0,-1
-256,-12,-21,-14,12,1,-35,-29,-12,-5,-23,3,-41,15,-15,2,-14,18,-17,2,7,23,-7,14,15,-19,-18,3,-18,-19,3,-3,-2,22,-20,251,13675,13482,13478,13452,12925,-13920,-12951,13901,12924,-13367,13350,-13344,13627,-220,17,-25,-45,2,-11,-10,-3,-1,8,5,-16,-12,-9,-13,1,-12,-4,-4,-4,2,6,-7,0,-10,-13,39,9,-24,-4,6,-2,-242,-230,-254,-248,-254,214,197,-251,-234,157,-4264,-3649,-4078,-3846,-3726,3984,3697,-3993,-3720,3824,-3857,3883,-3941,13,-6,-23,-6,-5,-22,-16,0,-2,-33,21,-38,11,15,-15,-3,7,2,-17,-16,-33,33,3,11,14,0,8,-19,-52,-4,17,-18,-35,-16,-8,-29,0,-11,37,-1,-23,-9,-12,-2,19,-7,15,-8,-1,-22,-17,-42,-13,-7,-17,3,-11,-1,16,-17,-11,24,-44,-2,-15,-32,-29,14,1,-16,-42,-16,-20,-3,-34,14,-14,-12,-7,-29,-13,-2,-7,-24,-8,-7,-12,2,-17,-10,4,-26,15,-15,-17,-22,-24,-31,-28,-51,-3,-7,-34,2,-2,-6,-4,2,-20,-37,-8,10,-14,21,-9,0,13,-8,-11,-5,15,-6,3,-16,6,3,-24,11,-2,-1,-1,-2,-1,-1,-1,-1,-2,-2,-1,-1,-2,-1,-2,0,0,-1
0,7,-20,-5,-5,11,-10,-21,6,-5,19,-16,15,-34,4,27,7,-24,-13,-2,-6,-17,-6,-42,-7,-27,-12,-29,-3,5,-1,4,-24,-13,-4,257,13699,13439,13483,13465,12929,-13906,-12945,13902,12942,-13355,13352,-13343,13623,-220,-17,-3,-7,16,-9,-7,25,-11,10,-19,-7,9,17,-23,-5,13,-2,-23,-7,-10,-14,-17,5,8,-16,-25,-26,3,-9,-4,54,627,616,592,605,573,-641,-610,630,569,-505,5268,3965,5183,4551,4385,-4843,-4522,4793,4500,-4670,4631,-4635,4744,-105,2,-12,-5,-2,13,-6,12,-31,49,-16,4,18,-22,6,-12,-16,-29,6,17,-6,-28,20,-24,-41,-24,-12,-8,15,13,33,-16,11,-14,-25,-9,-6,-9,-28,-12,8,8,-8,15,-24,-24,17,-7,-3,8,9,-21,-15,-1,-5,6,19,26,-10,4,2,-31,-10,-26,3,-6,-2,26,12,18,1,-5,-29,-16,4,-3,-3,-15,6,13,19,9,7,-9,-18,-14,-15,-4,11,-51,20,15,4,-11,-24,-21,-5,1,6,8,14,-28,0,-16,5,-29,6,-10,-10,-25,-8,-25,-9,-14,-8,-37,-7,-32,-2,-2,-10,-20,6,-23,-11,-3,-21,5,-2,-1,-1,-2,-1,-1,-1,-1,-2,-2,-1,-1,-2,-1,-2,0,0,-1
-256,10,-13,-10,8,4,-16,-14,1,6,-11,-13,-23,-14,-6,-5,6,-11,-26,-11,-5,18,-13,-2,-43,-26,-12,-22,-8,18,-2,-4,-15,-1,-3,261,13688,13480,13488,13482,12951,-13899,-12936,13895,12913,-13371,13339,-13378,13651,-234,-13,-1,8,-34,3,-19,-8,-12,12,10,-4,-40,-31,-11,-22,-12,-10,-27,-27,-9,0,-12,-6,-1,0,-29,-16,-14,-20,-13,41,1446,1426,1392,1410,1350,-1493,-1379,1458,1360,-1174,14357,11334,14200,12707,12202,-13156,-12257,13157,12294,-12758,12717,-12752,13002,-195,17,-12,-17,-24,12,-13,-6,17,15,1,-20,-22,15,16,-41,-31,-9,30,7,12,-1,19,22,7,-42,-15,-14,35,-25,-18,-20,8,16,0,3,-23,-16,8,-3,-5,-17,-8,-22,-15,13,-1,-9,13,-9,-12,13,-5,0,-2,-15,-13,3,1,-9,3,-11,-17,10,-13,29,8,-34,-18,-15,-3,17,-7,-13,10,-5,10,5,-15,-26,-10,7,-23,-30,-3,23,-19,-20,-9,-11,-5,-16,1,-23,-23,8,2,-5,1,-35,13,-18,-10,-10,-10,25,-3,10,1,-12,-2,1,24,2,9,-12,-17,-21,4,-6,7,-10,-10,9,11,10,-5,10,-2,-1,-1,-2,-1,-1,-1,-1,-2,-2,-1,-1,-2,-1,-2,0,0,-1
-256,-14,-19,1,40,-7,-19,-5,-23,-11,-9,-17,-27,18,7,-13,12,19,1,9,-6,0,-16,-22,7,1,-17,-24,-13,15,21,-6,-6,-5,-11,249,13679,13471,13485,13461,12927,-13901,-12939,13908,12932,-13368,13356,-13349,13648,-212,2,-17,-19,-25,11,-5,11,-9,-2,8,-22,-26,-34,14,-18,5,-13,-12,-9,-10,-25,-8,1,-12,-18,-5,7,-26,-4,-5,42,2125,2101,2125,2088,2008,-2181,-2032,2188,2022,-1684,22297,17831,22037,19864,19111,-20560,-19080,20518,19090,-19747,19746,-19737,20236,-327,-8,-16,-13,12,-2,6,4,6,-6,-7,-22,-19,27,-22,-28,1,-37,1,-21,-39,-12,-16,-9,-28,-5,-22,-19,-19,-5,-4,-14,-5,23,6,11,-21,-29,-33,-7,-1,-10,-39,31,-5,26,-5,-10,7,-4,-11,25,-9,-1,-14,-24,-16,18,-19,-17,-15,1,6,14,7,2,-27,1,27,-12,-10,-35,-23,-5,-9,37,-26,7,-4,12,5,-20,12,-17,-9,-42,-13,-16,-17,3,-4,-30,-12,-12,12,-32,21,-13,-21,22,0,-15,-17,-16,10,13,5,-5,12,16,20,-17,-20,32,-12,-21,-7,15,-10,9,2,-30,-19,-3,-9,-17,-5,-5,-2,-1,-1,-2,-1,-1,-1,-1,-2,-2,-1,-1,-2,-1,-2,0,0,-1
0,-33,-12,-11,-14,-5,-22,7,-16,-4,-2,15,-14,-17,-14,2,-2,-25,-23,-23,-2,-7,2,-12,-10,10,-23,22,-8,9,-18,-11,6,-1,6,306,13679,13509,13462,13474,12946,-13911,-12944,13900,12924,-13370,13369,-13374,13649,-216,0,4,-29,13,0,-19,0,-6,-7,13,17,12,15,-50,-7,-7,-2,-7,18,-1,39,-12,13,18,-9,7,-25,15,-38,11,93,2656,2599,2598,2614,2558,-2727,-2542,2714,2505,-2117,28474,22877,28141,25475,24440,-26326,-24459,26295,24439,-25282,25250,-25300,25794,-413,3,-8,27,-19,-15,4,11,-20,-7,-24,5,12,10,-21,-11,-36,7,-10,12,-20,17,22,15,-2,-4,-23,-4,25,-15,-2,21,-31,-27,26,-39,20,-17,-24,-29,-16,17,-16,-2,7,-17,-24,6,-36,-10,-15,-2,0,-17,-13,-3,-2,-32,16,14,-30,9,15,12,-12,25,-9,-9,-18,1,4,-12,-16,2,-3,4,-1,-17,23,23,-9,-9,-6,-7,-8,-6,-17,-11,-16,-10,-35,-5,7,21,-12,-2,-10,-18,18,-13,12,-13,9,12,-21,-22,9,21,-1,-19,16,-23,8,16,-6,-13,-7,-20,-15,3,4,-50,-4,-14,-13,-31,13,-14,-2,-1,-1,-2,-1,-1,-1,-1,-2,-2,-1,-1,-2,-1,-2,0,0,-1
-256,-4,2,-20,-11,8,-5,11,-17,1,-13,-3,-9,7,5,-33,-5,-22,-9,1,-27,14,-20,34,-8,-18,3,3,14,-14,19,-15,6,24,-21,223,13683,13471,13485,13448,12904,-13926,-12950,13919,12946,-13382,13350,-13358,13629,-227,-7,5,-25,10,18,5,-31,26,-56,-2,-21,0,9,3,-16,-11,-16,-25,-26,-11,-12,-16,3,0,-30,-3,-16,-15,12,-9,66,2986,2940,2944,2928,2803,-3035,-2839,3029,2802,-2376,32353,26104,32014,28954,27842,-29931,-27850,29938,27865,-28794,28779,-28785,29364,-459,-4,-36,12,-31,8,-18,1,-19,-29,-14,-43,-38,17,12,-25,-1,-15,40,30,-24,8,-42,20,-38,10,-5,2,-11,-32,-5,-18,15,-41,0,9,-10,-5,32,-9,3,-2,-19,19,-10,5,19,-24,-22,-11,-13,15,-38,-23,-11,13,-16,-19,-2,11,-30,-22,-21,-8,-29,-26,-19,4,0,-1,7,-9,15,-5,-10,10,-18,-16,-21,7,0,3,-10,-23,14,-16,-2,4,-14,4,10,-15,18,-16,6,27,-8,-5,-4,6,-11,0,1,-12,-2,-14,-20,-13,5,26,7,4,-6,4,19,-10,-7,-10,-4,-3,-17,-13,5,0,0,-2,-30,-4,-2,-1,-1,-2,-1,-1,-1,-1,-2,-2,-1,-1,-2,-1,-2,0,0,-1
-256,-16,4,-17,-4,-12,-1,-3,8,1,-12,-5,16,7,-26,-11,-18,1,-35,12,-10,-18,-48,-5,-21,20,-10,13,7,4,-15,-29,-6,12,-4,251,13685,13476,13444,13467,12934,-13912,-12943,13893,12931,-13365,13359,-13355,13650,-222,6,31,-5,-18,-29,-16,-8,-28,41,-1,-10,-8,-24,-7,-27,-8,8,25,-20,-14,-20,-26,-12,14,-7,7,-20,-1,-13,-8,65,3049,3030,3032,3023,2882,-3126,-2921,3111,2900,-2405,-31825,27219,-32258,30200,29039,-31186,-29032,31127,29022,-29972,29968,-29984,30576,-430,-33,41,-8,-48,-14,-12,2,9,-32,-21,-21,-2,-59,-7,-8,0,-8,10,-17,-7,1,18,-2,13,-43,-10,-11,6,-3,-26,-65,-25,-41,3,-21,-14,28,-29,5,-5,-35,-20,-25,1,3,-6,-16,-46,8,-41,-32,-7,-8,14,-15,23,6,11,12,38,5,-10,-6,2,18,17,-10,-29,-29,-9,-9,0,18,-10,-1,18,8,20,0,-16,-13,-9,10,-7,-3,-18,2,-23,-12,2,-22,8,-1,-11,3,-5,-29,-5,8,7,4,7,-7,11,-1,3,-9,7,-16,-22,-27,3,3,-6,-20,-19,-4,-11,-15,-6,-14,-2,16,-30,15,7,-25,-2,-1,-1,-2,-1,-1,-1,-1,-2,-2,-1,-1,-2,-1,-2,0,0,-1
-256,-19,-20,-6,-23,21,1,-24,1,-30,10,0,-28,-17,-6,1,-33,-14,13,28,0,0,35,-16,0,-5,-23,9,-20,-16,-5,23,-7,16,-26,215,13688,13446,13455,13480,12942,-13911,-12936,13894,12940,-13371,13353,-13341,13654,-225,-10,27,-7,-16,37,33,-3,-41,-8,-19,-20,-19,-10,3,-23,-19,-7,-12,-21,-16,-15,-18,-30,-18,-14,0,10,-37,24,4,36,2936,2873,2850,2883,2716,-2957,-2764,2952,2722,-2242,32347,26211,31957,28985,27884,-29979,-27829,29939,27874,-28815,28742,-28777,29366,-461,-21,-4,-11,16,5,5,11,-10,-12,-13,-9,-55,-2,19,0,-1,13,-10,-25,-28,-2,-9,-31,-9,-31,-3,-45,-38,10,-24,-11,-19,-38,2,-13,14,-15,-5,-5,-2,-17,-57,-26,11,-2,-25,-21,-14,-18,-19,-21,-5,-31,14,-9,-27,-2,19,-5,-5,8,-1,-19,-2,4,-22,-14,-26,-19,-11,-16,-22,-3,-22,-13,24,15,9,-6,-25,3,-6,-9,-15,-9,-5,-14,-10,-7,6,1,-3,22,7,16,7,5,15,3,-5,-7,-8,-10,-15,17,13,12,-20,-7,-7,-5,-7,-34,-10,-3,-30,2,8,-16,-41,-27,-9,-35,0,-8,-26,24,-2,-1,-1,-2,-1,-1,-1,-1,-2,-2,-1,-1,-2,-1,-2,0,0,-1
0,-3,-3,0,-9,-1,-31,-18,7,18,-21,-11,5,9,3,-15,3,5,11,29,-28,6,2,-3,-21,-3,3,-22,-35,2,-4,-29,15,-6,-14,262,13680,13498,13480,13461,12934,-13913,-12930,13893,12941,-13378,13334,-13379,13637,-231,-6,-20,4,1,-8,16,32,-17,5,-21,-20,5,11,-15,-9,-7,0,-14,7,-19,8,-11,1,-25,-3,-13,-16,6,-23,-32,28,2571,2509,2508,2527,2458,-2639,-2463,2620,2415,-2019,28465,23014,28103,25511,24515,-26373,-24512,26405,24553,-25388,25237,-25291,25762,-413,-18,-11,-20,-1,-1,23,-20,-4,-17,-23,36,-1,-4,8,-13,22,8,-20,-24,-6,17,-44,3,16,8,-29,-39,-37,-17,30,-20,-13,21,-26,-14,-9,4,-9,-12,19,-22,-3,16,0,14,-16,2,5,5,1,8,-35,15,0,-9,-3,-17,-19,13,-10,0,-22,7,6,-1,-15,4,-13,-35,-17,4,-6,7,3,-2,-1,-2,12,4,-8,3,7,1,-39,-9,-21,-18,14,22,-37,-5,-17,-29,-19,28,7,-6,-8,-3,-13,17,-34,-38,-10,10,-4,-42,11,1,-9,1,14,18,-7,-25,14,-17,-7,-12,-14,-6,-13,16,24,-6,-7,-31,-2,-1,-1,-2,-1,-1,-1,-1,-2,-2,-1,-1,-2,-1,-2,0,0,-1
0,-6,4,-1,-8,-10,-7,10,15,3,-18,-15,-24,-22,-30,-5,-32,-19,-33,-23,10,15,-4,-4,8,-26,-16,0,-3,6,15,5,-8,-19,-7,266,13699,13497,13429,13480,12939,-13918,-12946,13872,12914,-13341,13369,-13375,13607,-205,10,-16,-39,-5,-13,-35,5,-8,-23,2,-10,-50,-4,-32,-6,4,9,15,-13,-1,20,-26,-33,-3,0,-9,7,4,13,-27,42,1918,1914,1876,1884,1770,-1914,-1754,1876,1794,-1471,22184,18183,21872,19972,19217,-20655,-19184,20633,19222,-19829,19830,-19880,20231,-335,-17,-30,54,-5,-14,37,8,-42,-24,-20,-13,-15,23,22,-36,7,-20,26,-15,-7,-27,-15,7,-13,15,17,-8,-15,20,-5,-38,-4,-6,-33,-26,8,-9,-43,-5,-29,1,-13,-32,3,-11,-9,-3,-15,0,-1,4,10,8,-21,-1,-12,-13,-9,0,-10,4,-15,-19,5,4,-9,13,4,7,3,-19,4,-10,-4,-13,3,-33,12,-2,27,-5,-31,-7,0,-14,-28,1,-6,9,-17,-21,-32,-43,0,0,-3,-2,-13,11,16,-12,-17,-6,-15,-35,-29,-7,-8,-3,-32,-36,3,-14,15,-28,-21,-24,-9,-6,16,-1,-15,10,-3,-44,1,-6,-2,-1,-1,-2,-1,-1,-1,-1,-2,-2,-1,-1,-2,-1,-2,0,0,-1
-256,-15,-3,0,-16,8,-32,2,-19,-7,-5,-10,-6,16,-14,1,-10,19,14,-5,1,-35,-12,17,3,-7,-7,-7,7,2,-28,-8,-23,-14,7,287,13677,13462,13468,13456,12931,-13891,-12940,13931,12942,-13374,13340,-13368,13621,-226,-20,-6,16,-6,-20,-5,33,9,-1,-28,-34,-1,9,-16,0,-43,-37,-18,-24,-4,32,12,-22,-23,-17,14,-27,9,10,26,8,1148,1113,1157,1113,1078,-1171,-1091,1420,1299,-1173,14466,11498,14305,12860,12348,-13269,-12361,13265,12362,-12795,12764,-12750,13040,-220,-6,6,12,-5,9,17,-11,0,-22,-23,22,4,-3,16,-41,-17,-15,-26,15,9,36,31,6,-20,7,-25,-13,5,2,28,11,-21,-20,-7,-20,29,7,-9,-25,-15,-10,-7,-17,-22,-14,-9,3,18,18,-25,-15,-8,-13,-22,0,-14,2,-27,12,-26,-15,17,-14,-17,17,-11,-2,-3,-8,-28,-7,-19,8,14,11,0,-32,-9,-2,3,-15,7,10,12,-9,9,-5,-14,7,17,-14,-21,-8,-27,2,4,9,-39,18,2,-1,11,-16,-8,-14,-5,-17,-25,-25,-20,-3,8,25,0,-19,4,-3,-23,0,-8,6,6,-1,12,2,-12,4,-2,-1,-1,-2,-1,-1,-1,-1,-2,-2,-1,-1,-2,-1,-2,0,0,-1
-256,13,16,7,-16,-6,-28,1,1,-3,-19,-15,-14,-18,-4,-1,-38,16,-11,6,-14,-13,8,-15,27,-19,4,-18,-3,-27,3,-29,1,-3,-4,255,13662,13480,13465,13449,12934,-13931,-12969,13866,12940,-13360,13363,-13344,13609,-207,-3,15,-6,-27,-15,-20,-7,-40,9,-39,14,-23,-18,1,-8,4,-7,18,-8,-6,-5,-6,-4,-22,-17,9,12,20,-35,-15,37,319,300,282,307,274,-321,-252,326,276,-207,5064,4406,4997,4681,4529,-4883,-4511,4834,4535,-4683,4641,-4671,4725,-82,10,1,-45,-9,1,-6,31,-3,35,-22,5,-8,-10,7,31,-9,26,30,14,-18,-1,1,-40,-8,2,9,10,-16,-5,1,-15,-29,-26,-17,-8,-3,-12,35,-2,-1,-31,20,17,-11,-30,-44,-13,-23,3,13,-2,0,-7,-11,-29,-11,9,-17,-10,5,-8,-31,2,-22,-4,-4,-25,-28,-19,-13,-11,27,-12,-2,-23,1,-4,-8,-5,0,-16,-1,19,-4,-9,-28,-21,-30,-11,-18,-16,-33,-18,-22,-7,-32,-34,-8,-17,-11,0,19,-8,-40,17,-10,-27,13,-2,-17,11,-11,6,-1,-26,10,-8,8,-41,-15,-11,14,-32,0,-9,-7,7,-2,-1,-1,-2,-1,-1,-1,-1,-2,-2,-1,-1,-2,-1,-2,0,0,-1
0,13,3,-14,-31,-12,-20,-17,-12,-16,-17,21,-17,-13,-6,-3,-1,-19,18,-18,-8,5,7,-41,-2,25,-1,18,10,-4,-1,-3,4,-15,-7,255,13645,13450,13488,13483,12942,-13927,-12940,13905,12923,-13359,13367,-13381,13620,-185,-17,-22,-10,-4,11,-44,-9,27,-15,4,-7,-9,-25,-14,-39,-15,-1,0,-13,-28,-43,-10,2,22,5,23,-37,20,-10,-37,0,-599,-559,-542,-571,-569,539,528,-597,-589,486,-4372,-3163,-4305,-3716,-3724,3958,3705,-3951,-3697,3796,-3833,3802,-3882,69,-6,-21,-29,-15,-20,-2,-38,-3,-31,-8,-17,5,-27,-33,-51,23,-19,-20,-32,26,31,-5,-15,-33,-17,-44,9,-4,-16,-21,-17,-2,-14,-40,-27,-6,-10,-19,-23,-3,10,-9,-35,-9,-7,-23,-15,-24,8,3,-25,-36,-28,-4,-22,-6,-19,-29,-23,-26,16,-3,0,-28,-20,-29,18,-14,-15,-14,-37,-21,-11,-3,-12,-17,-24,-14,-25,-40,6,-7,17,-11,-4,-48,-15,-11,-16,-17,19,-6,17,-11,11,-29,-8,-21,-18,-8,-9,-15,5,27,-2,-3,-6,-3,-26,-26,2,-26,3,-1,-5,-44,18,-19,-14,-29,1,-14,8,17,-2,15,-22,-2,-1,-1,-2,-1,-1,-1,-1,-2,-2,-1,-1,-2,-1,-2,0,0,-1
-256,-27,-36,-20,-6,-9,-32,-32,4,2,23,-6,-10,-28,-27,1,-16,15,19,17,-27,-10,-1,-7,-44,1,-16,-20,-33,-7,-6,-28,0,-18,-21,251,13679,13475,13477,13467,12923,-13880,-12965,13880,12916,-13351,13351,-13345,13606,-219,7,-23,1,15,-22,27,-19,-5,-26,-23,-3,-20,-23,12,-3,7,12,-10,-17,-9,-7,-14,11,13,-7,5,-15,16,-22,-11,-39,-1409,-1374,-1384,-1375,-1306,1390,1303,-1393,-1330,1072,-13514,-10661,-13369,-11979,-11537,12330,11496,-12382,-11613,11963,-12013,11969,-12260,198,20,-4,-49,10,-25,-36,-31,6,-26,-38,6,-11,-5,46,24,-18,-13,0,-15,13,-19,14,-35,-12,4,-36,-17,-17,-4,-31,-29,-12,-2,-37,-2,9,-5,19,-14,-16,-19,-23,11,-20,-24,13,-36,-15,-23,-32,-19,-12,3,-32,-2,-5,0,-24,-1,-2,-18,19,-19,-4,-20,0,-11,-45,-7,-4,-11,-16,-5,-8,0,-10,-10,-17,9,-6,-6,0,-6,-23,-20,-3,13,19,-8,-1,6,4,-25,8,-9,35,-17,-14,-1,-18,-3,16,-15,-12,-2,17,12,-17,-11,9,2,7,-16,4,-15,-11,-31,-16,-7,-1,7,-5,14,-6,-29,-15,0,-2,-1,-1,-2,-1,-1,-1,-1,-2,-2,-1,-1,-2,-1,-2,0,0,-1
-256,-4,-15,-6,-11,-7,-17,1,-16,2,-24,-8,-36,4,19,8,-3,-22,-15,2,17,-14,14,1,5,-16,-3,16,-21,-18,-15,12,-3,-2,-2,267,13681,13486,13474,13469,12908,-13901,-12949,13884,12932,-13372,13374,-13369,13633,-257,-21,-10,6,-5,-8,-25,7,-12,1,17,0,-5,-9,4,-21,-12,14,2,16,-18,-6,-27,6,-13,-8,-11,-6,-17,22,1,-55,-2090,-2083,-2095,-2058,-1999,2132,1969,-2173,-1998,1693,-21635,-17184,-21374,-19236,-18494,19876,18472,-19895,-18525,19099,-19109,19192,-19605,307,8,-15,-6,-41,28,-30,-20,-16,20,-8,4,36,47,23,29,-10,-16,-33,-10,-22,-12,-12,-18,-39,-4,3,12,-14,-24,4,20,8,-39,7,-16,-8,15,-5,-32,10,-17,-26,1,-11,-8,7,0,-3,16,-10,13,-24,-11,-19,19,4,21,-10,5,-13,-3,-14,26,-52,6,-7,-10,24,7,-1,6,-12,-22,2,-17,0,-8,2,-6,-21,32,-6,-13,-6,16,7,-8,-17,1,-18,-2,4,18,1,1,-2,-10,-14,-26,-17,-5,-15,10,-16,4,-3,-12,-20,24,3,-36,-19,-7,-4,-12,-25,-23,4,6,13,-3,11,-7,-28,-5,14,-19,-2,-1,-1,-2,-1,-1,-1,-1,-2,-2,-1,-1,-2,-1,-2,0,0,-1
-256,2,-14,-1,-22,-12,-10,0,-29,-26,0,9,5,-11,-18,7,4,-20,-4,10,-21,10,-18,-22,9,9,8,4,-7,-14,-19,-12,-12,-7,-23,272,13656,13480,13483,13481,12931,-13924,-12960,13877,12951,-13358,13358,-13363,13611,-233,-4,32,14,8,-23,-4,-15,-32,-18,-15,-9,-11,-33,-17,9,11,14,-13,20,-26,-10,-20,-16,12,-24,-34,7,-28,-2,-20,-61,-2670,-2586,-2604,-2599,-2462,2682,2500,-2668,-2493,2067,-27971,-22434,-27675,-24952,-24040,25856,24017,-25820,-24037,24778,-24829,24766,-25307,406,-28,19,0,7,-17,-18,3,-29,-19,-20,8,11,-35,22,-37,1,-2,-30,-30,7,25,-2,9,21,-26,-14,-36,3,-27,5,-29,9,-16,-30,2,1,-30,1,-32,-3,-25,2,16,-6,-37,-6,9,12,13,9,8,-6,28,35,-8,-1,-5,-3,-40,-17,-5,-5,8,1,-15,-26,26,6,16,11,3,11,-6,7,-4,5,-8,2,-27,-20,-16,-5,-38,-13,13,-24,19,-11,-11,6,-6,12,13,-24,-23,15,-9,-23,-10,-6,2,4,-36,-23,17,14,-6,3,-12,-12,0,-2,-22,12,-9,-18,14,-25,16,6,-20,6,9,-19,-1,-4,15,-2,-1,-1,-2,-1,-1,-1,-1,-2,-2,-1,-1,-2,-1,-2,0,0,-1
-256,26,3,-28,-10,8,-31,5,-26,1,-5,4,9,-14,-22,-6,-5,14,-25,-20,-12,-24,3,8,3,-22,-14,-31,-8,12,-12,-14,7,-37,-7,281,13671,13465,13472,13463,12933,-13920,-12954,13885,12932,-13370,13355,-13384,13618,-216,5,5,9,-6,-10,-1,10,-22,28,25,2,16,-18,-19,10,-10,1,-16,18,8,-18,-31,-7,22,10,-21,10,-42,9,11,-67,-2948,-2920,-2943,-2938,-2791,2967,2763,-3001,-2801,2280,-32122,-25916,-31760,-28711,-27625,29655,27605,-29704,-27681,28548,-28499,28510,-29072,456,-13,-7,-37,14,1,-21,2,20,-23,6,-13,5,8,-7,-12,-15,4,-5,-2,-19,25,-35,14,-12,-12,-15,45,32,-16,-8,-32,-11,-36,-13,4,-16,-1,-20,-16,-46,-27,-15,-20,-12,0,-18,16,2,14,0,-18,-4,2,-29,35,12,-25,17,-26,-26,-15,-11,1,-12,7,-2,5,-20,-15,-5,-13,-15,-35,-45,-16,-24,-15,-31,-11,-3,-27,-6,-7,5,-17,-26,19,-31,2,14,-4,-1,5,7,7,-11,14,-31,-9,16,7,-10,22,-23,-18,-15,-31,-11,-12,-15,-15,1,1,-6,-30,-1,-26,-26,-5,-10,1,7,16,-27,-16,23,-18,-2,-1,-1,-2,-1,-1,-1,-1,-2,-2,-1,-1,-2,-1,-2,0,0,-1
-256,38,8,6,-4,-26,7,-28,-9,-5,16,-2,8,-5,1,-15,9,-7,-34,-5,-3,-38,-3,-7,-14,-29,-21,-17,-10,15,8,6,-4,22,-19,263,13658,13458,13473,13459,12931,-13902,-12930,13874,12933,-13348,13381,-13350,13608,-258,-5,15,-13,-24,-10,-23,-10,-6,-16,19,4,-20,1,-21,-17,-18,-10,-12,12,-10,-27,-37,-12,18,5,15,-1,-10,18,-49,-76,-3071,-3058,-3047,-3022,-2919,3085,2882,-3149,-2892,2390,31847,-27272,32273,-30172,-29036,31133,28967,-31156,-28971,29941,-29961,29960,-30558,496,-6,5,-36,17,13,-27,17,-13,10,-33,10,-12,-15,5,-18,31,31,-17,-14,15,-32,7,-29,-9,29,-17,-50,-56,-4,-30,-6,-5,-21,5,-10,-5,9,14,-26,-17,-3,-8,20,-12,-24,2,-8,-8,-38,0,7,-8,-5,-15,14,-8,-26,-5,-5,-2,-28,-1,11,9,-13,24,-4,5,-5,-19,-39,10,-1,-4,-43,-15,-8,-6,-2,-17,-9,-29,-10,17,-3,10,-13,-22,-10,-15,-26,-20,16,0,-2,10,40,0,-29,-6,-6,-17,1,0,-35,-7,-3,5,0,-5,-9,5,7,-12,11,-8,-27,-24,-5,1,-7,-14,-13,5,-19,3,-5,-2,-1,-1,-2,-1,-1,-1,-1,-2,-2,-1,-1,-2,-1,-2,0,0,-1
-256,-12,1,-1,-18,22,-14,-5,-13,2,-13,-11,4,-17,-12,-11,-24,-17,-8,8,-23,4,5,-12,14,-20,2,-19,-20,10,-9,15,9,7,2,263,13686,13466,13479,13448,12914,-13937,-12948,13921,12958,-13357,13357,-13364,13643,-224,12,-28,-6,-17,-12,5,-25,10,-32,-11,-46,-16,-5,-21,-5,-40,0,-15,14,-10,0,-29,-20,3,-16,43,13,4,7,-18,-46,-2915,-2847,-2880,-2914,-2747,2921,2708,-2943,-2758,2197,-32552,-26444,-32172,-29213,-28100,30215,28050,-30184,-28060,28963,-29017,28940,-29588,404,-30,8,-3,2,-28,-33,37,-10,-4,12,-9,0,-7,-2,-17,-4,-9,6,-32,-36,-9,-8,28,-1,-57,-1,-2,7,-28,59,2,-36,8,-10,3,9,-17,-22,23,-41,-16,-20,-2,-21,-35,11,-9,24,-16,-38,17,18,14,-26,-23,12,-10,-2,-32,-10,4,24,10,-14,6,-3,2,-20,4,-35,17,-4,16,-16,11,0,-4,3,-24,-27,-5,-20,16,-10,-10,-16,-8,-21,-7,-14,-11,-7,-6,-7,-24,-2,4,-18,-3,-22,-6,5,-25,-6,-17,-24,-37,-20,5,-4,-23,10,-15,12,0,-15,-32,-3,-33,-42,-8,2,-1,-1,8,-22,-7,-2,-1,-1,-2,-1,-1,-1,-1,-2,-2,-1,-1,-2,-1,-2,0,0,-1
0,-17,-9,-22,9,-19,-11,-10,-17,-16,-30,3,-14,-5,-34,-4,-31,-25,39,-25,-4,-37,-37,6,-2,6,6,-9,-33,-19,18,-7,-14,2,-13,266,13696,13479,13483,13477,12961,-13908,-12953,13867,12969,-13373,13353,-13358,13629,-237,6,20,-12,-6,-8,8,-6,-6,-10,4,-15,-7,0,3,-15,-29,-15,2,6,-12,-2,-13,-10,-10,-24,-53,-25,-8,-13,1,-70,-2544,-2525,-2518,-2525,-2423,2565,2406,-2621,-2431,1981,-28909,-23536,-28564,-25942,-24957,26788,24945,-26830,-24964,25733,-25730,25670,-26249,392,25,15,-15,-31,-5,-20,-3,-5,-8,4,-31,-8,-24,-11,-13,21,-49,-20,0,-18,-44,30,7,-7,10,-45,-15,-37,-11,-14,-28,-21,-2,-17,-3,-21,-11,-24,-23,10,-16,-33,-22,2,-54,-36,-27,12,9,-13,18,-7,-22,-17,-16,16,-20,-21,-15,-8,-36,-4,-1,10,-5,-20,10,8,-14,-27,-21,-15,-1,-27,-17,-2,5,6,22,-17,-20,-16,-18,-7,-30,-8,-2,-3,-18,-22,-22,-16,17,-16,-6,-1,-9,6,-2,-21,5,5,-2,-12,-30,-20,20,-29,32,-6,-7,4,11,3,-8,21,-3,-13,-17,-9,-33,14,26,-21,-10,-9,-30,-2,-1,-1,-2,-1,-1,-1,-1,-2,-2,-1,-1,-2,-1,-2,0,0,-1
0,2,-1,-15,-10,0,-3,-3,-19,-7,18,-23,-6,-35,-3,-15,-13,13,-8,12,-23,-8,-15,9,-2,-14,-3,-3,-16,-2,-21,7,-21,-20,-2,279,13711,13467,13459,13460,12967,-13901,-12955,13891,12935,-13352,13346,-13371,13605,-213,-5,-28,-6,33,12,-25,-29,-4,-20,11,0,-21,-9,0,-10,-3,-2,-16,-52,-19,-12,11,-13,13,-24,-18,-6,-25,-21,-22,-26,-1998,-1939,-1944,-1886,-1850,1964,1836,-1982,-1820,1450,-22819,-18754,-22576,-20638,-19793,21264,19803,-21270,-19762,20435,-20469,20480,-20863,309,14,25,-6,-16,-12,10,11,-11,-36,-22,-10,-11,16,-34,-17,-8,-26,2,1,-2,-3,-21,-31,-22,9,-13,-22,-32,-22,-25,-29,15,-4,4,11,-5,-1,-47,-3,10,-10,-23,-8,-24,-22,-32,-14,-20,19,-23,-17,28,-1,3,12,-26,16,-24,-17,4,1,-32,-17,-7,-7,14,-18,6,9,1,7,21,-8,0,9,-15,2,-6,2,0,-21,-19,-19,-20,4,2,-11,0,-8,0,25,-42,12,-8,-5,9,-6,-11,-36,15,-15,-5,28,-4,-21,-11,-47,5,-17,-39,13,8,8,-19,3,8,3,-12,-12,-10,3,19,1,-15,-4,-16,-1,-2,-1,-1,-2,-1,-1,-1,-1,-2,-2,-1,-1,-2,-1,-2,0,0,-1
-256,2,-7,-25,-19,-9,-12,11,-3,-19,18,3,-13,12,5,11,-30,9,28,-4,-5,8,-8,28,-15,-22,-1,3,-16,-18,3,-10,17,-15,-24,281,13689,13469,13464,13477,12918,-13900,-12954,13905,12918,-13368,13351,-13384,13622,-223,1,-5,-22,-26,13,-21,-23,0,-27,-17,-24,-64,-12,-20,10,2,1,23,0,-19,-22,5,-16,12,-9,9,-3,-22,12,-10,-21,-1244,-1213,-1198,-1219,-1127,1246,1133,-1235,-1165,904,-14977,-12469,-14805,-13604,-13076,14058,13058,-14099,-13120,13515,-13521,13486,-13772,205,-26,-1,-18,-19,-7,-24,0,6,-20,33,22,3,12,31,-28,-6,-3,-8,-6,-4,-13,-8,-15,5,-39,-26,-28,39,-8,-19,-4,-10,-27,-34,6,8,10,14,10,-5,-4,-11,1,-14,6,3,-4,6,-13,-12,-15,-7,-2,-3,-18,-2,1,-7,-20,48,-27,10,-1,1,-9,-6,2,24,-10,-20,10,-5,-13,11,-20,-28,-1,14,-10,-1,-30,4,-5,-6,-25,0,15,-11,-10,6,-18,-14,19,-22,-7,-20,-11,0,-7,-25,-23,-12,-23,1,10,1,4,7,1,-7,-8,15,-2,-32,27,5,-11,-7,3,14,-10,-44,-10,15,-5,6,-12,-2,-1,-1,-2,-1,-1,-1,-1,-2,-2,-1,-1,-2,-1,-2,0,0,-1
0,-9,3,-15,-4,-38,17,-12,-7,-17,-20,-22,4,-19,-38,1,8,-16,15,26,-1,-2,5,-8,-10,-26,-21,-24,-4,-4,5,-1,-35,-13,-43,270,13681,13502,13454,13460,12919,-13900,-12973,13912,12933,-13366,13352,-13363,13619,-225,-25,-8,-6,21,-18,-22,-21,-25,-23,-7,-1,6,1,-17,-26,-49,-2,-36,-17,-48,-23,22,12,-26,-7,4,-18,6,-15,-32,-55,-395,-379,-472,-400,-382,423,379,-399,-319,293,-6273,-4902,-6175,-5553,-5318,5708,5322,-5700,-5325,5445,-5492,5483,-5615,67,-39,-30,-30,0,-20,10,4,7,4,-9,-12,-9,-17,5,-22,-40,-35,33,-1,2,17,-23,14,5,-5,2,5,-31,27,-23,-23,-7,21,5,-36,-14,3,17,-35,-10,-8,11,-9,-13,-2,-10,25,19,-17,3,-13,0,-7,-5,22,26,-4,-21,-17,5,3,-1,-19,-20,-25,-1,7,-14,-20,-4,-10,-7,6,-21,22,6,15,-10,-18,-11,-38,3,-17,-29,-19,-3,-35,-23,-20,-13,-11,-4,-4,-15,-10,24,-7,-15,-35,11,-34,-15,-20,-6,-1,-9,-23,-8,39,-11,1,-3,4,4,-43,5,-2,10,-15,20,-15,9,-13,-12,-17,-10,-3,-2,-1,-1,-2,-1,-1,-1,-1,-2,-2,-1,-1,-2,-1,-2,0,0,-1
0,-24,-28,15,38,-18,-13,5,-32,15,7,24,-3,-9,-10,-5,8,-9,-11,17,-1,-12,-26,-18,5,-8,6,-16,15,-2,4,-5,3,-6,-2,276,13687,13456,13470,13522,12920,-13903,-12951,13875,12958,-13369,13346,-13375,13625,-212,-20,12,-31,-1,-1,23,-25,9,18,22,-23,23,-33,-7,-6,-9,-14,-5,1,-12,19,-21,1,12,-22,-24,-25,3,-1,6,-24,472,449,447,491,477,-483,-433,476,423,-417,3406,2412,3351,2891,2883,-3098,-2907,3120,2902,-3007,2995,-3011,3078,-40,13,-9,-25,-16,-22,-19,-10,15,1,-32,-1,-10,-47,-23,9,-26,14,-29,-11,6,-48,6,-37,-12,12,-17,-57,-37,-19,27,-12,-6,-11,-19,18,-16,-21,-19,-4,3,-1,10,-7,-3,-23,2,-18,2,-19,-9,-3,-39,-1,-7,-5,11,8,-9,-26,11,10,1,-7,-21,-10,-8,-6,19,-18,6,-20,3,4,-12,-14,23,-20,-31,11,-3,0,3,0,-1,-20,-15,-12,11,-11,6,-6,-13,5,-3,-22,1,12,-24,-21,6,11,-9,-1,-15,-23,-12,3,-10,2,-9,-18,-8,-5,2,-20,-22,-4,3,8,-32,-10,-23,-19,-8,-12,-14,-4,-2,-1,-1,-2,-1,-1,-1,-1,-2,-2,-1,-1,-2,-1,-2,0,0,-1
-256,-12,-3,-6,30,27,27,-6,-6,-12,-7,-9,-9,-16,6,-4,10,20,3,-8,4,-1,9,-33,8,-5,3,-26,-5,-3,-9,-6,-9,-6,-36,272,13676,13494,13483,13464,12955,-13900,-12924,13903,12948,-13374,13369,-13369,13606,-165,5,-9,-6,-12,-32,-9,-29,-32,26,-2,-1,7,18,1,-20,6,-23,-10,9,3,-21,0,4,-6,13,-7,-9,8,-24,-11,4,1301,1278,1292,1260,1226,-1356,-1266,1371,1260,-1072,12690,9894,12525,11210,10726,-11557,-10768,11688,10867,-11243,11202,-11258,11441,-192,-26,-11,4,9,-5,-11,-77,-1,-79,-23,-36,-32,-44,13,-34,8,-8,-23,-3,0,-4,-13,7,-34,20,-16,-3,-1,-17,27,3,-27,-2,-24,4,-20,-39,-16,-21,-6,-24,-31,3,3,6,-25,15,-26,-19,-23,0,-30,-26,-5,-14,27,-17,-14,7,16,-9,-15,15,-7,-34,-23,-12,-20,10,15,-9,-11,-12,5,-12,15,-2,-17,-6,-13,-9,-25,-18,15,-13,-6,-11,-5,3,-15,18,-7,-30,21,-3,-12,-2,3,7,-10,-12,-2,-6,12,3,4,-18,-10,1,-3,-16,-1,16,0,-15,-13,-2,4,-20,9,13,9,-7,6,24,-16,-18,-2,-1,-1,-2,-1,-1,-1,-1,-2,-2,-1,-1,-2,-1,-2,0,0,-1
-256,22,-9,-15,-7,-8,-16,-16,-37,11,-8,15,-16,-5,-9,-11,0,-16,-2,-18,6,-15,14,-12,-1,-4,9,-5,-44,0,-4,-31,-17,-31,-33,253,13676,13461,13456,13463,12925,-13906,-12932,13900,12905,-13382,13362,-13356,13620,-206,-14,-3,-12,-28,-4,-21,16,9,-29,15,11,16,7,-22,0,20,9,4,-38,7,-24,0,20,-33,-37,-16,3,-11,-31,-22,-3,1895,1993,2011,1995,1896,-2057,-1911,2061,1892,-1615,20889,16634,20611,18592,17872,-19218,-17886,19174,17879,-18482,18414,-18536,18902,-342,-43,8,6,-18,-41,-6,-11,-8,34,0,-4,-8,-22,15,-10,-26,8,-9,-23,-27,17,-13,9,4,-23,19,16,45,-55,-38,-23,6,-23,-3,-15,0,-9,15,-33,-9,8,-17,-4,19,3,4,8,-18,17,1,-11,7,17,8,-11,-6,33,-2,-14,-4,3,-11,-10,-5,2,-3,12,23,-12,-24,0,8,-18,-19,5,21,-12,-3,-12,-32,26,3,-11,-7,-5,5,-4,7,7,2,-7,-31,-40,7,-17,-9,-8,-3,-5,-16,21,-4,-18,22,0,-32,-12,-20,10,13,-24,5,7,6,-11,-26,5,-21,-14,-18,-28,-24,-22,-7,17,-18,-16,-2,-1,-1,-2,-1,-1,-1,-1,-2,-2,-1,-1,-2,-1,-2,0,0,-1
-256,19,11,4,4,-12,-16,-12,12,-15,11,7,13,11,-4,-16,5,-6,-6,-16,-7,-27,-4,-37,-5,28,-33,15,3,-23,-16,20,19,6,6,294,13688,13485,13483,13487,12911,-13897,-12938,13905,12970,-13339,13353,-13355,13582,-214,-1,-11,-25,-37,3,-7,-13,-13,-20,4,-28,-4,-2,-7,9,-5,13,-26,37,-27,-8,6,-22,-31,8,-38,-7,-17,3,-4,34,2568,2523,2522,2544,2338,-2568,-2411,2557,2347,-1940,27366,22080,27054,24513,23548,-25351,-23566,25286,23570,-24339,24304,-24344,24828,-352,-37,3,-2,-52,25,-33,-17,7,-18,14,-6,-20,18,-40,-12,0,10,1,-3,-11,-9,-28,-1,-65,7,27,-71,-5,-6,-3,17,-12,-25,-8,35,-4,-9,-11,4,-11,-15,-18,-15,-37,-13,-37,-34,1,-4,9,1,-24,-38,-37,-22,-31,14,10,5,-14,-15,-19,-7,-12,5,-7,-12,0,2,32,8,-17,-16,-8,-10,-18,6,6,2,-17,2,3,-8,-3,-13,-6,-3,10,-3,-11,-49,11,-2,-21,-11,-31,-7,-8,-24,-3,1,-8,-35,15,1,17,-12,-14,8,-21,11,0,21,7,-22,-5,-18,-27,-41,-3,8,3,7,-3,3,14,-3,-2,-1,-1,-2,-1,-1,-1,-1,-2,-2,-1,-1,-2,-1,-2,0,0,-1
-256,-15,-15,0,-11,-11,8,-18,-11,6,5,21,15,-26,-10,12,-45,-30,-19,15,7,-6,-16,-30,-10,-26,4,-32,11,25,2,27,-20,4,15,249,13697,13457,13451,13476,12912,-13896,-12944,13898,12965,-13361,13375,-13368,13638,-230,-13,2,-7,-4,8,-30,13,-10,-8,-23,-23,-11,-16,-22,-4,3,11,10,15,-4,-30,-19,-24,-1,-16,0,-23,-27,-60,-29,66,2951,2867,2874,2866,2789,-2992,-2810,3006,2748,-2329,31802,25613,31431,28456,27365,-29417,-27350,29390,27347,-28297,28247,-28274,28816,-446,-27,-12,-3,-25,6,-28,-7,1,-29,-43,13,-29,-40,-15,-5,-6,10,-18,27,-3,15,-7,11,-19,-29,-13,6,19,-27,-37,37,-39,-10,12,-17,-14,-26,-3,-7,-11,-11,-15,1,-3,-24,18,-25,1,-1,4,-4,5,-9,-2,-12,14,2,-20,-24,3,8,0,-27,14,16,-1,8,9,21,7,-3,-38,-12,13,3,-4,5,-12,-23,4,-10,-15,-28,-2,-18,-8,-15,5,-4,30,4,1,-4,-11,5,-4,-3,-26,-18,3,-12,-33,-9,-12,-20,10,-18,-16,-6,-4,-15,-3,-13,6,-8,16,-32,-12,-21,-5,5,0,4,-19,15,-35,-9,-2,-1,-1,-2,-1,-1,-1,-1,-2,-2,-1,-1,-2,-1,-2,0,0,-1
-256,-13,-20,-9,-24,13,-19,-20,5,17,-29,-35,-20,5,-32,6,6,-14,-30,12,-5,23,13,-11,17,-2,-6,-9,-16,-12,3,-41,-11,-3,-7,255,13682,13487,13457,13483,12936,-13914,-12937,13898,12941,-13390,13370,-13364,13615,-227,-17,-17,-6,-8,-30,2,-17,11,-16,-11,-32,-6,17,-11,-18,-28,-3,-41,0,15,-10,-3,-31,-28,-23,8,29,0,15,-26,32,3032,2993,3021,3000,2899,-3142,-2951,3109,2905,-2416,-31896,27151,-32332,30169,28952,-31139,-28986,31116,28959,-29945,29918,-29898,30495,-456,52,-11,-19,-10,4,-4,-8,-11,-27,5,10,14,7,5,11,-33,-6,-6,14,-10,-19,-12,-26,25,-37,10,49,-1,-14,-8,18,-29,7,4,-13,-7,23,2,4,-8,-21,-21,-17,-1,5,-26,-5,-14,8,10,-24,1,-39,-5,-14,-11,-12,-23,19,24,11,-18,-29,-12,-3,-20,8,3,2,-10,37,-22,-7,6,12,2,-24,8,6,11,-7,-30,1,18,-5,-4,-15,-4,2,-12,-10,3,-34,16,33,11,-27,4,-16,-6,1,3,0,-18,-23,18,16,-6,-23,1,-38,-11,-9,14,-1,16,3,3,-9,7,2,-13,-24,18,-4,-10,10,-2,-1,-1,-2,-1,-1,-1,-1,-2,-2,-1,-1,-2,-1,-2,0,0,-1
-256,-31,-9,-13,-27,-26,11,-7,-21,-7,3,-10,4,-2,31,-34,5,-32,-9,8,7,-14,-10,-19,-10,12,6,2,-25,-21,-2,-6,2,15,25,295,13690,13473,13467,13478,12921,-13911,-12960,13899,12953,-13379,13356,-13342,13607,-193,26,14,4,-18,6,4,11,-31,0,-39,21,-2,-12,-1,-12,-16,-26,-2,6,3,-25,-3,4,-21,-4,-11,-25,-16,-11,-29,56,2928,2888,2837,2871,2759,-2993,-2775,2994,2783,-2280,-32733,26635,32383,29428,28286,-30377,-28286,30334,28290,-29184,29150,-29173,29730,-467,11,-25,-29,-34,1,-18,-26,17,3,11,-45,-30,11,24,-57,-7,15,-6,-33,0,-16,12,-39,-31,14,1,16,19,-41,16,4,-5,-6,-28,7,-22,-42,12,-17,8,16,-13,-34,-23,3,-21,-15,23,-6,-18,-16,5,-28,-26,0,14,17,18,-21,-21,-9,-26,-21,-40,-13,-8,-36,-8,1,20,-31,7,5,-4,8,17,-11,-3,-16,-3,11,-18,-22,-11,-3,8,-4,-26,-16,2,9,-12,-6,21,-28,-20,-13,22,-24,0,-15,11,-9,-2,-1,-27,18,-42,-14,-39,13,1,-3,-3,-10,4,-11,14,-15,-5,-26,-22,-32,-32,-22,-6,-10,-2,-1,-1,-2,-1,-1,-1,-1,-2,-2,-1,-1,-2,-1,-2,0,0,-1
-256,-34,-26,-14,27,-7,2,20,-10,-20,-23,-12,-21,-20,17,-1,-30,7,-2,-15,-6,5,5,-27,-14,-2,-1,-2,-6,-15,15,14,-41,0,4,291,13648,13474,13470,13471,12961,-13922,-12949,13908,12925,-13385,13378,-13374,13599,-220,0,-2,19,14,-9,-7,-13,-2,22,-11,11,13,-3,-32,-11,-9,13,-42,24,-20,3,-14,-1,-17,36,5,-4,-16,6,7,22,2656,2622,2608,2637,2505,-2741,-2531,2677,2509,-2079,29439,23811,29105,26381,25342,-27221,-25360,27244,25369,-26174,26115,-26101,26648,-466,-26,18,17,6,20,15,-4,-35,-23,13,10,34,-37,-26,-34,-29,-17,-62,-33,-1,-14,30,-9,2,25,-7,-9,-23,18,-14,-13,-17,-32,-17,-17,-17,7,3,15,-12,-33,-10,3,-3,-13,-28,-17,-6,-7,-10,-14,-9,4,14,6,-1,12,6,-7,14,-20,-8,-8,-9,-12,6,2,-8,7,-12,-15,-3,12,-17,3,16,9,-7,20,-12,-21,13,-10,2,-22,-34,9,-31,6,3,14,-1,-22,-1,-11,-13,-23,6,13,-9,16,-14,-7,-10,-21,-44,-22,5,-13,5,-40,-8,-5,26,-5,-5,-18,-27,-17,10,5,-7,6,-32,14,1,-9,-2,-1,-1,-2,-1,-1,-1,-1,-2,-2,-1,-1,-2,-1,-2,0,0,-1
-256,-1,1,6,-17,-29,-28,-29,2,10,-13,-15,6,7,17,-25,-21,-21,8,-6,-20,4,-18,-15,-23,14,-27,-29,17,-1,-12,10,-25,-15,-14,241,13685,13513,13479,13466,12929,-13907,-12938,13891,12933,-13365,13343,-13371,13612,-212,-23,-28,-36,7,11,9,-31,-23,-4,-7,13,-11,-12,4,-6,13,-43,-18,-17,-4,-16,-26,-16,-28,30,-46,6,-17,-11,31,-6,1995,1979,1985,1984,1916,-2042,-1931,2068,1916,-1552,23571,19243,23233,21201,20371,-21930,-20414,21896,20367,-21081,21073,-21059,21449,-316,-27,-62,6,27,-38,-3,-6,-12,-19,-32,1,17,-11,8,6,-3,-30,-38,-54,22,4,-11,18,11,-3,6,-10,16,1,-1,20,4,6,-4,10,-4,-13,-14,-19,-7,11,3,-30,21,17,-3,-1,-11,-14,-2,-4,-27,13,-25,6,-20,-17,7,13,-6,-13,0,12,-4,0,3,-11,-2,-4,-9,-3,-11,-7,1,-18,7,-3,-5,-9,21,-34,-21,-24,-15,-21,-9,-4,-1,-19,-10,-4,-5,-14,-9,23,7,-40,-30,-7,35,7,-1,-16,-30,6,-30,2,15,-24,-3,-8,10,4,15,2,-18,-2,-11,8,6,-4,2,2,-20,-14,-5,-39,-2,-1,-1,-2,-1,-1,-1,-1,-2,-2,-1,-1,-2,-1,-2,0,0,-1
-256,-19,-41,-3,8,-5,36,3,31,-21,-11,-13,-31,3,-7,-34,4,14,1,27,5,-27,7,-21,-20,-2,-22,22,-4,-2,-5,-18,11,-16,-25,270,13704,13483,13446,13459,12940,-13911,-12938,13881,12934,-13372,13381,-13395,13618,-238,-2,12,9,-21,-20,-33,-4,0,-13,7,-17,-12,0,-28,31,13,-27,-16,2,-11,4,-9,-17,-11,12,-29,10,-15,-29,-8,19,1321,1270,1281,1252,1246,-1353,-1259,1340,1232,-1004,15828,13105,15669,14336,13779,-14835,-13781,14778,13769,-14229,14238,-14249,14530,-246,3,-19,-12,-17,-5,-7,18,-47,-9,-13,-3,29,27,45,-26,-10,-15,3,-9,-32,-29,4,-6,-9,4,-31,-11,6,-6,-18,-5,-43,15,-16,-15,-26,2,-3,20,-32,-20,-33,10,-2,-8,2,-6,-4,-9,-9,-7,-31,-22,0,-25,9,-18,-9,10,-11,4,-2,-9,-7,-8,-15,-2,-10,18,-8,-13,-4,-14,-3,-10,-26,-30,8,-46,-12,10,-28,-31,-20,-10,-6,6,-14,6,-14,6,-9,-28,4,-9,-10,-1,11,5,-21,14,-16,0,-2,10,3,-15,-22,-29,3,8,10,-5,28,3,-2,3,-11,-21,25,-26,-6,-3,-16,-31,-14,-50,-2,-1,-1,-2,-1,-1,-1,-1,-2,-2,-1,-1,-2,-1,-2,0,0,-1
-256,-3,-5,-34,2,-22,-23,3,23,5,-2,10,-6,-5,-3,-3,-28,-12,-9,2,-4,-6,-19,11,-7,-15,-12,-28,1,-15,-8,-17,3,1,-33,260,13671,13474,13472,13448,12942,-13914,-12965,13880,12896,-13383,13373,-13345,13625,-240,-2,-16,-9,-1,-13,-7,-13,-26,4,-47,-34,-16,-48,-6,-2,10,-7,-1,-3,13,13,-1,-1,1,-11,-16,7,-31,-19,-15,-14,536,522,499,566,548,-554,-562,592,531,-363,6895,5922,6792,6330,6067,-6541,-6086,6512,6060,-6298,6253,-6314,6400,-91,-2,6,5,-27,-26,-12,-41,-21,2,-4,-25,-46,-23,-5,-14,13,3,0,3,-52,20,27,26,0,-9,-3,4,3,-9,36,-6,-16,-6,4,-22,-2,-7,1,-1,-3,-9,-9,4,-10,20,-14,15,-6,-3,0,-21,-34,21,-2,6,0,4,-18,-4,-20,-35,-7,-10,-24,-15,-22,11,-7,-3,-2,31,-6,2,-41,5,15,1,13,-12,17,21,-5,4,-10,3,-18,-17,5,18,26,6,-17,-16,-3,9,-7,19,-22,-17,-26,-35,-4,-5,18,-20,13,-24,-27,-25,-4,-22,-3,-9,2,-14,6,21,-7,-6,-19,-16,-18,-1,11,7,-8,-19,-2,-1,-1,-2,-1,-1,-1,-1,-2,-2,-1,-1,-2,-1,-2,0,0,-1
-256,-9,-4,-9,4,-20,9,-6,-23,-24,-15,-13,-30,-23,-24,-12,-26,-13,-21,-6,-23,13,-8,-18,-3,1,-27,-24,-18,4,-11,-23,-10,25,-8,268,13687,13453,13467,13469,12916,-13942,-12951,13872,12929,-13368,13319,-13359,13629,-228,-35,-24,32,-16,13,-8,6,8,-12,5,6,17,4,-14,7,1,4,-1,-17,1,-32,-18,-2,-8,21,11,-16,26,11,10,-5,-303,-310,-315,-314,-292,315,264,-299,-262,224,-2429,-1763,-2354,-2185,-2096,2209,2126,-2260,-2109,2120,-2187,2132,-2245,31,-42,7,-31,0,-9,4,9,-10,19,-31,-11,-19,-38,-43,-25,-35,-19,-12,3,10,26,19,20,-14,-3,9,18,-35,22,-5,-4,-9,-24,-17,-15,-22,-16,11,-16,-10,-14,-12,-31,-21,21,19,-13,-19,11,-14,-5,-25,-13,3,-21,-14,-13,-5,7,1,11,-4,10,-20,8,1,-10,-27,9,19,-19,-25,-13,-37,3,-28,0,-1,22,2,-5,6,3,-15,-30,-23,-25,-24,-4,-27,22,-7,-1,4,-4,-6,-11,5,4,-20,-4,-13,7,-22,-25,-8,-4,-1,11,-7,-9,4,-4,-19,-12,-20,-10,-31,11,-8,13,2,35,2,-17,-8,17,-2,-1,-1,-2,-1,-1,-1,-1,-2,-2,-1,-1,-2,-1,-2,0,0,-1
0,-5,-10,-2,-15,-6,5,0,-30,-21,-17,-6,17,-1,-2,-10,-17,-11,17,-10,-14,11,-23,-17,-25,11,-31,11,3,1,4,-16,-5,-13,-2,265,13689,13471,13463,13484,12921,-13895,-12943,13874,12934,-13390,13359,-13367,13639,-218,22,13,-13,-16,12,-23,-14,-23,-3,10,17,12,6,-8,29,-13,-28,-7,-4,19,6,-15,-12,-3,-13,21,-27,-2,-13,-38,-52,-1297,-1255,-1258,-1225,-1151,1289,1161,-1257,-1151,980,-11806,-9218,-11674,-10409,-10027,10745,10021,-10897,-10132,10422,-10458,10465,-10717,132,38,3,-5,18,-20,10,-30,-39,-27,-33,27,-3,9,-1,24,19,8,-6,7,65,3,-23,34,21,-28,40,-32,-30,-14,-28,-3,-18,-11,-14,26,24,-20,5,17,19,-4,20,-2,-7,-12,-15,0,-27,24,-6,-22,12,-5,2,4,-9,-14,-26,4,-17,-4,-30,38,-10,-9,-1,-9,2,-13,19,-22,-15,-21,7,18,-2,-16,-4,-22,2,-17,-24,-7,4,16,-9,-1,-13,-13,9,-21,-5,-9,15,14,-9,1,-1,-1,-13,-17,-33,3,0,-11,-10,-1,-7,-3,-10,-27,8,-9,20,4,-3,-1,13,-1,-7,-3,14,-18,-16,25,-36,-15,-2,-1,-1,-2,-1,-1,-1,-1,-2,-2,-1,-1,-2,-1,-2,0,0,-1
-256,-8,-8,-9,-8,0,-23,2,-28,-3,-6,-15,-6,-11,5,6,0,2,-5,13,-7,-28,1,-11,13,2,1,3,-23,0,-17,-6,20,22,8,268,13665,13471,13475,13463,12931,-13920,-12961,13886,12928,-13376,13361,-13347,13649,-219,-26,-4,8,22,-39,-29,-26,-5,-1,9,5,5,0,-13,-19,-4,19,20,-12,-28,5,-2,-29,41,25,-26,-23,-21,4,15,-73,-1995,-1905,-1928,-1920,-1863,1983,1844,-2000,-1868,1555,-20190,-16066,-19913,-17932,-17239,18515,17254,-18541,-17238,17786,-17877,17890,-18280,249,-52,-14,-17,15,8,19,6,-35,23,4,-7,-27,-29,22,-51,-18,-8,43,7,-22,-38,-49,-31,-16,5,-5,-16,12,-21,9,5,18,-31,-54,20,-2,-1,-27,-30,-23,-13,-3,5,-2,-13,-3,24,7,7,-3,-1,21,-4,-10,-36,17,-22,-26,1,-16,-18,-3,-5,-14,-21,-7,-31,-14,-5,-21,-19,-21,-3,4,4,3,-8,0,-20,15,-21,-11,-27,-32,6,3,-5,3,-30,-3,7,20,-1,-4,-14,1,-12,10,-17,-18,-2,2,-4,1,-11,10,-23,-1,-11,12,-1,-5,0,2,-17,-33,6,-15,14,0,-6,6,1,2,0,-20,-1,-2,-1,-1,-2,-1,-1,-1,-1,-2,-2,-1,-1,-2,-1,-2,0,0,-1
-256,13,14,23,-8,15,-17,-5,8,13,1,16,-19,-8,-18,9,-28,-4,-11,-4,0,-13,-20,-28,-12,3,-11,-7,-14,-29,-6,11,-5,-11,-1,258,13661,13491,13468,13484,12922,-13890,-12945,13900,12900,-13367,13343,-13364,13620,-229,-29,6,28,-6,-24,-9,-2,-12,-24,5,-14,3,4,-20,-10,5,-23,26,-4,-19,13,43,-17,-22,-17,-5,-12,8,-25,7,-63,-2491,-2469,-2498,-2510,-2441,2600,2434,-2581,-2482,2000,-26933,-21554,-26621,-23976,-23077,24806,23113,-24827,-23099,23875,-23788,23847,-24346,342,33,7,-3,19,-16,-30,15,31,20,-39,22,-27,-9,44,-32,11,-9,-16,-23,-13,-35,-20,-20,-21,-19,-1,-49,55,44,15,47,-28,-57,-5,-3,-11,-20,9,-8,-7,-3,-7,7,7,-1,-32,-15,12,-18,-15,15,-38,-8,-2,-7,-24,-4,-23,-16,-4,0,-1,3,-4,-8,27,2,-23,19,-1,-28,3,-20,-38,-18,-10,-21,-23,-9,7,-5,-5,10,-5,14,-8,7,4,8,-30,-1,1,-8,-11,-31,-8,-23,21,-15,19,-11,-39,-12,8,3,-15,-11,-4,0,-11,-9,-22,-2,-6,-17,-3,5,9,5,-42,2,13,-40,5,-2,-6,10,-2,-1,-1,-2,-1,-1,-1,-1,-2,-2,-1,-1,-2,-1,-2,0,0,-1
-256,-4,-34,-17,-3,7,1,13,-5,-11,-6,18,-19,-3,-3,21,-8,-5,-12,-14,-7,-23,-30,-16,22,1,-4,16,-34,-11,-8,-12,-29,-42,-7,275,13699,13458,13454,13481,12940,-13892,-12938,13932,12930,-13360,13357,-13364,13620,-223,-24,-10,3,1,-35,-11,-12,-10,4,20,-5,18,-1,-18,21,3,-25,-10,-19,-6,-48,-28,-27,-14,-4,-18,-20,19,-6,-16,-78,-2913,-2884,-2859,-2878,-2779,2983,2748,-2935,-2766,2242,-31534,-25386,-31114,-28194,-27088,29099,27094,-29114,-27098,27959,-27957,27934,-28530,449,-2,8,10,-23,-27,-2,-22,18,13,1,-13,-18,-24,5,-35,8,14,-45,-49,14,-4,8,-45,-23,15,-19,-4,4,3,-4,6,25,-7,-19,6,-24,21,5,-30,-13,-35,3,-25,-17,-5,-7,-14,-12,15,2,-19,12,14,-7,7,-19,19,20,-9,-2,-22,-26,-4,-5,-8,-10,-19,9,-18,-18,-13,-4,3,7,-6,-30,17,-17,-16,-20,-16,4,-34,-15,-27,-8,-9,-16,-8,-20,10,16,17,22,-22,1,-19,-10,6,-11,-2,-5,-15,-48,-21,-21,6,19,-21,-11,-3,-10,-9,-1,10,3,-19,-8,-12,-8,2,-3,-7,-2,-22,26,-32,-2,-1,-1,-2,-1,-1,-1,-1,-2,-2,-1,-1,-2,-1,-2,0,0,-1
-256,-12,-3,-1,-9,-4,28,4,-18,-21,-7,-8,-2,16,23,-4,16,-19,2,-12,-28,-13,-21,-7,-15,15,-13,-4,-38,-19,-3,0,-15,-30,0,268,13656,13494,13492,13477,12927,-13892,-12936,13877,12937,-13374,13345,-13362,13605,-213,-21,0,16,-10,11,7,-30,3,-16,1,2,3,8,-6,-5,25,6,1,-5,-13,-25,-17,-56,-9,-4,13,-5,-7,-21,-52,-34,-3062,-3029,-3027,-3052,-2937,3115,2877,-3137,-2883,2404,31943,-27152,32367,-30092,-28941,31061,28934,-31089,-28927,29853,-29876,29842,-30460,472,-19,-12,-69,13,-27,-30,-12,3,-15,-32,-33,-18,-27,-30,46,-20,-29,16,-28,-16,-23,17,35,-5,-29,20,12,38,-13,-12,-8,20,-34,-8,-17,-22,-39,-16,1,-28,35,-13,10,7,-11,-10,7,-25,2,-21,5,-51,0,-10,-12,-12,-1,48,15,-10,-24,-21,-1,0,-25,-26,4,13,-12,-13,7,20,8,-12,8,5,-5,-36,-16,-2,-15,-5,1,7,0,-10,12,-23,-39,-21,-4,-2,-15,8,-24,-15,0,-18,-13,-11,-7,-17,-13,-11,9,-5,-23,-9,-8,-48,-6,0,-10,-13,-5,-3,-27,-10,-1,-24,5,-5,-9,20,16,-2,22,-2,-1,-1,-2,-1,-1,-1,-1,-2,-2,-1,-1,-2,-1,-2,0,0,-1
0,-4,-10,-13,6,-10,14,14,25,4,-1,-42,2,-5,30,-26,-11,-7,-24,-18,3,-1,-13,4,8,2,5,-23,-10,-21,9,5,-10,-11,-2,248,13693,13446,13467,13473,12936,-13916,-12947,13883,12933,-13370,13382,-13387,13604,-218,-17,-20,-26,-26,43,5,-24,18,-25,-24,-21,-15,-21,-12,7,-39,-27,-15,-3,-19,-44,2,-9,6,-23,2,7,-14,-34,-27,-57,-2986,-2954,-2955,-2909,-2772,3012,2823,-3024,-2803,2323,32490,-26774,-32623,-29597,-28421,30521,28436,-30559,-28426,29347,-29379,29365,-29957,489,23,-6,7,-9,-12,-11,-15,-7,-16,-15,-7,3,-13,-6,-11,22,6,-18,-11,-14,-31,-44,25,-24,-20,4,-10,1,-25,-27,-12,0,0,4,4,-6,-27,-17,13,19,30,-3,-18,-21,-16,-5,-15,0,21,-10,-24,-15,-7,-12,8,4,18,-26,9,4,-13,-2,-31,-1,-7,17,-26,-30,-19,-6,-28,-8,-2,-22,10,-21,-16,2,3,-26,-30,-11,-12,-14,-25,11,-24,27,-2,5,-5,-10,4,-14,-14,-9,10,5,-38,-9,-2,-11,15,2,4,-3,-7,1,-8,17,-23,-12,-35,11,-15,-11,18,-31,11,-1,-18,-25,4,-18,33,-4,13,-2,-1,-1,-2,-1,-1,-1,-1,-2,-2,-1,-1,-2,-1,-2,0,0,-1
0,2,-9,14,-16,1,-10,13,16,3,-28,8,-23,5,17,1,-2,-11,1,-2,-21,-5,3,-21,-8,-5,-15,3,-8,7,-10,-5,6,-20,7,256,13700,13495,13460,13485,12943,-13909,-12943,13909,12910,-13386,13375,-13363,13602,-256,-38,-25,2,-12,2,-31,-17,4,-18,-18,-39,-20,-26,2,-35,-35,-23,-22,30,16,-32,29,-5,3,-10,4,-14,-26,-18,-1,-68,-2627,-2618,-2585,-2567,-2495,2664,2439,-2690,-2461,2003,-29755,-24273,-29401,-26804,-25733,27649,25732,-27636,-25709,26511,-26559,26522,-27090,437,-24,6,4,-24,-10,0,14,20,-24,-12,-2,-19,-15,-28,-13,-17,-10,19,-9,-31,-18,-46,-35,1,-22,-26,-10,-2,-4,-27,-16,-2,-12,-25,-6,-11,-1,-4,-16,2,-4,-13,8,32,13,23,19,-9,-9,-34,11,-21,-29,2,13,-34,-30,-8,-37,-5,-7,-5,-18,7,6,4,0,-15,-8,1,13,17,13,-15,7,-21,-13,-29,-15,-6,-18,11,-16,-6,-3,-17,-19,-22,0,-21,15,-21,-5,-7,-24,-7,-4,-25,-15,-7,-29,-36,-4,2,-3,-9,-20,-17,-15,-10,0,-8,-4,-1,-10,-1,-25,-11,-2,14,-5,-19,-3,-6,10,-41,7,-2,-1,-1,-2,-1,-1,-1,-1,-2,-2,-1,-1,-2,-1,-2,0,0,-1
0,-21,-20,-8,9,12,-15,-4,16,-10,19,-7,-16,5,-24,5,-6,9,-25,15,18,-18,-29,18,-9,-13,3,0,1,-3,18,-13,-4,18,0,253,13629,13458,13468,13465,12937,-13881,-12939,13877,12952,-13342,13354,-13360,13622,-204,-31,-9,4,-33,13,-20,-22,-11,-26,-17,3,12,6,-36,-2,-7,14,2,-35,-43,-36,7,2,-22,-2,-16,-44,-34,-27,11,-71,-2118,-2069,-2031,-2073,-1976,2151,1989,-2117,-1973,1620,-24222,-19790,-23892,-21772,-20974,22527,20960,-22503,-20962,21635,-21631,21657,-22034,310,-16,30,-34,7,20,13,-9,22,-24,-5,39,34,-50,-10,-26,-19,4,-11,-28,-12,2,-17,8,17,-21,-43,-34,-10,3,-8,17,-6,-3,-5,12,-3,-11,-31,-25,36,-9,-25,-36,-35,-13,-3,-29,-3,23,7,0,-30,-7,13,2,-17,16,13,-3,19,-22,7,-12,-7,-12,-14,-10,-2,-12,-13,-32,-14,-22,-5,-3,7,-6,22,-10,-20,-35,-1,-16,18,-14,27,-6,-17,10,-36,2,8,-20,-7,-2,3,-10,2,-4,32,-31,-9,11,-22,-22,-10,-11,-1,1,-13,7,-16,-26,-9,-8,-30,-32,1,-13,8,2,21,0,-18,9,17,4,-2,-1,-1,-2,-1,-1,-1,-1,-2,-2,-1,-1,-2,-1,-2,0,0,-1
0,-54,-2,-18,-24,6,-5,-12,6,25,-23,10,2,-15,1,-22,-2,1,6,-10,1,-4,-11,-18,-22,-5,9,0,-11,7,-8,-12,8,-45,-25,272,13675,13469,13474,13477,12909,-13900,-12958,13898,12939,-13396,13361,-13359,13621,-238,-16,9,30,32,18,2,-4,-19,-11,28,-16,19,13,-13,-26,8,-32,13,-20,-20,27,-24,-10,-3,-8,0,-6,-13,-14,2,-19,-1379,-1316,-1373,-1321,-1310,1373,1277,-1458,-1311,1028,-16669,-13712,-16511,-15069,-14510,15580,14478,-15555,-14477,14956,-14987,14962,-15276,247,17,14,-36,-12,-12,-4,13,-15,-23,-9,-15,9,-19,-3,-17,-17,-27,-13,30,7,31,-15,-25,-22,26,3,1,-14,-17,-19,-68,15,-15,-5,13,-4,-2,-12,11,-14,-35,-10,3,11,-17,-10,-3,23,-9,-1,-6,0,-27,-14,7,10,-12,-12,-16,-17,-22,-5,9,-27,-7,28,0,11,-3,25,-21,-15,-27,2,14,-11,-7,-11,-14,11,8,5,-33,-8,4,6,4,-8,-16,-19,-2,-12,-14,-24,-8,5,-12,-3,-7,-15,-25,-12,-3,8,-17,-8,-1,-25,-15,-7,-8,0,9,3,-31,0,-10,16,-14,0,-4,-5,-7,16,-26,2,-19,-2,-1,-1,-2,-1,-1,-1,-1,-2,-2,-1,-1,-2,-1,-2,0,0,-1
0,16,1,-6,7,8,12,-12,7,-10,-11,3,3,-10,20,-23,-23,0,-2,-1,-22,-4,9,-2,2,-1,3,-2,6,-4,-7,-11,-11,-7,8,252,13683,13467,13485,13494,12935,-13911,-12951,13888,12944,-13383,13341,-13379,13625,-205,-6,23,-17,-25,-22,6,8,-24,-28,-15,-1,1,-9,-28,38,-4,-24,-7,-32,-23,-29,4,1,12,-14,28,-7,-12,9,0,-4,-609,-564,-582,-599,-555,587,519,-612,-575,380,-7778,-6657,-7728,-7168,-6856,7409,6871,-7381,-6859,7043,-7090,7090,-7236,96,-1,-16,-20,-40,-37,-56,-38,-19,1,-22,1,22,-23,-24,7,1,1,-42,-8,-14,-14,-11,-20,11,11,8,-13,-8,-26,-9,24,-45,-1,-10,21,-6,-10,-27,13,13,0,-1,9,-18,-4,3,1,-11,18,-17,-20,-10,-23,-20,2,-23,-3,5,-3,11,-7,-6,-23,6,-1,-10,-5,-7,-25,-4,21,-3,1,-10,-21,11,-4,-32,-10,-18,10,-35,-13,3,-6,18,-11,-4,-27,-15,-5,-4,-4,0,-9,-19,-21,-3,3,-4,-15,-41,-15,1,11,-32,1,-26,-13,-20,-19,-11,-6,-18,-29,-21,3,-15,-8,-12,11,-7,-27,-16,-16,-22,-20,-2,-1,-1,-2,-1,-1,-1,-1,-2,-2,-1,-1,-2,-1,-2,0,0,-1
-256,-27,-15,-9,-2,-1,8,12,-32,13,6,-1,-23,3,3,-13,-1,-20,-42,-6,-9,-8,-16,-17,9,0,-3,-21,7,-1,-18,-8,-12,4,-6,283,13692,13509,13486,13492,12897,-13885,-12941,13908,12932,-13382,13368,-13382,13641,-222,-2,-7,-14,-14,-21,6,1,-34,2,-24,17,-8,7,-6,-23,17,21,-7,-4,-18,-23,30,-10,-1,11,20,13,15,-29,-14,-17,253,263,271,281,280,-308,-296,307,253,-258,1533,931,1525,1385,1275,-1436,-1292,1391,1312,-1313,1300,-1361,1343,-41,-21,-9,-5,-10,-17,2,3,-19,31,-13,3,4,-10,-13,-5,9,-4,-28,10,-7,-9,-5,-21,-15,-11,-11,-24,43,3,18,-27,19,-5,-6,-5,2,7,-29,-9,10,5,-27,-11,-7,-19,9,-9,-21,-14,-5,-17,-13,-7,-30,-24,-13,-20,-2,-10,-11,-9,4,-27,-12,-16,1,11,12,-29,-3,-3,-38,10,17,-19,-30,0,3,7,-31,3,10,1,-9,7,1,-28,2,1,-7,-2,3,5,15,18,4,11,-9,-21,2,0,-12,3,1,-27,-28,-18,-7,16,-4,-8,-2,5,4,-32,-4,19,-19,2,-16,-9,-15,-6,-36,7,-5,-2,-2,-1,-1,-2,-1,-1,-1,-1,-2,-2,-1,-1,-2,-1,-2,0,0,-1
0,8,-13,-23,-13,-3,-4,23,21,9,-23,-50,-13,-17,-16,-26,-12,-2,-29,-2,-12,-23,0,2,6,-9,41,5,-12,-13,-10,-21,-12,17,-3,259,13664,13453,13495,13488,12935,-13907,-12968,13916,12912,-13377,13352,-13346,13600,-244,-22,-8,6,-15,-21,45,-6,40,-4,-19,-22,18,3,-35,29,-19,-3,-3,-4,-13,-3,-9,-19,-24,33,-53,7,-10,26,0,0,1114,1107,1111,1122,1093,-1122,-1098,1153,1077,-930,10892,8530,10802,9638,9287,-9971,-9378,10045,9364,-9684,9663,-9720,9847,-157,-21,38,-29,-35,-11,12,-41,-17,2,19,37,-19,-3,-7,-30,-21,-21,15,3,-13,14,15,-13,-51,1,-19,-13,-2,-26,-21,-11,0,-15,15,-21,-11,-6,7,-10,-6,-10,-10,6,-1,36,-28,7,29,-32,-39,-15,15,-1,16,5,-21,-25,-14,-24,-28,-1,-1,-12,-7,-29,-15,11,-3,-6,32,-13,5,-12,25,-1,-5,2,-13,-19,1,13,-15,9,26,-5,11,-24,-9,-8,-22,-14,11,6,-14,-13,-24,-4,-25,2,-15,16,-37,-17,-11,-15,2,10,-17,-16,-20,-19,-7,4,-10,-4,-50,-15,-3,-4,-13,-5,-10,-9,-11,4,-10,-5,-2,-1,-1,-2,-1,-1,-1,-1,-2,-2,-1,-1,-2,-1,-2,0,0,-1
-256,-11,-6,5,-9,4,-12,-12,21,8,1,-19,-19,-18,-23,6,5,9,-12,-12,8,1,-43,1,-17,-31,-15,8,-12,-21,-5,-3,18,10,-21,263,13688,13458,13496,13494,12909,-13922,-12936,13891,12909,-13365,13381,-13353,13603,-216,-12,34,-3,-22,0,-8,-11,3,-11,-14,-18,6,-21,-26,-14,-7,-2,-40,0,-17,-1,-11,-40,-26,3,-16,-26,-21,-29,17,74,1957,1865,1862,1858,1763,-1960,-1853,1956,1790,-1508,19429,15422,19193,17227,16578,-17831,-16594,17843,16589,-17131,17224,-17269,17580,-276,6,8,-3,-51,-27,13,6,5,-25,-35,47,12,25,50,-11,-17,-14,6,-5,27,-41,44,20,-22,-9,4,-32,-21,-38,-35,27,-34,-9,-39,-1,12,14,-32,-9,-1,8,-9,-29,-35,0,1,-20,-11,-23,-33,-4,-21,-17,6,17,-16,-10,-8,-1,-8,-2,0,1,-6,-14,14,-1,-22,-5,-14,-12,-8,-28,1,-14,-17,8,2,-2,-11,8,16,12,-7,10,-17,-5,-16,-19,-35,0,-1,-10,-12,-8,6,7,0,-12,-6,-7,-23,16,-32,-1,-9,4,-4,10,-3,-6,-24,-31,8,5,8,14,6,8,-5,13,7,-7,-4,-25,10,-1,-2,-1,-1,-2,-1,-1,-1,-1,-2,-2,-1,-1,-2,-1,-2,0,0,-1
-256,-6,-8,-23,-38,-28,-17,-5,1,-38,-1,-3,-6,5,6,-17,-14,-33,-27,-5,-11,-2,-7,-3,-34,-4,5,-13,-2,2,-23,-8,4,-5,26,285,13686,13480,13489,13465,12933,-13924,-12959,13876,12945,-13384,13395,-13365,13635,-204,2,16,28,-1,8,-9,8,-36,-12,-8,-22,-18,20,4,-14,10,20,-26,-4,-19,-1,-20,-8,-13,-29,-39,-50,-13,-14,12,44,2466,2433,2426,2518,2464,-2633,-2444,2689,2460,-2034,26490,20959,26111,23486,22600,-24291,-22625,24287,22570,-23352,23358,-23319,23831,-364,-49,-9,14,22,12,-8,16,-27,0,3,-17,-35,24,-20,14,-32,-22,-14,-21,-19,-29,-7,-25,-14,10,1,12,3,14,25,13,4,-27,-8,-15,9,-2,-12,-31,-12,-8,-46,-18,-22,11,-24,11,-9,-24,5,2,3,9,5,-3,-4,-25,-7,13,-10,10,9,12,-8,-36,-20,2,-7,2,-3,10,-9,-3,7,1,-27,-18,-7,-1,-20,-15,-6,-17,16,-13,10,-11,-5,1,-25,-3,-2,22,-7,-19,6,-9,25,17,12,-30,-21,-37,-2,-14,-19,0,5,-5,-1,-4,24,-1,1,-7,-16,-14,-11,7,13,-39,16,2,14,8,-12,-9,-2,-1,-1,-2,-1,-1,-1,-1,-2,-2,-1,-1,-2,-1,-2,0,0,-1
-256,6,-31,8,-33,-3,-10,-17,12,13,2,7,-23,6,-7,4,6,10,21,-16,-21,3,-31,-31,-14,-13,20,-5,-20,-11,19,5,9,-5,-2,286,13679,13476,13502,13476,12947,-13914,-12973,13850,12923,-13399,13350,-13372,13627,-235,-3,-13,-13,-5,0,-29,-44,-15,-15,-5,-4,10,-9,11,16,-46,-9,-16,-11,18,-17,-13,-11,15,-27,3,-26,-9,-26,-18,35,2870,2821,2834,2831,2767,-2970,-2700,2932,2764,-2231,31168,25065,30765,27804,26759,-28762,-26814,28743,26784,-27667,27660,-27648,28233,-472,-20,-18,1,14,-23,3,7,-2,-8,-11,-34,-6,-49,-5,-24,-18,-26,-25,15,-49,-24,-2,6,-16,-20,-34,-34,-18,1,-12,-3,-18,0,-20,-40,-7,5,-11,4,-6,8,10,13,-7,-4,-27,1,-29,-48,-2,-3,-11,-2,2,3,-37,-24,17,-13,-21,-22,11,-15,7,16,11,-20,-17,-14,10,-12,4,-14,18,-31,-38,8,-42,-30,3,-32,7,-11,-3,-9,16,13,9,-22,-6,-17,-8,-16,-19,-19,-19,-20,-18,-7,4,3,9,-4,-22,-9,7,6,-21,13,2,-6,-19,3,1,-19,-17,-12,-18,-4,-18,0,-14,1,-33,3,1,1,-2,-1,-1,-2,-1,-1,-1,-1,-2,-2,-1,-1,-2,-1,-2,0,0,-1
-256,-8,-21,10,-13,13,-17,-7,-44,-4,-10,-12,8,-2,-4,13,-20,-23,-9,7,22,-2,-15,25,-24,-18,-35,2,10,-9,-16,-12,-8,-6,7,247,13685,13474,13455,13481,12937,-13931,-12966,13919,12950,-13346,13367,-13354,13625,-201,-16,-17,-8,-1,3,1,5,18,4,23,20,16,18,-8,-20,-12,0,20,10,-32,-25,-25,-17,-5,-47,-24,11,7,-30,-23,72,3038,2990,2996,3045,2912,-3112,-2922,3090,2903,-2389,-32067,27042,-32414,29996,28832,-31023,-28845,30981,28831,-29804,29783,-29820,30370,-490,30,1,-24,-19,0,9,-3,13,-19,-23,-2,-25,-6,-23,17,-36,-2,-10,19,-5,-2,33,18,-31,18,-18,-32,-16,0,-54,8,3,-20,-22,-35,-9,-22,22,-19,6,-6,-6,12,-18,-31,-21,-26,2,-31,-13,0,-4,-3,-9,-8,-38,-3,-31,-21,24,-7,-23,-3,18,-10,-9,16,-5,2,1,-26,0,-15,1,-11,-8,1,-7,-13,-5,7,-14,1,0,-5,-8,18,-14,-14,-6,-8,-26,9,-13,-22,-4,-10,-13,-15,-18,-1,11,6,-11,-7,-33,-19,-9,-3,-14,-21,-9,9,-13,7,-2,-50,-23,-2,5,13,-15,-10,5,-21,2,0,-2,-1,-1,-2,-1,-1,-1,-1,-2,-2,-1,-1,-2,-1,-2,0,0,-1
0,1,3,-14,6,-5,-10,5,16,-15,1,-6,2,13,-5,-25,-15,13,20,-20,-4,0,15,3,6,0,-13,-9,1,-7,-8,-13,-24,11,-12,259,13678,13483,13476,13450,12926,-13928,-12949,13902,12938,-13350,13363,-13373,13629,-186,-6,0,-1,-22,-27,10,28,13,-3,-4,-19,-11,-9,14,8,-3,-11,9,-21,10,-43,-22,31,24,6,16,-1,-23,-12,-20,79,2960,2962,2944,2912,2829,-3022,-2847,3009,2829,-2361,-32365,26882,-32756,29735,28540,-30718,-28579,30718,28594,-29533,29489,-29518,30095,-509,-12,-34,-6,-9,20,-19,-16,5,8,-13,-20,1,12,-37,-37,21,-3,-18,-33,-23,13,-17,-22,5,36,-10,-3,-16,-8,-18,20,-21,10,-19,-22,-18,-18,-25,-1,-2,-15,-15,-1,1,-18,3,-27,-7,5,-25,-14,-21,2,2,-28,-2,13,-1,-1,0,-29,11,-1,13,-34,-26,-19,-17,-11,-12,-21,-8,-5,6,-10,5,-39,-12,16,-10,-24,24,-5,12,-9,-13,2,4,-6,-23,-23,-16,-1,-41,-9,18,19,5,-24,7,26,-9,0,9,1,1,-13,-10,12,-3,-7,-27,-5,-11,-12,12,-12,-17,-16,3,-1,-9,-4,21,-15,-14,10,-2,-1,-1,-2,-1,-1,-1,-1,-2,-2,-1,-1,-2,-1,-2,0,0,-1
-256,-8,-6,-8,-22,-33,-6,-6,-10,1,0,-6,4,7,0,15,-24,-17,17,-14,14,9,11,18,21,17,6,9,-30,-9,-17,3,5,0,5,261,13703,13494,13448,13481,12929,-13919,-12932,13900,12924,-13367,13347,-13346,13612,-202,-6,2,10,-10,15,-19,-26,-21,-22,-12,-30,-23,-13,-27,-2,-5,-37,7,-20,-36,-14,4,32,27,3,24,-10,32,1,4,42,2687,2606,2647,2653,2553,-2730,-2532,2711,2506,-2094,30223,24572,29821,27151,26067,-28028,-26131,28060,26020,-26899,26863,-26891,27476,-442,-10,-17,3,-12,-70,-19,-13,7,3,12,15,-19,4,-3,24,46,1,-20,4,-6,-12,-6,-32,-32,-27,1,22,-23,-27,-7,-20,-25,-41,-15,2,-9,23,-7,-12,-47,-9,4,9,-40,2,7,13,-9,-19,15,24,-7,14,8,-25,-25,-17,-3,26,-8,-5,5,-3,-1,-9,-16,-17,-5,19,21,-36,-14,15,-13,9,-8,0,11,9,-17,-25,3,-3,-17,-8,17,-9,1,-16,5,-6,6,-23,-3,-9,-13,-2,-28,-9,2,1,-13,5,-14,-22,-3,11,-11,-39,-1,-15,8,-14,-26,18,-4,-34,-1,-41,-16,-15,17,16,7,-31,17,-7,-2,-1,-1,-2,-1,-1,-1,-1,-2,-2,-1,-1,-2,-1,-2,0,0,-1
-256,-19,6,-5,15,-24,-18,-2,23,15,-1,-16,3,20,-3,-24,-17,-4,-11,-13,5,9,2,1,-11,-6,-9,1,-18,-15,7,5,-17,-21,-4,274,13666,13491,13486,13498,12937,-13906,-12949,13892,12937,-13369,13347,-13365,13634,-231,-9,-7,-25,9,-6,-44,34,-23,-12,-12,14,-6,17,-5,-48,1,-10,16,14,7,1,-32,-21,-29,-3,-3,-18,3,7,-5,10,2118,2067,2110,2132,2009,-2187,-1982,2195,2055,-1664,24846,20281,24533,22331,21530,-23100,-21504,23085,21498,-22199,22143,-22194,22558,-344,-28,6,-26,-14,-30,-29,12,-31,-19,-30,4,-36,-2,20,8,7,-38,21,-1,-19,-40,16,4,7,-16,-50,-58,-11,-7,-6,-16,-4,-33,-37,7,-32,-3,4,6,-11,26,24,12,-15,-22,-4,8,-10,-16,-15,5,19,-20,2,8,-13,-17,19,-10,-22,6,-7,-35,2,-23,35,-12,1,-20,-2,15,-14,-1,13,13,-12,6,-25,-6,-13,3,-22,30,-8,0,-13,-10,6,2,0,-2,-14,-19,-25,-1,9,24,0,-13,13,6,-24,-14,-14,-2,-18,-23,-22,-32,15,-11,1,-16,-15,-31,-9,-2,-26,9,8,-3,-11,2,-9,-18,-21,-20,-2,-1,-1,-2,-1,-1,-1,-1,-2,-2,-1,-1,-2,-1,-2,0,0,-1
-256,-29,-22,-5,7,-33,-16,-19,2,-14,-31,-44,-5,-3,-21,6,16,-21,-9,-18,6,-26,-8,-10,-15,6,-46,-21,-5,-24,18,0,-12,13,-35,271,13669,13451,13470,13488,12946,-13910,-12941,13899,12944,-13387,13363,-13378,13620,-219,-18,8,-14,7,-7,3,18,1,23,-1,9,-1,-35,-19,6,-19,-12,-7,-6,4,24,-16,-3,16,-23,-26,-34,-3,14,-34,-19,1431,1412,1435,1419,1371,-1510,-1414,1481,1336,-1102,17484,14361,17246,15761,15169,-16263,-15176,16317,15138,-15692,15675,-15661,16015,-241,-3,19,-9,-14,-9,14,-1,0,-2,-25,-19,15,16,-18,13,-1,16,3,-5,10,25,-25,-23,12,40,-25,-30,-39,-16,9,6,17,13,18,-41,-9,-3,-6,-5,4,-6,-5,-8,-34,2,-5,-11,9,-14,-19,1,-15,16,11,2,7,18,-22,16,-18,-7,8,-14,-32,-5,11,10,-25,-24,-7,4,-17,4,-14,31,-10,8,-1,10,-5,-26,-17,-10,1,11,-13,-8,1,-14,-15,9,25,8,-3,-25,7,-25,-5,5,-10,5,6,0,-28,11,15,-42,-31,-3,-1,-34,-12,-9,-11,-7,-17,-34,-24,-15,-2,-12,29,-21,1,4,-25,7,-2,-1,-1,-2,-1,-1,-1,-1,-2,-2,-1,-1,-2,-1,-2,0,0,-1
-256,-18,-6,-3,-29,-30,-9,-20,2,-42,-17,-8,9,-4,-18,-38,18,-42,-28,-33,-10,-15,-6,-11,13,-4,9,-22,-20,0,-12,22,-22,3,-29,257,13687,13454,13486,13454,12930,-13927,-12953,13887,12902,-13367,13349,-13369,13650,-212,-26,2,-23,-27,9,-11,-5,-16,-24,-3,-4,15,4,-16,0,-6,-9,-3,0,5,-19,-17,-13,-3,23,2,5,-18,33,3,50,614,613,598,607,603,-667,-614,598,634,-482,8710,7311,8578,7933,7635,-8199,-7623,8186,7620,-7884,7903,-7932,8058,-115,-7,-23,-1,-21,-9,13,18,-22,-22,-16,-32,17,17,0,-28,-19,-9,21,11,-11,10,-2,-27,9,15,-21,5,-17,-22,-17,-19,-3,8,-3,0,-17,-1,-15,-20,-6,5,-30,-15,4,5,4,-9,-30,8,-2,11,-28,4,1,15,7,-18,15,17,-9,-8,-10,-1,17,-25,-18,-8,9,15,-19,-1,3,-19,0,1,5,-11,-20,-19,-3,8,37,19,24,-14,-15,16,12,-18,3,-20,12,3,-28,-8,7,6,-3,5,-21,-21,-25,7,-7,-24,7,-19,-24,0,-14,7,-28,-9,-37,20,10,-7,-14,-30,-1,-1,4,-1,-2,-35,14,-40,-2,-1,-1,-2,-1,-1,-1,-1,-2,-2,-1,-1,-2,-1,-2,0,0,-1
0,-9,23,-26,-17,-23,-15,32,3,6,-28,-27,16,-34,-10,4,-11,-22,-3,-30,-34,1,9,-7,4,18,-11,22,-1,-21,-2,16,-17,-16,6,271,13660,13457,13488,13487,12935,-13915,-12939,13921,12980,-13384,13363,-13363,13610,-195,27,15,-42,17,-34,-34,21,-29,-17,-4,-2,-6,8,31,3,0,-3,7,-2,0,-22,14,8,-4,18,0,2,-19,-28,-8,7,-229,-266,-219,-213,-193,228,203,-227,-242,176,-661,-192,-772,-566,-520,547,514,-509,-554,485,-514,539,-530,25,-8,20,18,-4,28,2,18,-13,-31,-6,-13,0,-19,20,-5,-7,20,66,4,-23,13,19,20,-28,-20,-71,-16,5,-13,-9,-19,-12,-5,-34,16,13,-32,-14,14,-8,16,-23,37,-10,-6,-23,-8,-30,-9,-4,-24,-3,8,-2,-17,-19,-13,11,-9,-9,-27,-4,-37,-14,16,-21,5,12,-28,4,4,4,4,9,-30,-14,4,2,-9,6,-32,-39,-22,-14,-14,-7,-1,-18,10,1,4,-28,-27,-5,5,1,6,-20,-15,-3,9,-41,-33,11,-3,1,4,-40,-4,9,14,-28,1,6,-2,-34,2,-19,4,-31,18,3,7,-36,-5,-4,19,-2,-1,-1,-2,-1,-1,-1,-1,-2,-2,-1,-1,-2,-1,-2,0,0,-1
0,33,-17,-27,-15,-6,4,3,7,-19,-42,-8,2,-6,-39,-4,1,-15,8,13,4,-15,-5,-19,-12,-24,-34,-22,13,-14,-18,11,-9,23,-5,284,13714,13476,13456,13464,12945,-13909,-12953,13898,12941,-13367,13363,-13377,13631,-201,-13,-6,-20,3,-25,-27,-1,-43,-11,1,-6,-10,-14,4,16,-27,3,-5,-4,-23,-19,-15,24,-11,15,-7,8,-16,-3,-38,-29,-1084,-1039,-1049,-1059,-977,1068,1001,-1079,-980,848,-10061,-7828,-9905,-8851,-8522,9119,8606,-9248,-8645,8850,-8902,8923,-9077,131,20,6,-14,-14,-14,-23,18,-15,-53,14,-14,-25,-12,35,-2,5,-86,-26,1,11,28,14,-22,-15,-5,-11,-3,15,-15,20,-42,29,-8,3,-6,-2,-31,4,-26,15,7,-39,-18,-15,-3,-12,-30,-25,-10,3,4,-10,-11,1,-13,0,-17,-40,-19,-18,-6,-10,8,-8,-10,-24,-9,-11,14,-26,18,-17,-25,17,9,-3,-17,-10,4,24,-11,-39,-8,-10,-27,-15,-16,-12,-5,9,-12,-7,-1,-31,-29,-14,-14,-26,-5,-10,-5,-4,-31,4,1,-15,-2,2,24,5,-10,-12,-13,5,-34,-34,-36,5,-11,-15,-6,-34,-17,-11,-1,8,16,-2,-1,-1,-2,-1,-1,-1,-1,-2,-2,-1,-1,-2,-1,-2,0,0,-1
-256,-9,-4,-12,-17,-23,4,-4,-14,11,1,18,14,9,10,22,15,-25,-19,-16,5,-18,-30,-10,-11,-17,4,11,4,-6,-30,-2,6,-9,-20,263,13679,13483,13487,13481,12912,-13942,-12969,13908,12934,-13382,13360,-13383,13634,-239,-2,-13,2,-17,-21,-11,-18,-12,10,-25,-24,-1,-1,-13,-15,-14,-32,-7,-30,31,-35,27,-20,-11,-4,24,-67,-26,18,-29,-48,-1861,-1789,-1827,-1827,-1751,1852,1730,-1866,-1754,1446,-18641,-14812,-18414,-16546,-15958,17090,15920,-17124,-15956,16438,-16530,16527,-16868,259,-3,-6,35,-11,-7,11,5,4,-20,38,-30,14,20,-2,-11,-5,-30,-8,10,-36,5,-15,-20,-21,29,11,-37,13,6,21,35,-21,-4,-5,0,-17,-21,-40,-8,-21,-17,-21,-2,2,9,-16,-12,-4,-15,-19,11,-14,-12,3,3,-21,15,-20,-11,18,4,-23,-50,11,-13,-8,-19,-6,1,-14,-20,-14,0,-14,16,-16,-14,-28,-26,-10,18,-9,-6,17,-53,-28,-29,-28,-30,-15,8,-4,2,-15,-2,2,15,-3,-10,11,-25,2,8,9,-19,-21,11,-22,8,18,-2,6,-27,-28,-35,0,8,-13,-11,15,-10,-10,37,34,0,-6,15,-2,-1,-1,-2,-1,-1,-1,-1,-2,-2,-1,-1,-2,-1,-2,0,0,-1
-256,10,-18,13,-14,-3,-11,-6,-34,-6,-5,-30,-10,0,-21,7,8,-35,-4,-11,-9,-14,2,11,-22,0,17,8,5,-21,19,9,3,-8,-16,214,13685,13513,13501,13453,12928,-13904,-12960,13897,12924,-13375,13344,-13368,13607,-236,11,-7,21,-11,-22,13,-8,-3,-4,2,-10,-17,16,-7,7,-17,-14,20,-11,21,-5,-23,-7,-1,-14,-21,0,-6,1,-19,-105,-2402,-2411,-2412,-2440,-2366,2498,2327,-2500,-2355,1929,-25767,-20576,-25463,-22988,-22089,23723,22056,-23711,-22092,22790,-22819,22811,-23286,337,-5,1,-10,-9,-1,-6,11,6,-35,-10,-2,-11,21,-25,-17,4,-4,-6,3,-34,-13,-48,-13,-6,-36,-32,-23,19,-21,-12,20,-41,-30,-6,3,-10,10,22,-8,7,-1,-27,-6,12,-16,-20,-26,5,4,-4,20,-5,-18,1,7,18,-22,8,5,-22,-5,0,7,-11,-7,4,4,-3,-24,-8,-15,-20,8,-5,-10,-11,-27,20,-8,4,-30,-2,3,14,27,5,-24,-2,-5,2,-7,-24,13,-23,-1,-2,-34,-27,4,-42,17,-16,23,-36,-10,-1,-8,-29,-3,-32,-1,-4,2,7,14,-18,4,-7,-4,-9,-22,-27,-12,-17,-4,-9,-15,-2,-1,-1,-2,-1,-1,-1,-1,-2,-2,-1,-1,-2,-1,-2,0,0,-1
0,-25,4,-15,-7,-20,-21,-18,3,27,35,-5,-24,-33,10,-10,-13,-31,-37,-24,-3,-5,-24,-22,-18,-21,4,-4,-16,19,-11,-17,14,-11,-4,231,13681,13480,13486,13479,12943,-13886,-12944,13898,12913,-13359,13332,-13370,13620,-236,-19,-2,5,29,-38,-15,-2,-22,-14,-10,-14,11,-23,-16,-38,20,-45,31,4,-17,-11,-38,-29,-21,-18,1,-39,-23,0,6,-69,-2836,-2820,-2833,-2838,-2740,2903,2675,-2881,-2719,2237,-30818,-24771,-30433,-27514,-26486,28418,26466,-28459,-26474,27341,-27362,27306,-27920,431,-49,-12,-21,-19,3,-45,-14,-25,14,26,-16,38,-4,-10,16,-6,-3,4,-19,-5,17,-2,16,-50,-37,3,-50,38,-24,-16,-12,-18,-29,-22,-8,-8,-18,2,8,-9,-25,-1,-31,-9,-10,5,-18,20,-22,-15,-6,-7,-22,23,-15,4,4,-19,-15,-19,-6,-9,-23,22,-10,-27,10,22,-17,-7,-8,14,-10,28,-2,-24,-20,-26,18,4,-17,-22,18,23,-5,15,-7,-2,4,2,-4,2,8,18,-7,5,-24,3,-4,-10,-38,-9,4,-20,-14,29,-23,-30,-4,1,4,-19,-24,-2,-13,-20,3,-14,-6,-5,-31,-7,11,5,-4,2,-10,-2,-1,-1,-2,-1,-1,-1,-1,-2,-2,-1,-1,-2,-1,-2,0,0,-1
-256,-10,-23,-16,-20,2,2,-32,-6,-8,1,-33,-5,44,-7,-21,18,12,4,-19,8,-13,-17,-7,16,-6,-29,2,-12,-11,4,16,-13,-29,2,266,13687,13483,13476,13478,12914,-13896,-12966,13887,12951,-13350,13360,-13377,13645,-228,-20,1,5,-8,-13,6,-5,2,-9,-18,-17,-21,10,2,2,7,-21,-23,-13,4,-25,21,11,-26,-22,15,-30,-40,-3,-45,-44,-3064,-3016,-2993,-3028,-2892,3088,2880,-3107,-2912,2401,32134,-26965,32533,-29904,-28713,30867,28728,-30853,-28704,29671,-29656,29680,-30274,469,21,-13,-27,23,-48,9,4,10,-24,-7,12,-8,-6,-51,-3,-5,2,-21,9,42,-28,-48,16,-9,-14,-64,6,13,0,-18,-7,-11,-31,-49,-7,-10,8,-21,-17,4,-23,-39,-5,-5,-19,-22,-21,15,-9,-3,6,-4,-11,1,-35,8,-32,-15,-3,11,-3,-32,-15,-14,4,-15,-32,-43,-15,-5,8,3,-11,-5,27,0,4,-1,-19,12,-10,-8,-8,-2,-1,-7,-6,-11,-7,-7,11,-8,-22,-4,29,4,-7,17,9,7,12,-13,7,-43,9,-9,12,-6,1,-8,11,12,5,6,-24,15,13,-22,10,3,-32,21,-15,-5,-15,3,18,-2,-1,-1,-2,-1,-1,-1,-1,-2,-2,-1,-1,-2,-1,-2,0,0,-1
-256,-13,3,-24,-15,-21,19,-30,7,12,-28,-26,-7,3,-15,19,-18,-41,-20,-16,12,-12,-19,23,-25,-23,-7,-1,14,6,-17,-13,11,-8,15,299,13703,13479,13501,13455,12954,-13888,-12943,13879,12930,-13395,13351,-13370,13645,-220,4,-13,-4,-7,1,3,-3,-17,-13,-2,15,-20,6,-6,-6,0,18,18,-25,-4,5,-2,-2,-15,-11,-33,-23,-18,8,-16,-91,-3030,-2969,-2987,-2982,-2879,3069,2842,-3060,-2860,2351,32198,-26986,32611,-29885,-28666,30846,28653,-30873,-28727,29634,-29632,29654,-30282,459,27,30,-3,-12,-6,-35,-8,22,-15,0,22,-57,3,-45,-1,5,-13,21,21,-30,-27,3,3,6,-23,3,-19,1,-3,-20,-30,-26,22,-36,0,23,30,-13,-28,-23,-28,-12,18,5,-22,-47,-7,-16,-26,2,-9,-11,-17,-7,-15,-23,7,-20,6,-16,14,-13,13,-16,0,15,-25,14,-12,-55,-8,-19,-25,-21,18,-28,13,16,-20,9,-11,-5,3,-12,-36,11,-25,-8,-21,-17,-5,-8,-7,-13,13,-7,-20,-18,20,-35,7,-1,7,-10,0,19,-37,-7,-1,-27,1,-23,-13,-3,10,3,-24,-5,-3,7,8,14,10,-8,4,-31,-25,-2,-1,-1,-2,-1,-1,-1,-1,-2,-2,-1,-1,-2,-1,-2,0,0,-1
0,5,5,-10,-8,-13,-26,14,-29,16,-10,-8,13,-5,-7,-14,-17,-3,-29,3,-32,8,-7,-5,7,-4,22,-36,-29,-7,-20,2,11,-11,17,267,13673,13472,13488,13462,12946,-13912,-12940,13873,12932,-13327,13365,-13365,13627,-221,18,-16,2,-3,-26,-41,3,11,-7,-5,-18,5,-24,5,13,13,15,7,-17,7,-51,-13,2,-32,-42,3,-11,2,-8,-12,-45,-2746,-2701,-2673,-2658,-2604,2751,2563,-2733,-2583,2065,-30627,-24898,-30227,-27490,-26437,28405,26470,-28382,-26386,27249,-27280,27218,-27811,386,22,-1,-39,-8,6,0,10,-17,9,-15,5,-45,11,-27,-28,19,-11,15,-33,-2,-10,7,-2,-42,7,-32,-3,-28,10,-11,6,24,-36,-27,-25,-18,13,-14,-12,-19,-6,-10,-23,-1,-14,16,-3,-1,-32,-12,4,1,-5,-42,0,4,7,-11,5,-22,18,-26,6,-5,-33,-26,-37,1,-1,5,-1,-9,-23,19,-4,-16,-21,-5,13,13,-6,-18,-11,-27,-13,-14,-8,2,-7,-10,-6,-10,0,-7,-36,-9,8,-12,-3,12,-20,4,-9,-19,-30,-1,10,10,-19,4,-21,-16,-11,4,-23,11,33,-8,-23,-19,-8,-14,-12,12,-29,10,-8,-2,-1,-1,-2,-1,-1,-1,-1,-2,-2,-1,-1,-2,-1,-2,0,0,-1
-256,-9,-19,7,-14,-21,9,29,-28,-15,-8,-20,-8,-4,-15,9,-18,-24,6,-4,5,-9,12,-9,-21,-25,-19,-24,-8,-11,-11,6,-5,-19,-3,270,13665,13493,13459,13444,12917,-13922,-12966,13900,12934,-13366,13350,-13365,13643,-209,8,-19,-20,-15,-26,-11,-2,-14,-17,-6,-28,0,19,3,17,5,29,-4,-20,28,-16,-17,2,3,1,-32,-1,14,-18,-18,-30,-2247,-2200,-2185,-2189,-2065,2249,2068,-2221,-2116,1645,-25440,-20760,-25139,-22897,-22034,23657,21979,-23691,-22031,22768,-22760,22650,-23127,336,16,-14,16,-22,-9,-1,-5,4,-38,30,-4,33,23,8,21,-18,-3,-18,-23,-5,3,-32,-4,30,-48,23,-15,27,24,12,-7,-4,-19,18,37,-26,-11,22,-11,2,-4,-14,-18,10,-9,-1,-13,-28,1,-14,-16,-7,11,-21,6,-8,28,-1,-6,-7,-6,0,-19,-6,-28,-30,2,-10,0,14,-12,-2,-12,-21,4,-1,-43,5,5,-50,-31,-6,-11,-27,-18,10,-5,29,-9,-1,3,10,7,-21,-12,6,0,-15,-2,-17,12,4,-18,-24,-18,5,-3,-17,-5,-33,-8,-21,-22,6,7,-5,4,27,-13,-7,-7,-14,-13,-25,-13,8,-26,-2,-1,-1,-2,-1,-1,-1,-1,-2,-2,-1,-1,-2,-1,-2,0,0,-1
-256,-1,-6,8,18,-10,-7,-31,-28,-26,4,24,13,-10,-14,5,-32,-5,-8,-15,-3,19,-18,-34,1,-11,-36,19,-29,-1,-7,-26,13,5,-15,267,13659,13468,13470,13449,12936,-13894,-12939,13894,12927,-13381,13333,-13353,13667,-245,-37,-13,-25,-45,8,-2,6,14,16,-7,18,-14,14,9,-20,-6,24,-26,-27,-2,-19,28,0,10,-8,2,7,12,-1,-2,-58,-1818,-1774,-1784,-1771,-1417,1563,1469,-1556,-1450,1133,-18266,-15003,-18015,-16552,-15859,17045,15879,-17035,-15857,16369,-16373,16374,-16686,235,-3,-21,8,-10,31,-18,-37,-28,-21,-21,-18,-6,35,14,2,-4,-19,-13,-52,-7,3,-42,-13,-25,-23,3,0,10,8,-16,13,-16,-38,30,18,2,-17,38,-32,11,-19,0,17,10,-37,-12,-24,-4,-3,-41,2,3,-14,1,-3,7,-6,-27,1,8,-25,-18,-15,-13,12,14,-9,-8,-7,2,9,-12,5,2,-11,-26,5,2,7,-25,11,11,-10,2,-16,-29,-4,0,-5,-13,10,0,-4,22,-21,-6,6,3,10,-9,-28,-38,-15,-18,-2,-5,3,8,-16,-17,-3,10,7,1,-14,26,24,-12,-8,14,10,11,13,-23,-26,-16,-1,-2,-1,-1,-2,-1,-1,-1,-1,-2,-2,-1,-1,-2,-1,-2,0,0,-1
0,-3,-12,15,-11,-4,0,-4,-20,-9,6,-12,2,-8,3,-14,12,-17,-16,-8,-4,-12,11,8,-20,10,-4,-7,0,2,7,0,-5,4,-17,231,13719,13484,13491,13484,12913,-13900,-12950,13888,12943,-13356,13324,-13372,13643,-201,-7,-23,-15,9,-29,18,-23,-3,6,43,-16,4,-12,9,27,-3,-39,-8,13,4,4,-42,-42,-24,12,-2,22,10,-15,-27,-24,-752,-713,-727,-731,-670,767,700,-780,-686,507,-9592,-8101,-9450,-8750,-8372,9029,8414,-9071,-8433,8693,-8701,8691,-8848,150,-10,4,-11,2,-20,-3,8,10,-9,-27,11,-7,15,19,21,12,1,8,-9,-20,-15,-41,2,10,27,-4,18,-13,-10,13,-5,-21,-33,23,0,-26,-2,-9,2,2,-8,-1,-10,-18,26,-19,-7,21,-15,-6,-32,-21,-18,-4,29,-8,11,0,9,-9,15,-14,0,-15,-2,14,-25,-22,0,17,-20,-19,-2,-12,-4,-13,-10,-16,8,20,10,-11,3,-21,-13,-12,-2,-14,-6,-8,-11,3,-15,-2,-11,-4,-27,3,-1,3,-14,6,11,-15,-15,-8,3,19,-14,-4,-2,-8,-12,-24,-5,14,-6,-24,-9,-19,-19,21,-2,-25,-6,-1,8,-2,-1,-1,-2,-1,-1,-1,-1,-2,-2,-1,-1,-2,-1,-2,0,0,-1
-256,0,-10,3,-49,-21,-9,-8,-1,5,-18,-11,10,11,-11,25,-18,-5,1,-22,6,-3,1,-4,-33,30,-10,-3,18,-2,26,-11,-2,18,-2,280,13635,13452,13470,13464,12928,-13894,-12944,13904,12910,-13381,13365,-13357,13621,-219,-5,6,-26,2,-15,7,-11,1,5,-6,-18,14,-22,-24,-27,13,-24,3,-13,-10,-31,-16,-8,-21,7,16,2,-15,6,4,-22,121,120,113,120,129,-131,-110,137,111,-166,-305,-557,-145,-358,-322,377,304,-321,-288,303,-333,342,-321,-30,-14,-46,28,-8,-22,2,24,3,0,-5,-44,-12,22,-8,0,26,17,13,31,-21,-7,-15,3,-8,5,22,-3,-11,-30,10,-29,-27,28,-31,-21,-19,-14,10,-14,-1,5,19,-18,-11,-6,-4,-11,-19,32,7,-19,-17,0,-27,-14,-34,-19,-13,11,-12,-14,-13,-38,-28,-11,-20,-7,9,9,1,2,0,-20,12,15,-2,-9,-53,-9,-2,-4,11,-4,-15,-9,4,-2,-19,-19,8,-19,3,1,-11,24,-9,28,-4,-6,41,-14,-32,-1,-4,-3,-10,13,-42,2,-8,20,-32,-22,13,-12,-1,8,4,0,12,-2,-34,1,11,9,-4,-1,-2,-1,-1,-2,-1,-1,-1,-1,-2,-2,-1,-1,-2,-1,-2,0,0,-1
0,-21,14,-3,27,-24,-2,-20,-2,-1,-19,8,-23,-7,10,-19,-21,-12,-26,-11,5,7,-10,4,-6,-21,5,11,10,-5,-33,22,-28,13,-4,263,13703,13476,13493,13440,12935,-13901,-12970,13889,12936,-13373,13355,-13365,13658,-236,-20,-7,-26,4,6,2,-14,0,26,-28,-35,-13,2,-27,-31,9,5,6,-46,-8,-6,7,-20,15,5,-26,2,-2,-20,-30,10,971,989,983,1011,946,-1047,-952,1050,973,-843,9120,7078,9046,8029,7707,-8419,-7853,8406,7806,-8116,8108,-8092,8255,-147,-57,2,-12,-26,0,-1,20,-40,-23,-17,-38,-18,-40,-11,-28,-11,-5,-12,-14,-7,-28,-10,-11,-8,-19,28,-3,-69,13,-23,-50,-21,-21,-27,15,-9,10,-24,0,9,2,-8,-24,-5,-13,-12,-7,-10,-6,5,-18,-4,3,18,-4,10,8,-23,-32,-32,-19,-21,-28,-23,-20,-14,-19,-16,-20,-4,-7,7,27,23,-3,-8,10,-7,7,-3,5,-2,-6,-5,8,-3,-5,-13,-17,7,-15,-14,1,-4,-29,-28,-22,-11,-19,7,11,-8,22,-29,-3,-1,-3,21,-14,0,-17,-23,13,-15,5,-10,3,-28,-2,-26,1,12,-20,-32,22,-19,-10,-2,-1,-1,-2,-1,-1,-1,-1,-2,-2,-1,-1,-2,-1,-2,0,0,-1
-256,-27,-6,-24,-30,21,3,10,-13,-11,19,-11,-10,-16,-22,-5,-23,-29,-40,-16,-14,8,10,-18,4,5,-36,9,1,-7,-14,-6,-2,-4,-7,261,13678,13489,13453,13477,12927,-13930,-12926,13877,12951,-13350,13352,-13410,13621,-237,4,-7,-21,-11,18,-13,-1,8,-9,-39,-6,-13,-17,-31,-20,25,-7,4,24,-17,-8,-16,5,8,11,-5,-23,2,7,-6,-12,1768,1732,1720,1701,1654,-1817,-1688,1766,1659,-1435,17832,14147,17648,15856,15251,-16388,-15269,16401,15239,-15852,15821,-15847,16199,-267,-22,21,11,-50,3,6,-15,-20,8,5,0,-7,9,15,-30,-32,-9,-3,-12,29,-10,-40,7,27,6,-29,10,-19,-1,-45,31,1,9,-46,-27,-3,26,-23,4,20,-19,-25,-4,31,-5,-24,8,-9,-31,-4,-13,12,-19,5,22,2,-21,-27,-21,-13,2,13,-18,-12,-24,-9,12,7,13,-3,5,-12,6,18,4,-10,0,-1,17,-28,-2,-20,-13,-23,-18,13,-8,-7,6,12,13,16,21,-9,-11,15,-3,-4,-21,-21,-33,-3,13,-5,-8,-18,-40,-6,-33,13,-12,-5,-18,-10,2,2,-12,-3,0,-5,6,3,13,13,-5,-16,-33,-2,-1,-1,-2,-1,-1,-1,-1,-2,-2,-1,-1,-2,-1,-2,0,0,-1
-256,-5,-3,-25,-10,-7,11,-11,-17,1,10,-8,-23,7,-22,-10,6,-42,-28,4,-15,-15,5,-4,-28,-13,23,-18,-7,-7,-28,-6,8,9,-16,257,13696,13448,13469,13478,12923,-13900,-12949,13902,12945,-13365,13337,-13341,13634,-216,-12,4,-9,-12,-18,14,14,-21,-4,-8,-1,-19,-6,4,12,14,-19,-13,-25,-39,-7,-26,-27,-36,-25,14,15,22,-9,-26,6,2427,2349,2351,2363,2277,-2442,-2271,2407,2247,-1876,25151,20104,24805,22438,21556,-23171,-21553,23139,21571,-22304,22232,-22259,22686,-326,11,-15,-4,-20,-26,-49,-22,6,-36,-6,-1,-38,-42,-33,-3,-17,21,-23,-68,1,-46,-12,-20,41,18,21,-25,28,-23,-5,-15,10,7,3,6,9,-27,10,-36,-13,11,-41,-5,6,7,3,2,-1,-7,7,-15,-11,10,10,-24,-25,17,5,18,-21,-11,-5,-15,8,0,-13,-19,23,-2,-21,1,-3,5,8,-17,10,17,6,-11,7,-11,-4,3,-8,7,-2,22,-6,6,-10,-28,-5,-11,3,2,0,3,-12,-4,-1,-33,-4,2,9,-4,-2,-15,1,4,19,-4,-9,-19,-18,-26,-16,19,31,3,1,13,-21,-10,-15,-30,-5,4,-2,-1,-1,-2,-1,-1,-1,-1,-2,-2,-1,-1,-2,-1,-2,0,0,-1
-256,-23,-13,-5,1,-27,12,-28,6,-8,-1,7,-29,-13,-1,26,-9,-26,-9,7,4,-16,-23,8,12,-35,-19,-9,-28,0,-5,0,-17,-14,-29,258,13691,13448,13474,13439,12931,-13929,-12936,13898,12937,-13373,13349,-13378,13644,-238,-14,10,3,23,10,-9,8,-22,-5,9,19,7,-9,-5,-21,-19,-19,-12,-13,-16,-42,-2,-24,-10,8,-8,-43,8,-39,1,38,2848,2794,2796,2802,2691,-2923,-2690,2871,2701,-2249,30397,24486,30031,27119,26157,-28089,-26145,28036,26095,-27009,26988,-26989,27515,-448,-18,1,-3,13,-5,-13,-30,22,-18,8,10,-3,7,-13,22,-6,-29,26,-21,8,-15,-11,1,-24,8,-30,4,-25,21,11,26,-19,-19,30,22,-22,-39,3,-11,-10,-10,6,-2,-16,-11,-29,3,20,-12,19,-15,29,-15,1,-1,9,-5,-14,-14,-14,-15,-6,-25,20,-25,1,-14,-31,-4,-19,-13,-7,-24,-22,-13,-14,-22,-11,8,-30,-4,33,-2,-22,-11,22,11,-8,0,-24,-7,7,-19,-13,4,-7,6,-15,3,-15,11,3,-10,-14,-33,-14,-6,-5,-4,8,0,-6,-6,-12,-5,-29,-16,-6,-18,-27,-20,-7,10,-16,-9,-6,-25,-2,-1,-1,-2,-1,-1,-1,-1,-2,-2,-1,-1,-2,-1,-2,0,0,-1
-256,-17,-10,-14,-49,8,7,-25,-13,-7,-8,27,-26,-17,-1,7,14,2,-16,-5,2,-8,-3,-9,-5,13,7,-4,-13,7,1,5,-27,3,-12,230,13710,13481,13479,13494,12950,-13912,-12922,13869,12922,-13346,13361,-13366,13625,-206,6,-24,-3,-30,3,2,-31,-10,-23,-11,-25,11,-43,-24,-11,-3,8,-23,11,-20,-26,-4,4,-23,22,-9,-40,1,-5,8,58,3066,3002,3014,3009,2872,-3114,-2894,3086,2907,-2380,-32280,26821,-32686,29780,28614,-30731,-28612,30768,28585,-29556,29565,-29544,30121,-503,3,-36,-13,-35,-12,33,15,5,-28,1,6,-18,-63,14,24,-2,7,12,-1,-22,2,-14,-40,-14,-49,2,16,17,-13,-10,-1,-63,12,3,-26,-39,2,-14,16,2,-8,-10,-25,-12,23,22,10,21,-31,1,9,-15,-13,-34,-5,-8,3,17,-10,-19,-2,2,13,-28,5,-16,1,8,-20,-3,8,-15,-2,-1,-5,6,-30,1,-13,3,4,-17,3,-11,-10,-1,-4,1,27,-3,-6,-3,-6,14,-25,6,-16,-30,-1,0,-23,14,-2,-23,-15,-29,-16,-9,-39,27,-3,-5,4,7,17,11,-1,1,1,-16,-15,-18,-18,-28,-15,-13,-28,-2,-1,-1,-2,-1,-1,-1,-1,-2,-2,-1,-1,-2,-1,-2,0,0,-1
-256,8,-14,11,-13,-5,15,6,-8,-7,-11,4,-26,-8,-12,-6,-4,20,1,-24,3,-10,-17,-18,14,31,-15,1,0,-5,0,4,23,-28,13,265,13658,13462,13476,13471,12903,-13910,-12938,13904,12902,-13393,13350,-13359,13641,-214,-24,4,-15,-10,9,-19,7,-19,6,-15,-22,-5,-30,-37,-15,2,1,-3,-31,-30,-7,-10,1,-20,-25,7,-14,4,3,-46,51,3030,2956,2938,3010,2864,-3099,-2888,3077,2830,-2345,-32106,27072,-32521,29925,28819,-30981,-28814,30967,28794,-29782,29780,-29777,30328,-480,-7,24,44,1,-13,4,-14,-7,-57,4,-47,-15,-7,-52,28,-9,17,-5,-33,-7,13,-22,-9,-11,-9,-8,-14,-4,15,1,0,-13,-8,-15,-2,5,-28,-3,12,9,2,-12,-5,-10,10,7,-13,0,4,-30,-16,-3,-16,-20,1,-18,10,-33,23,-7,-4,8,-8,-25,-46,-46,-11,26,-2,-11,10,-24,-14,18,15,17,-15,11,-3,4,-16,21,-34,-37,-20,-14,18,-3,5,13,-5,18,-8,-5,21,25,17,29,-4,-8,-18,-7,12,-17,-6,-6,-7,15,-22,-15,-2,-7,1,-3,-26,0,-48,-9,-14,8,7,13,1,2,-19,-15,-9,-2,-1,-1,-2,-1,-1,-1,-1,-2,-2,-1,-1,-2,-1,-2,0,0,-1
-256,4,-10,-17,8,-11,10,-10,11,1,-16,-8,-10,2,-15,-3,5,-12,9,17,1,-10,-26,-10,4,-22,0,-13,14,-14,-16,-16,-24,-17,-17,238,13684,13468,13453,13486,12911,-13902,-12953,13905,12949,-13371,13360,-13368,13647,-207,-40,-4,-8,-18,-46,-23,-39,-7,4,2,-1,10,-3,-8,-12,-2,-12,-20,6,-23,-29,-14,-19,-5,-29,-35,-8,-9,-9,-10,83,2743,2673,2684,2702,2559,-2798,-2580,2766,2597,-2093,31031,25172,30615,27853,26726,-28767,-26754,28717,26696,-27604,27584,-27612,28148,-437,-20,-26,20,-21,-11,-13,-7,-37,-15,-15,18,-1,11,-9,41,-2,3,-32,-23,-11,-2,-11,18,-23,8,-32,6,-27,8,-19,-16,-18,27,2,-6,-14,-1,-48,-21,9,11,-5,20,-15,-11,-31,13,-1,9,-2,0,-24,-9,-7,-9,6,-22,-20,1,6,-17,14,19,-20,7,-5,-18,-20,-15,-15,11,11,-5,-11,6,-6,7,-9,-17,8,-17,-9,-6,-8,6,-19,-18,30,3,2,-1,16,15,-10,-27,13,5,4,-8,-10,-2,-7,-16,22,2,-17,-13,-5,-4,-9,-26,15,-37,-18,-6,-5,-14,-19,-9,-2,-25,0,3,-25,-17,-5,18,-2,-1,-1,-2,-1,-1,-1,-1,-2,-2,-1,-1,-2,-1,-2,0,0,-1
-256,-10,-34,1,-36,2,-1,-19,-6,-12,-5,6,-11,3,-25,0,-11,5,-8,-5,16,4,-13,2,-14,4,-10,5,-6,-3,-3,7,-3,1,-5,276,13710,13485,13446,13469,12938,-13915,-12952,13906,12949,-13377,13315,-13365,13636,-216,2,-2,-20,-17,19,-25,-20,-16,-8,-3,-15,-4,-19,-12,8,0,-18,3,-6,-6,5,-21,-16,9,-23,27,8,-25,17,-18,10,2257,2249,2235,2256,2117,-2319,-2170,2309,2120,-1774,26066,21248,25737,23448,22578,-24208,-22541,24196,22520,-23291,23310,-23232,23639,-417,-79,-1,27,13,-35,-11,3,-3,-19,-33,-12,-11,-31,29,-24,-32,-21,-20,-8,26,-47,30,-21,-21,-16,-5,16,16,-25,14,7,-3,-32,-6,5,-3,-12,-3,2,4,-17,-14,0,-20,13,-12,3,1,-46,-18,8,-10,-10,-8,27,9,-15,40,-17,14,-9,-7,-1,-26,-31,0,-26,8,-5,1,-15,-5,-13,-29,22,-8,15,-35,-15,3,-19,-11,13,-7,4,-8,-1,-20,-26,-17,-6,9,-24,-33,9,27,-28,0,-34,1,-12,6,-1,5,-24,2,16,7,23,-11,-2,12,-13,-13,-6,-11,-15,-19,-18,-25,-12,-13,-2,-5,4,-1,-21,-2,-1,-1,-2,-1,-1,-1,-1,-2,-2,-1,-1,-2,-1,-2,0,0,-1
-256,6,-16,7,9,-7,-11,1,14,9,5,-27,-12,1,1,0,5,-13,-16,23,-38,-41,-9,-15,-4,-2,11,-3,5,7,2,-20,0,-3,-33,276,13661,13460,13479,13455,12928,-13922,-12921,13901,12919,-13389,13362,-13363,13621,-235,-12,-15,-6,-10,20,-15,-37,-31,-18,12,7,19,-2,-27,-19,-8,7,-14,10,-2,0,-11,-4,-22,3,-2,1,2,-34,-8,2,1604,1574,1557,1552,1518,-1638,-1514,1614,1486,-1226,19033,15633,18778,17178,16509,-17804,-16533,17719,16513,-17074,17029,-17049,17405,-301,-23,2,12,-21,-9,-4,-33,3,-19,14,13,-41,18,-5,1,-43,-2,2,-4,-6,-17,8,-13,-26,-20,-28,-1,-25,12,6,-16,11,-11,-26,-14,-13,-3,-30,11,-14,-13,-25,-3,-6,-6,-11,-17,-15,1,15,5,18,-11,-6,-26,4,7,-28,-20,12,3,-7,-31,-23,-5,3,-11,-12,-16,17,-9,-24,24,15,9,-4,-1,6,-23,-9,-21,0,2,-5,-32,13,-17,-15,-15,-5,-5,-11,-4,-20,25,-23,-30,0,21,-9,2,-2,16,-4,-6,-7,0,-56,5,-6,12,-22,-13,-31,-8,0,-14,12,-28,1,-7,-8,-5,-1,7,-14,-13,-2,-1,-1,-2,-1,-1,-1,-1,-2,-2,-1,-1,-2,-1,-2,0,0,-1
-256,-9,21,-14,-13,31,-15,-3,-6,-5,18,11,33,16,-7,16,2,-8,13,25,13,-4,10,16,15,-5,-38,-5,7,3,-26,-14,3,-21,10,273,13674,13483,13460,13492,12950,-13908,-12953,13890,12930,-13375,13338,-13372,13624,-221,-16,10,5,-5,-7,21,13,-15,-19,-20,-2,-28,-22,-17,6,-24,2,-13,23,-19,-1,22,-15,-21,-45,13,-39,-33,19,3,18,793,770,780,754,710,-826,-747,799,760,-605,10461,8792,10356,9540,9168,-9901,-9191,9837,9207,-9497,9485,-9474,9643,-147,13,-15,-18,-41,-17,-41,3,-25,3,-4,22,-9,-26,0,-2,-21,-12,38,-25,39,20,-9,-27,-37,-34,-25,64,-36,-1,-15,-17,-17,-10,-29,-10,3,-38,-10,11,-8,-23,-19,13,-5,6,-17,5,-1,-9,-3,-11,11,-17,-8,-15,-15,-20,-13,12,12,-9,4,5,-18,-2,3,-7,-2,-11,1,5,-31,25,-2,-12,-9,2,-35,-20,4,8,0,0,-1,-1,-1,-4,8,-12,-16,-4,-39,-2,-18,-41,-1,-3,-2,-1,-32,-31,-7,-10,-10,-18,-12,-4,-20,1,6,5,1,1,-12,-11,-27,-24,-8,-35,2,-11,6,-28,-2,2,0,-18,-2,-1,-1,-2,-1,-1,-1,-1,-2,-2,-1,-1,-2,-1,-2,0,0,-1
-256,10,2,17,-14,-6,-19,-13,-8,-19,-1,-21,5,-50,13,-15,-18,-3,-36,-10,-7,-4,-30,-13,-15,-29,4,-37,-23,-5,-14,-22,-1,-6,21,242,13703,13475,13471,13475,12933,-13886,-12915,13881,12931,-13370,13346,-13363,13630,-198,-1,-14,-9,7,0,12,-13,-6,0,-2,5,3,-6,-20,-40,-18,-22,-16,-24,-15,-14,19,34,-11,-33,-20,-16,-12,-29,1,23,-73,-57,-52,-53,-67,52,72,-74,-75,50,1193,1205,1084,1172,1096,-1198,-1113,1163,1075,-1090,1155,-1162,1159,-50,-8,4,-17,-31,-38,-21,5,12,-7,-2,5,-4,4,8,-10,26,-36,-28,-14,-41,-7,0,14,22,-2,-17,34,-1,-23,35,-37,37,18,-6,-1,-11,-8,14,-14,-28,27,8,0,-8,-2,-30,0,-27,-42,-7,3,-11,5,-3,-17,1,-21,-15,33,9,-1,-2,25,-16,-19,-4,-31,-9,-25,-8,7,-19,-16,-2,23,-2,4,-21,12,-33,-10,-2,-6,-13,-26,4,-39,2,20,-32,-15,-42,-7,6,-1,-38,8,33,-19,6,-2,3,-13,-26,-17,-10,18,-14,-25,-38,-10,-7,-12,-2,-5,-22,-5,12,14,5,0,4,-2,1,-35,2,-1,-2,-1,-1,-2,-1,-1,-1,-1,-2,-2,-1,-1,-2,-1,-2,0,0,-1
