-256,2,-47,8,-9,9,15,-8,-27,10,-4,15,-17,13,1,16,-9,12,-19,-4,3,4,7,-22,-13,-12,-20,10,3,-6,-8,-5,-9,-1,-16,-17,14,5,-3,-2,-28,-14,-269,-25080,-25208,-25191,-25190,-24704,24987,24700,-24949,-24708,24461,-24435,24473,-24732,-86,-11,9,11,27,-20,8,8,-23,5,-8,17,3,9,-21,-13,17,3,-1,-7,-3,-13,-7,-45,1,-631,-653,-615,-624,-636,636,608,-638,-635,432,-19351,-18250,-19458,-18845,-18460,18664,18487,-18690,-18472,18283,-18324,18285,-18495,-86,23,-27,-2,5,-8,11,-13,21,-41,17,-1,-38,10,8,-15,19,-6,19,-3,1,-6,-26,-15,-34,6,17,-27,-19,17,-23,37,0,-30,18,-2,26,-27,5,-2,28,23,9,-32,-1,6,11,-5,13,0,-16,2,6,-3,-18,9,-13,-28,14,3,1,7,-2,-5,4,-17,7,-10,-14,-17,3,5,-30,-2,-12,-14,-7,-32,-19,-7,-13,-22,10,-32,5,1,-7,26,-13,-5,-6,-10,18,-26,6,7,-11,14,22,-12,-13,14,3,-4,-20,20,-28,25,-11,-10,14,-6,14,-8,-16,2,-13,7,-14,-9,-17,10,-10,5,10,0,-13,-3,0,0,0,0,0,0,0,0,0,0,0,0,0,0,0,0,0,0
-256,-27,-8,18,-8,-15,-9,22,-17,3,-5,1,-21,11,-7,6,-6,9,-13,-26,13,7,8,23,0,4,-13,1,-27,9,1,-5,-6,-4,8,8,7,20,22,15,29,5,-233,-25060,-25165,-25190,-25211,-24676,24956,24687,-24962,-24717,24466,-24463,24500,-24739,-117,-15,-6,-14,15,1,15,15,2,12,0,-3,24,-6,-17,4,-13,-21,11,3,26,2,-21,8,-8,-613,-633,-675,-642,-604,635,615,-585,-598,415,-19351,-18210,-19489,-18886,-18482,18664,18503,-18716,-18482,18309,-18317,18308,-18494,-78,15,-4,-6,-34,-19,1,24,-1,39,-22,-12,-25,-33,18,19,-2,24,-12,-19,22,8,15,-24,-14,-14,7,29,5,4,-1,3,-7,11,-21,-43,30,-3,9,-14,-13,-22,-11,-17,-14,-7,-23,5,-18,-22,-1,22,-15,5,-10,-27,9,-6,14,19,14,-15,0,13,9,22,9,-2,1,3,-23,-4,22,10,33,-14,2,10,4,-9,-8,5,-16,26,26,-2,-3,-7,1,11,3,8,13,-25,-9,5,5,-6,18,21,-16,9,-1,-6,-4,20,-7,26,-3,11,-39,-10,-10,-3,15,-1,-15,7,-15,-49,-11,14,-21,-3,6,-11,-18,1,0,0,0,0,0,0,0,0,0,0,0,0,0,0,0,0,0,0
0,5,-10,8,17,-6,-19,38,-6,-3,15,11,2,3,9,10,16,-8,6,-8,18,16,4,-16,-19,-20,-1,19,31,7,-33,20,11,-26,1,-9,-35,12,-2,-7,0,11,-254,-25069,-25204,-25174,-25177,-24678,24964,24695,-24964,-24664,24501,-24492,24450,-24714,-109,14,28,7,-13,9,4,-10,-9,26,-34,5,2,2,25,11,-36,-32,-5,4,-7,-13,13,-16,4,-599,-633,-617,-621,-628,656,636,-640,-616,434,-19381,-18243,-19475,-18882,-18494,18695,18469,-18698,-18510,18333,-18291,18313,-18535,-66,-14,-1,0,30,-1,-7,-51,0,-52,30,-7,46,-46,-18,0,3,3,14,-20,25,2,16,13,-14,-8,-2,14,5,-39,30,-6,-29,-20,-28,-7,9,-14,23,10,-35,2,-7,-28,-10,-4,9,-18,-18,0,-7,15,7,-9,-24,12,-19,1,-17,-10,-6,11,-26,-13,-4,4,-9,-11,-10,1,-5,17,-15,1,12,-9,-21,-3,-13,8,5,-12,-9,-9,6,-4,1,0,-2,-12,-18,11,6,11,-4,15,8,19,-22,-43,0,0,-4,4,-24,-2,-17,11,16,11,-2,20,13,11,0,-10,-13,-1,3,4,-12,-15,7,12,4,-11,-5,13,0,0,0,0,0,0,0,0,0,0,0,0,0,0,0,0,0,0
0,-5,-10,-6,8,5,3,-15,-8,3,-29,-2,-19,17,40,2,4,-4,-32,10,18,-20,-7,4,-15,-2,-7,16,3,22,-34,3,-4,6,-2,34,11,31,-6,-20,-23,14,-220,-25070,-25194,-25185,-25202,-24714,24945,24678,-24977,-24738,24467,-24458,24473,-24730,-108,-5,9,-21,-6,4,2,34,-10,0,-9,17,13,-1,-12,47,2,-10,-16,-1,-15,-19,-8,-15,10,-608,-668,-643,-655,-636,627,600,-656,-614,426,-19357,-18271,-19481,-18868,-18483,18641,18484,-18688,-18481,18360,-18312,18325,-18502,-80,8,32,-20,28,-20,-11,-34,43,-2,-25,-17,-6,22,-1,-12,2,11,-28,-31,-23,18,9,4,51,1,-23,9,-16,16,-6,27,3,17,-51,44,-17,-28,0,-12,14,-31,19,7,-19,-7,20,9,-8,-21,-9,-11,3,7,23,16,-13,3,-9,19,3,-23,17,-21,-7,-1,18,-12,30,11,16,2,-7,5,9,3,-26,4,6,-23,-12,-12,-5,-12,4,-20,-8,-11,9,-9,33,-8,-10,9,-10,-12,-5,23,-8,4,-11,8,3,-19,22,-17,30,-4,22,6,16,11,-4,-32,-11,-4,-10,-16,1,2,-32,-13,30,-16,14,16,-13,3,0,0,0,0,0,0,0,0,0,0,0,0,0,0,0,0,0,0
0,18,2,19,-19,-7,-8,-5,-14,10,12,3,-1,-4,-13,-4,2,16,-16,9,-6,-2,0,11,17,-7,10,-1,-35,4,12,3,-7,-8,5,-30,20,18,-16,19,-15,-28,-269,-25081,-25190,-25184,-25173,-24693,24950,24704,-24963,-24703,24477,-24459,24492,-24696,-126,-19,11,-6,-15,9,21,10,-22,13,-9,-5,26,-18,-36,-19,-5,-5,-6,9,35,13,17,-53,-17,-642,-610,-618,-594,-627,621,630,-638,-623,429,-19404,-18256,-19480,-18856,-18500,18643,18474,-18723,-18498,18335,-18308,18278,-18442,-35,-9,32,7,5,68,6,3,17,28,-20,-22,-22,-6,-5,-27,2,36,17,37,7,21,5,-18,-16,-13,-18,0,-21,-5,7,16,-13,37,0,-6,1,-9,12,14,-18,-15,5,20,-8,12,-17,-27,-7,-24,21,-15,13,-2,-10,-13,6,-8,1,7,-3,-3,5,-5,13,11,22,-6,-20,-11,21,1,12,-8,-5,-12,-14,-32,10,24,-4,2,-7,9,8,-21,-11,0,-1,-16,-20,16,-9,-9,-44,14,-12,18,-30,-15,-22,0,11,-2,-16,-10,-11,2,-5,-6,-14,-12,-13,5,-13,-3,24,2,-6,3,-15,-3,17,6,14,3,10,18,0,0,0,0,0,0,0,0,0,0,0,0,0,0,0,0,0,0
-256,12,-1,-2,3,7,-20,9,8,9,-11,12,5,-1,-12,-2,15,-24,10,-16,18,-16,-11,24,19,-6,5,10,-1,-1,1,10,-2,10,2,-16,25,21,-32,22,16,-12,-250,-25062,-25196,-25236,-25202,-24703,24985,24694,-24959,-24698,24474,-24451,24476,-24701,-112,-13,4,-18,12,2,1,-8,-1,-18,12,-16,-36,-3,-2,19,-13,-16,9,61,11,9,28,6,-34,-648,-606,-649,-635,-589,615,611,-641,-602,430,-19387,-18260,-19498,-18860,-18458,18661,18524,-18700,-18475,18307,-18328,18341,-18439,-61,7,-25,28,6,9,14,-8,-16,-5,-21,-8,7,6,-15,-5,-17,-30,7,29,1,1,12,-9,9,0,17,-23,-31,14,-2,32,16,-45,-1,-9,11,-13,-8,-9,9,-14,-11,13,-7,-9,-21,26,-23,24,0,4,-3,2,-7,-35,-3,-1,4,-4,-4,21,-3,-10,5,-35,29,-11,-3,-12,-17,-11,-16,24,-11,0,24,-1,-17,10,3,14,15,-13,17,-29,20,-14,-15,-11,0,-1,-21,11,9,-8,-21,-12,-34,1,25,-27,6,2,14,-41,-1,6,-6,7,-1,5,6,11,17,0,3,-6,5,9,-5,16,-11,-16,-5,4,-18,1,0,0,0,0,0,0,0,0,0,0,0,0,0,0,0,0,0,0
0,12,-6,-8,5,1,-11,2,-1,-14,-5,6,-26,2,-23,-1,11,4,-34,-7,-8,4,10,8,-19,9,2,5,-11,24,8,12,21,-20,-9,18,-12,13,19,-11,1,-29,-228,-25070,-25151,-25190,-25178,-24661,24967,24704,-24955,-24660,24467,-24467,24488,-24706,-133,-41,13,18,-2,12,-15,50,17,-29,-32,-15,-22,-23,1,-41,-11,-4,16,-19,-7,16,-46,50,-12,-653,-630,-618,-622,-598,643,622,-633,-644,394,-19383,-18266,-19474,-18871,-18508,18692,18483,-18714,-18519,18328,-18342,18350,-18478,-81,17,-17,-16,-24,-7,-17,-12,60,29,45,1,-9,19,9,5,4,-18,-13,36,-18,-9,5,10,-14,-41,-8,11,-8,2,-6,-28,-24,-19,19,-5,-9,10,26,14,-7,-6,10,15,-14,25,8,10,18,13,6,13,-5,-5,7,-7,4,-24,8,-18,-7,-14,3,-17,28,-2,8,23,15,12,2,15,4,-27,3,6,-10,24,14,7,6,-7,-6,-9,-9,7,1,-10,-32,3,-12,20,5,-1,-7,14,-4,6,10,17,-8,20,5,26,-5,-10,2,-21,8,20,26,-18,-11,-3,5,-23,2,3,14,-14,-6,-18,0,-20,18,9,3,-19,0,0,0,0,0,0,0,0,0,0,0,0,0,0,0,0,0,0
-256,18,27,0,4,0,5,23,13,-21,15,-16,-3,10,-7,17,10,11,15,21,-10,6,3,10,2,1,11,-8,-2,3,2,-6,-9,10,21,21,-29,-21,-15,33,14,1,-233,-25051,-25182,-25192,-25201,-24713,24986,24735,-24966,-24722,24439,-24487,24478,-24713,-133,3,2,15,31,-20,3,19,1,6,-2,23,-34,-7,-6,-18,-4,5,45,4,5,-14,0,-2,17,-622,-659,-638,-664,-615,635,631,-644,-618,420,-19372,-18223,-19493,-18837,-18496,18686,18479,-18699,-18484,18288,-18327,18306,-18499,-101,3,6,4,-24,5,18,4,-20,-1,26,20,12,2,7,32,24,-12,17,-3,17,15,-12,14,-6,-4,13,-29,5,-14,-29,45,0,5,-49,1,-8,-2,-10,-10,13,-12,4,-13,-9,23,7,7,-17,-6,-12,-1,14,6,10,17,5,-2,-5,21,34,15,-3,-4,-16,1,-1,-6,24,7,-7,-10,-2,-15,7,-1,6,-6,21,0,-16,-3,-18,-5,-5,-13,-8,7,8,-7,13,-8,-11,-20,-16,8,-7,-24,8,-5,-2,-9,-5,-16,-11,7,14,10,-8,-17,23,-15,-9,1,4,-5,5,7,-1,-10,-30,12,-10,-11,-15,-11,-6,7,0,0,0,0,0,0,0,0,0,0,0,0,0,0,0,0,0,0
-256,-11,-19,21,0,-11,8,-35,-28,1,6,1,-20,-41,-24,-9,-22,30,12,10,23,18,13,-8,-5,-11,2,-9,-10,-5,0,-4,5,8,7,2,-9,-11,-2,-1,28,-2,-214,-25078,-25180,-25210,-25177,-24741,24970,24690,-24991,-24704,24476,-24450,24471,-24709,-139,-22,13,-32,-2,-8,8,15,19,-9,4,-22,-11,-4,12,18,22,14,5,38,-27,-3,3,-31,28,-634,-672,-652,-645,-627,633,606,-632,-597,433,-19407,-18269,-19481,-18835,-18496,18677,18458,-18645,-18499,18352,-18346,18327,-18538,-82,4,-29,5,32,-38,-41,-3,-9,44,31,4,15,7,10,-24,24,-2,-8,23,8,-33,-22,22,6,-15,-45,1,-34,23,-15,-12,-5,-21,25,27,37,5,10,46,-16,10,2,-9,-17,-17,25,27,-9,-21,-5,-25,7,18,4,1,2,0,7,31,-18,10,-24,-11,-2,-10,-11,23,5,7,-1,-27,-35,15,-27,-4,-15,-7,12,-11,3,12,-13,0,12,-18,1,3,-34,12,9,-3,-26,4,11,15,22,-8,-26,-13,-2,5,-19,-12,5,4,14,21,4,11,-16,-30,-10,4,-22,27,11,4,20,13,9,25,12,-21,9,-23,-20,3,0,0,0,0,0,0,0,0,0,0,0,0,0,0,0,0,0,0
0,32,15,1,3,-23,-7,4,-4,4,1,8,-2,-24,-10,-3,-7,1,4,-4,-26,3,-3,-3,-2,-14,17,6,16,0,-9,-18,-22,-21,46,11,-4,14,14,7,14,10,-240,-25078,-25189,-25195,-25212,-24709,24969,24677,-24973,-24688,24483,-24486,24471,-24706,-133,3,-15,14,-17,-14,5,6,7,6,37,3,-17,3,-7,10,-9,-34,-26,20,21,11,-25,8,7,-611,-624,-630,-615,-638,608,625,-645,-593,443,-19412,-18248,-19478,-18840,-18475,18715,18511,-18686,-18510,18333,-18323,18295,-18515,-97,31,-4,-11,-22,41,0,34,-9,7,12,-10,28,52,-21,-6,-52,-6,-7,-20,23,2,-34,8,-49,-8,35,-6,21,-44,-17,-13,-16,11,4,2,-3,-20,-6,-2,8,-9,-29,0,17,-4,-21,16,6,11,-3,8,8,-10,-14,34,-11,-22,5,-11,7,-18,0,-8,-8,8,-17,5,19,11,3,-31,-13,-1,8,23,18,29,9,5,-16,7,15,-8,-3,26,-17,3,2,18,-1,8,20,30,-7,11,3,-11,10,1,18,28,6,-19,-1,-20,-11,8,0,1,-4,-17,-11,-15,-10,-10,-6,-16,0,16,-8,-1,-32,-15,1,-9,-17,20,0,0,0,0,0,0,0,0,0,0,0,0,0,0,0,0,0,0
-256,-4,-4,22,6,-11,11,-3,7,13,6,9,-13,-25,20,-3,10,-8,-19,-28,15,-1,23,1,-1,-1,-5,-9,7,-3,4,10,-11,-1,4,20,17,2,8,10,13,-3,-226,-25079,-25187,-25189,-25197,-24695,24955,24657,-24981,-24704,24488,-24478,24468,-24701,-92,-4,17,12,21,-6,22,9,-9,-15,-2,16,12,1,11,1,-4,32,-13,-23,19,-11,-17,1,0,-587,-633,-660,-651,-620,600,599,-620,-638,430,-19350,-18280,-19483,-18824,-18468,18692,18499,-18688,-18507,18266,-18299,18316,-18513,-108,1,30,-13,-7,-12,-13,5,8,-25,21,-21,6,30,6,-12,18,-62,-11,25,8,11,-19,-2,3,5,12,21,-17,-9,10,6,-10,-13,-26,9,9,-15,21,8,13,-1,12,-2,2,-13,16,-14,6,-1,-6,2,-38,21,-8,-3,1,-28,-9,1,-10,-12,-17,-31,21,31,-4,4,-5,-12,-14,19,0,-1,6,4,5,6,9,9,-4,-4,-17,3,-1,-11,8,6,-11,-15,-1,-1,4,-7,-3,0,-2,-1,2,-20,26,14,18,-1,-1,15,3,-17,8,32,22,2,-19,18,-2,-4,11,-20,-13,-3,19,2,9,7,3,22,-4,-8,0,0,0,0,0,0,0,0,0,0,0,0,0,0,0,0,0,0
-256,10,0,4,-20,5,10,0,-7,-4,-3,-6,8,-8,-6,-14,18,-17,-12,-10,3,-4,25,22,1,-4,-8,8,27,-14,0,3,-19,-17,15,-4,-4,15,2,-14,-22,16,-237,-25074,-25178,-25216,-25184,-24672,24944,24706,-24940,-24705,24448,-24478,24475,-24670,-110,-11,-10,-14,10,4,-14,-9,9,-3,-4,-9,12,-18,-22,10,3,-17,-26,-28,-25,-27,7,-6,23,-629,-652,-602,-607,-586,632,607,-648,-619,392,-19372,-18219,-19466,-18898,-18532,18664,18485,-18682,-18474,18349,-18344,18315,-18475,-78,-46,4,-2,3,9,-32,21,33,25,25,-7,-2,-35,-18,5,-25,-6,19,-40,-2,-19,-17,6,13,7,-43,9,-32,-4,-15,-3,43,-15,-49,-15,35,4,-13,-21,9,-16,6,-9,-19,-6,6,2,5,13,5,-31,-15,-1,-35,7,-4,1,-3,14,5,11,0,17,26,1,-4,2,12,0,2,3,-18,-2,-1,16,-4,-15,-11,-1,-13,-1,-11,-5,-18,-4,2,15,4,8,-1,5,-12,-24,-8,2,-9,9,-2,-2,-19,-3,15,-8,13,-29,-13,4,-3,-16,-9,-16,-8,-23,22,1,-41,23,-7,11,-11,-1,-6,-4,0,14,1,15,0,0,0,0,0,0,0,0,0,0,0,0,0,0,0,0,0,0
0,-17,-1,5,-21,8,-10,-52,1,23,-34,-7,-7,8,-37,-2,7,6,2,15,9,-12,6,11,-7,-22,-23,-1,24,20,18,-3,-10,-19,-6,-18,-9,13,12,-20,-12,-14,-250,-25058,-25204,-25198,-25193,-24715,24957,24698,-24956,-24698,24481,-24458,24475,-24700,-103,-1,-11,2,8,3,-3,-12,-18,11,-31,-4,-19,11,-25,9,-34,1,-26,3,-11,-31,-4,-27,-37,-624,-616,-642,-623,-631,615,622,-627,-597,412,-19393,-18271,-19510,-18879,-18495,18713,18473,-18682,-18485,18333,-18301,18335,-18480,-41,34,-1,37,-24,-8,36,-24,-27,-1,27,16,19,-14,-1,-12,16,-33,-13,-3,-6,-39,14,-1,-10,22,-39,-18,-7,-16,-37,26,-45,4,3,17,-5,6,-4,-9,34,-3,3,18,-34,5,10,6,11,7,-3,-1,-14,-9,-28,-11,-7,7,13,-2,0,0,7,15,-12,-29,1,-32,3,-21,7,11,13,10,-14,-6,9,22,12,-6,6,2,6,1,20,-18,-15,0,-30,-37,-3,2,11,-17,29,-8,6,-12,14,-17,3,24,19,20,-13,-6,0,-20,17,-1,-34,-16,-17,-15,17,10,11,-6,-1,11,-16,-11,-12,-6,9,12,25,-37,0,0,0,0,0,0,0,0,0,0,0,0,0,0,0,0,0,0
0,4,14,-10,3,-2,7,4,-18,-24,-19,1,-11,2,27,17,-21,-17,-29,-5,-11,-15,-13,17,5,16,-15,-8,-12,-23,-10,-7,-16,-11,-19,-18,9,6,-9,4,-15,-8,-254,-25059,-25193,-25216,-25180,-24725,24955,24709,-24956,-24674,24476,-24461,24467,-24708,-130,-12,-10,5,-21,-13,7,2,1,9,-22,-5,5,-20,-2,-16,4,27,-19,-5,11,-8,25,-1,-37,-630,-641,-628,-621,-647,599,636,-639,-628,411,-19363,-18235,-19488,-18881,-18506,18690,18470,-18734,-18534,18304,-18360,18285,-18484,-91,15,-11,4,30,4,-11,-10,-14,16,5,-14,18,-5,-8,-14,-5,-8,-31,-6,-18,-9,-5,25,-51,-38,29,28,8,-19,-38,14,-5,-1,-5,0,40,-13,-5,-7,19,5,-10,15,-5,5,22,0,-28,-2,-20,10,5,-8,-17,-13,4,-22,5,23,5,-1,-7,9,21,25,-11,17,11,-28,-2,1,-13,0,-5,12,4,-18,-18,-15,-14,7,-22,-10,-21,-3,-4,-6,-12,-11,-8,10,13,-10,-10,3,-9,14,8,-16,26,-27,1,-14,-11,-27,2,6,22,0,-9,8,-14,-6,2,0,-20,6,9,14,10,-17,-5,35,-10,-20,29,2,0,0,0,0,0,0,0,0,0,0,0,0,0,0,0,0,0,0
-256,15,5,8,-20,-12,29,24,-6,3,8,9,-2,-2,-3,24,24,-10,2,-8,-24,-12,-20,-15,-26,-4,-5,12,2,-4,-16,10,-28,17,4,-3,-3,-3,5,-1,-11,2,-252,-25073,-25204,-25195,-25191,-24709,24967,24692,-24980,-24691,24466,-24462,24498,-24697,-99,-15,-6,1,3,8,-36,8,-2,11,-17,13,22,-13,-6,-4,-3,-10,1,9,-36,-34,-47,-30,-55,-582,-627,-642,-640,-605,585,595,-597,-607,420,-19390,-18207,-19498,-18864,-18481,18698,18484,-18687,-18479,18355,-18328,18288,-18506,-53,-14,26,31,8,-19,3,9,29,39,0,37,-17,-24,-15,13,-3,21,-6,13,6,-16,-1,9,-6,2,-21,5,2,-15,6,-13,40,1,0,9,-14,-19,32,-35,0,-3,-1,7,7,20,-36,-31,-26,-6,-18,13,-15,9,2,-6,6,-14,12,6,5,-9,16,-16,23,-5,-5,1,-3,-40,-9,18,-7,-11,-22,9,21,16,5,-20,-4,1,-20,13,-4,-6,1,-4,-31,3,-15,0,-6,-8,8,-2,-3,-32,-8,2,14,13,-33,9,15,14,-25,-13,-4,-7,-8,20,11,-2,2,6,-9,6,-6,-7,-8,6,18,-11,-15,7,-5,-5,0,0,0,0,0,0,0,0,0,0,0,0,0,0,0,0,0,0
0,-19,-25,15,7,-8,8,14,4,21,-2,-3,13,6,7,-11,38,3,18,3,13,-5,5,-4,11,22,-14,-2,-1,-28,-18,-2,13,-7,-14,-14,-1,-25,0,-10,2,1,-242,-25065,-25188,-25174,-25196,-24686,24963,24678,-24934,-24715,24482,-24469,24456,-24707,-129,-20,4,-2,-10,-19,17,16,-21,11,-11,-15,5,-64,15,-12,10,-9,-8,-34,-18,-11,-6,-3,-13,-611,-620,-618,-620,-651,621,646,-650,-649,426,-19377,-18286,-19484,-18868,-18470,18685,18484,-18642,-18497,18327,-18355,18316,-18487,-109,26,-13,3,5,-27,-15,10,-6,-13,7,-25,13,-18,-8,-8,-32,5,23,-8,44,-13,-27,-14,-15,0,10,-32,-4,-8,-11,16,16,-28,4,13,-9,-15,-20,-11,23,9,-17,16,14,-7,-1,29,-5,-10,23,26,-4,1,3,-1,15,-4,12,19,-2,-1,-4,-25,-9,15,-2,-44,9,-7,-1,-10,-15,-1,7,5,-4,-4,4,2,-13,-28,6,-13,15,-2,27,14,-20,21,-22,6,0,-9,-18,16,-3,11,-16,6,-13,-16,3,2,-6,2,-9,14,-3,6,11,-6,-16,-8,7,-6,12,4,-15,0,-2,9,0,22,-1,1,4,-21,0,0,0,0,0,0,0,0,0,0,0,0,0,0,0,0,0,0
0,-7,7,-25,-10,-2,17,-11,17,1,26,-20,-1,-15,46,11,-7,6,-1,-5,1,-17,-5,1,-7,-5,-23,-8,18,-17,4,-31,8,-11,26,14,4,-14,17,-31,6,12,-246,-25085,-25173,-25191,-25191,-24694,24941,24678,-24977,-24672,24482,-24466,24480,-24721,-105,-11,6,-19,-7,-15,-42,-16,9,-9,5,-6,8,10,-4,30,-13,11,-12,-5,-13,-47,-38,-21,15,-650,-625,-612,-600,-609,640,618,-655,-638,382,-19413,-18251,-19512,-18863,-18464,18710,18465,-18693,-18502,18308,-18347,18315,-18523,-100,5,-6,-22,-23,3,10,5,11,2,-16,10,5,18,3,5,51,-20,-17,38,18,8,1,5,-26,-34,11,7,-23,-7,13,-37,16,15,-50,-15,-16,-5,7,4,-6,-12,-33,12,10,2,-9,28,-13,-11,10,14,-31,-2,-1,6,18,-9,8,-10,-12,-14,-5,15,19,-20,2,30,13,-4,15,4,19,4,7,21,0,-20,31,12,-3,22,8,9,6,3,6,7,4,-13,8,-4,1,11,15,-5,-10,-18,-6,-28,22,-31,-14,6,4,13,-11,-9,-7,-3,3,1,4,-6,-10,-13,6,-17,-36,-29,3,-24,14,4,6,2,6,-8,0,0,0,0,0,0,0,0,0,0,0,0,0,0,0,0,0,0
0,-2,19,0,21,-12,15,15,16,-7,-21,13,21,13,-12,4,-2,-4,32,0,2,6,10,2,0,-8,-3,-7,-27,-26,-5,-6,0,18,-5,-4,-14,-1,4,17,4,-19,-248,-25081,-25224,-25189,-25206,-24680,24967,24678,-24950,-24719,24475,-24472,24445,-24711,-131,-10,-6,8,-18,-3,5,-16,19,42,6,-10,14,-31,-17,8,8,-16,5,19,12,6,-15,-15,-8,-626,-656,-611,-605,-628,629,646,-620,-612,436,-19403,-18210,-19486,-18825,-18476,18662,18470,-18685,-18487,18330,-18331,18321,-18470,-91,3,10,18,-8,-11,-6,-12,-26,22,0,55,14,21,-41,-7,0,19,-8,-6,-28,14,-3,-31,-6,21,-2,-8,-17,-5,9,-7,44,-33,-27,38,6,12,-9,-6,-18,-3,19,0,-22,3,15,19,-26,14,13,-8,4,12,-16,11,-19,-30,-4,17,-22,-6,-15,-5,-12,-16,29,23,-5,-13,-1,18,-22,-11,5,-9,4,-17,-18,-1,-6,0,-1,-14,16,-3,1,15,10,-3,6,5,-7,25,-17,21,2,-4,-16,-10,-9,9,11,-12,12,3,-13,11,-17,-12,1,-1,8,-7,2,-2,1,-2,-6,1,-19,5,-16,0,-6,5,-3,-2,0,0,0,0,0,0,0,0,0,0,0,0,0,0,0,0,0,0
-256,3,2,-5,9,-7,-10,-7,19,-10,4,-19,25,-2,-11,14,-28,-11,-12,17,-7,-8,-2,-13,19,19,-2,5,-16,-12,4,3,-10,-6,-17,-8,13,-11,-18,-4,-6,-14,-230,-25069,-25230,-25196,-25198,-24730,24957,24695,-24966,-24700,24493,-24458,24458,-24744,-125,2,-20,7,24,-21,-30,-4,-29,10,9,5,-14,28,39,8,39,17,18,-19,-5,-11,24,-10,0,-629,-652,-623,-630,-633,653,595,-635,-635,418,-19370,-18217,-19503,-18858,-18502,18720,18484,-18691,-18508,18355,-18337,18318,-18534,-92,-15,-7,23,-54,23,-13,-5,41,-33,-13,21,-11,5,-17,-34,-45,14,40,20,2,0,-34,-20,-6,2,-2,7,-23,18,-5,21,-19,25,-9,27,12,-4,22,8,-3,10,5,-1,2,-6,-14,-7,10,-5,-15,6,-2,-7,-12,-24,-1,12,10,4,11,5,-2,-8,27,27,1,32,-5,0,-26,-14,8,5,9,0,0,-21,0,10,16,17,8,-12,22,-14,-35,9,17,3,31,-12,-26,2,8,-31,-1,-1,7,-9,-17,-12,-21,11,-6,0,0,4,-5,6,-3,-4,18,19,9,11,-11,3,8,-16,-10,-7,9,-29,-14,-24,-7,-16,0,0,0,0,0,0,0,0,0,0,0,0,0,0,0,0,0,0
0,11,37,-3,-5,-13,6,23,-9,-2,-4,28,2,-12,1,-2,-28,30,1,-15,-15,-3,14,13,-2,27,2,-2,-14,-4,8,-15,16,20,-27,18,20,-5,-8,15,-8,10,-258,-25087,-25168,-25167,-25175,-24700,24965,24712,-24969,-24697,24463,-24464,24479,-24710,-124,-14,-1,-24,25,36,6,4,-14,13,-30,-40,-26,5,-4,-12,-23,10,16,-29,10,-12,-27,4,-27,-627,-626,-637,-599,-601,636,642,-631,-625,463,-19394,-18213,-19456,-18907,-18505,18666,18472,-18664,-18513,18323,-18341,18308,-18483,-102,-8,-14,-6,-44,4,13,-4,42,-26,9,6,-2,-84,-18,-6,0,-2,-19,31,5,-23,47,7,2,-4,-4,-33,-51,-36,-6,16,22,31,-40,5,33,28,-4,-29,6,-21,18,-8,-13,17,0,-25,22,-26,10,10,17,-11,7,-21,19,10,-6,13,-19,7,7,-3,24,-5,0,7,-28,18,-6,15,-20,4,29,-33,5,13,16,-11,-20,10,13,11,4,-7,-5,10,13,13,-14,5,-4,8,14,3,-5,-6,0,-15,-26,2,-1,2,11,-7,2,4,9,-21,36,-12,2,-17,20,3,-9,6,6,-6,-12,3,15,-6,13,-12,-8,-15,0,0,0,0,0,0,0,0,0,0,0,0,0,0,0,0,0,0
-256,4,-4,8,-32,14,8,9,10,-8,-5,-21,2,4,8,4,-32,4,4,-10,-21,-2,12,-5,31,-8,3,-13,21,18,4,-5,-11,1,15,-6,4,18,-11,-6,-11,15,-238,-25118,-25195,-25169,-25215,-24690,24972,24673,-24978,-24692,24461,-24474,24450,-24684,-138,1,23,25,-16,14,7,-5,16,-1,1,-11,10,-22,34,4,18,29,-10,-1,-7,8,-22,-10,-2,-654,-645,-649,-615,-649,647,622,-639,-575,417,-19422,-18270,-19482,-18851,-18471,18699,18523,-18667,-18494,18340,-18324,18333,-18490,-117,-10,35,-20,21,-5,-20,-1,-10,8,-8,-21,26,6,26,-26,-2,5,-11,-3,-21,-13,-16,-30,-41,15,-1,8,-14,9,-9,-2,15,-5,3,-18,2,-1,12,2,-12,-10,1,-24,-5,-1,-5,34,-3,-31,-9,-20,-6,23,35,5,-17,-37,10,-15,-4,-19,-15,-20,2,-21,3,6,10,10,14,17,14,-9,21,-12,4,3,2,-26,-1,-14,-23,16,6,6,16,24,-8,24,-12,4,-13,-20,28,25,-11,16,6,-19,-2,-26,5,11,-36,-35,-35,0,-12,-16,1,3,4,-18,1,6,-2,-11,21,-3,-12,-7,15,12,-31,13,-6,-8,0,0,0,0,0,0,0,0,0,0,0,0,0,0,0,0,0,0
0,-18,-12,15,2,-3,-24,8,-7,-10,-1,-25,5,-12,2,-16,-8,-9,16,15,-28,-7,14,15,-11,-17,12,-2,-9,-3,-26,9,-8,-17,-8,-7,4,11,-12,-2,17,-1,-250,-25077,-25211,-25206,-25210,-24699,24958,24706,-24960,-24691,24503,-24463,24460,-24723,-130,13,12,5,9,-4,-25,2,-13,-37,-13,9,10,11,-23,26,8,19,5,-23,-38,6,25,11,7,-638,-647,-661,-615,-633,646,602,-609,-656,430,-19388,-18227,-19468,-18857,-18485,18656,18464,-18678,-18495,18304,-18317,18338,-18522,-105,3,-48,29,-15,-4,-49,-27,-42,0,-7,-4,-10,-2,-17,-6,2,0,-33,7,-17,39,5,-13,53,-3,-10,16,23,12,25,0,10,-31,-21,-10,15,7,-11,-15,26,32,-5,-2,5,8,-1,-1,-25,-19,-11,22,-4,5,-14,5,-11,5,-12,4,17,-8,2,4,14,2,2,-25,-5,-1,15,17,-1,6,-7,-6,-23,24,-11,-27,9,1,12,2,1,12,-14,-7,-20,-12,-13,-9,21,5,23,3,17,10,6,8,7,-6,4,-7,-21,10,-11,-7,15,1,-10,13,1,7,22,9,-14,5,9,-14,-7,7,7,-15,-7,-9,-2,-2,0,0,0,0,0,0,0,0,0,0,0,0,0,0,0,0,0,0
-256,1,-25,20,5,19,-27,21,13,20,4,-12,-5,-4,17,-14,-7,-2,9,4,-2,5,-5,23,1,-6,2,-5,5,5,0,-9,18,19,-29,-3,-3,2,-19,-14,-4,-6,-237,-25065,-25186,-25191,-25195,-24685,24955,24676,-24950,-24701,24493,-24450,24457,-24724,-100,8,-14,12,-28,3,-24,-17,13,3,31,35,-16,12,17,-14,25,15,2,-23,1,-7,5,25,-8,-640,-626,-612,-655,-645,648,626,-649,-662,399,-19380,-18254,-19512,-18855,-18492,18643,18482,-18727,-18479,18306,-18333,18326,-18486,-66,7,-8,7,-13,31,20,1,22,-7,-5,-21,19,-28,11,22,-4,-4,-10,-27,35,-14,-17,6,16,-19,-40,-14,-9,7,-24,-1,4,17,8,-12,-2,-11,9,-13,-3,5,20,-4,-19,-12,-13,11,9,3,-11,9,11,0,-5,-11,6,22,27,9,-6,3,-3,0,14,10,-1,19,-7,-22,-10,-5,3,-16,14,-18,-7,-2,5,7,11,0,-14,-13,-6,-9,-3,10,-11,7,8,8,-13,-3,-22,-11,15,5,7,-18,-26,29,3,-7,7,5,40,18,3,-10,-20,9,9,15,-14,-22,16,-17,-25,-24,47,-12,-2,7,-17,-24,-8,7,0,0,0,0,0,0,0,0,0,0,0,0,0,0,0,0,0,0
-256,2,-23,-5,-6,-3,-19,8,-6,-8,-11,-1,11,-10,6,10,0,4,-13,-17,-6,18,-6,-4,-7,-6,1,17,6,15,6,-17,-7,-14,-13,-6,8,7,-4,1,5,-5,-235,-25081,-25184,-25198,-25187,-24700,24970,24708,-24939,-24694,24441,-24449,24471,-24717,-130,13,14,-10,-1,2,18,-30,-3,21,14,9,5,2,-21,-12,-22,8,-2,-27,6,22,5,4,-15,-623,-642,-666,-624,-622,671,612,-639,-619,429,-19373,-18232,-19453,-18879,-18484,18696,18465,-18703,-18518,18306,-18319,18301,-18515,-106,11,-17,8,-6,-23,9,-23,-17,1,3,14,-45,8,-15,23,-8,-29,2,3,13,-8,20,8,11,-21,2,2,8,-16,-12,-16,-16,27,40,-6,-2,22,-1,19,12,13,-12,0,-17,3,10,-28,11,1,-5,-1,-33,-3,-8,-14,-2,-19,7,-15,0,-9,15,-4,-9,-1,-18,-2,11,17,-9,1,-25,10,-15,4,-2,-28,23,-3,2,-18,-9,14,-5,8,-16,6,4,2,-30,-11,11,-2,-1,12,-1,-4,10,15,-28,24,-19,6,-13,-3,-10,3,9,4,13,11,-1,4,8,5,-14,1,-27,2,16,0,-4,23,7,-2,-10,4,0,0,0,0,0,0,0,0,0,0,0,0,0,0,0,0,0,0
0,31,-2,-19,8,2,16,-5,2,27,27,-20,0,-8,11,9,-2,-6,-9,34,5,3,5,2,-3,5,0,-4,13,0,-23,-7,-3,17,2,-27,5,6,-19,-10,24,-11,-215,-25084,-25195,-25188,-25158,-24691,24936,24702,-24976,-24715,24489,-24446,24453,-24718,-107,-13,-20,7,-6,9,10,-5,-2,-14,-15,-7,10,-3,-6,-36,-25,47,-13,1,-9,-16,19,-3,5,-631,-626,-607,-628,-625,626,600,-612,-630,457,-19410,-18228,-19486,-18849,-18487,18685,18516,-18685,-18499,18328,-18305,18320,-18523,-121,-14,16,-29,-20,-12,-13,10,20,-1,-4,-12,14,-44,-23,-12,3,5,-2,10,32,-2,27,-19,12,2,-27,-33,18,-14,21,18,-34,-17,17,20,26,9,3,-1,-15,5,-4,-16,-1,-13,3,-11,-31,-10,4,21,24,-6,-18,-3,9,3,-9,-16,-7,-2,9,-18,18,-16,-1,5,5,-6,5,-24,19,9,13,3,-17,-41,-18,-37,17,-10,-22,4,10,-7,10,10,-28,-12,10,8,-30,-14,-4,-11,-1,-25,8,19,-10,-5,-18,-23,-19,-18,-40,1,10,2,18,2,10,2,-1,8,-14,-2,-4,-12,-2,4,7,-14,10,-2,6,-7,0,0,0,0,0,0,0,0,0,0,0,0,0,0,0,0,0,0
-256,-13,23,-1,21,-7,4,2,-20,4,-4,15,8,8,-38,-23,-1,7,5,7,-12,38,-10,-17,-15,8,10,-14,2,-27,13,13,6,12,-23,-12,-31,12,26,-10,13,10,-263,-25097,-25174,-25199,-25198,-24718,24973,24700,-24969,-24697,24469,-24452,24471,-24720,-142,-20,-6,11,6,9,-6,-24,-7,2,13,-10,4,-4,31,-7,0,-14,-10,4,-4,-20,19,4,-8,-635,-602,-623,-660,-637,602,629,-650,-599,424,-19375,-18285,-19484,-18876,-18498,18669,18467,-18691,-18500,18332,-18329,18308,-18494,-96,39,26,-23,-7,-26,-31,-15,-21,-38,42,38,43,36,-16,50,-10,12,4,-29,-12,-32,-5,0,2,-2,26,-15,-8,6,-4,18,6,30,-7,-27,-15,11,18,-8,-27,-5,-23,1,2,14,4,16,0,-13,-4,-18,-6,13,-11,4,-14,10,-22,30,-15,2,-13,-8,19,-17,1,-18,1,-2,-22,-18,-13,-3,-21,9,-16,-12,21,0,-32,-15,-14,18,-4,-3,1,30,-13,10,25,-25,9,12,10,1,2,-18,-3,9,9,19,-6,-10,-6,-10,12,-23,20,18,-14,-13,2,26,0,-5,27,-2,-22,-16,-28,-4,-14,-11,8,16,9,3,0,0,0,0,0,0,0,0,0,0,0,0,0,0,0,0,0,0
0,-6,-11,-13,7,-3,-9,35,19,16,13,-3,4,3,-3,-4,-4,15,12,3,-2,-6,3,3,2,-7,-13,-3,-5,9,2,4,-1,6,5,18,10,-15,-18,-12,-19,-2,-237,-25042,-25182,-25180,-25164,-24707,24940,24691,-24945,-24706,24467,-24458,24476,-24736,-108,-7,-5,-13,2,-15,-3,10,16,-25,5,-13,-9,14,13,12,-8,21,-8,-26,3,-3,-11,-5,-22,-627,-654,-619,-647,-624,599,630,-655,-601,433,-19417,-18213,-19492,-18828,-18488,18674,18479,-18650,-18522,18318,-18298,18319,-18494,-59,14,-13,-3,-1,-21,8,-30,-16,-2,-45,-7,10,-1,15,22,22,-35,17,-8,-8,24,13,44,-2,18,-5,-11,-4,9,6,0,3,16,-2,3,-9,19,-38,18,11,24,-12,-4,-11,0,-4,-6,-4,-4,-6,-6,-10,-11,10,1,-6,-40,13,-1,16,11,-1,-4,12,-13,14,18,13,-13,0,7,23,12,2,-10,5,-18,3,9,0,3,-11,-30,3,10,18,-10,9,-43,1,-4,-18,-28,3,2,-7,25,-11,8,-1,8,-8,3,-18,0,10,0,0,-24,2,14,-10,2,-8,-7,8,-26,-1,11,16,5,6,4,-7,-11,-7,-18,0,0,0,0,0,0,0,0,0,0,0,0,0,0,0,0,0,0
0,-10,-11,-12,4,17,0,-9,10,5,-24,13,-21,-2,-12,-36,10,31,5,-7,-8,15,-4,-12,-15,-14,-5,-26,13,-7,19,-3,-6,36,-20,-14,0,-9,5,0,-9,-2,-256,-25080,-25163,-25180,-25207,-24697,24985,24718,-24968,-24702,24487,-24464,24467,-24718,-115,0,-8,-6,-2,-5,-16,2,16,-5,10,7,-4,18,1,-44,20,15,-7,-20,22,39,17,-4,14,-622,-676,-643,-622,-645,613,638,-615,-632,451,-19379,-18230,-19476,-18843,-18475,18672,18512,-18664,-18478,18292,-18364,18312,-18489,-75,-41,22,2,-6,-26,42,16,-4,28,6,-37,-6,3,12,33,-6,-12,-6,15,1,-5,-15,-39,33,-8,-5,-6,-4,-32,-23,-27,39,44,28,-8,-2,-16,-35,20,-8,-9,6,-6,29,-17,16,-9,6,8,-7,-16,0,12,1,-24,-3,2,-7,-3,16,3,-4,-7,25,17,16,9,9,-3,6,-19,2,-15,11,1,10,-2,-1,2,-12,-2,-7,-9,-3,-24,21,4,-6,35,1,-22,0,14,19,-44,5,-16,-11,15,8,1,8,8,19,11,-2,-7,4,13,-6,4,8,5,18,-30,-11,-9,-2,-9,-6,-11,-11,-13,-21,-15,20,-1,0,0,0,0,0,0,0,0,0,0,0,0,0,0,0,0,0,0
0,30,16,5,-11,-38,-20,-3,-9,-6,-7,-2,-13,-12,13,-8,-18,-6,-3,-20,3,1,10,-14,-2,-18,-3,5,-16,-6,7,7,-5,-12,6,-10,13,4,-15,-5,12,0,-249,-25071,-25196,-25183,-25179,-24710,24947,24721,-24958,-24691,24496,-24511,24483,-24739,-112,19,-11,-30,-14,17,10,-1,-16,-37,-13,11,-7,18,-13,32,4,25,-3,7,12,-40,20,4,-20,-602,-575,-617,-620,-638,636,640,-611,-607,390,-19355,-18245,-19475,-18845,-18487,18693,18490,-18677,-18493,18308,-18333,18364,-18528,-69,-20,20,10,49,-31,17,6,-9,30,12,-54,-7,12,-6,22,-10,17,-8,-33,6,-15,-9,15,12,-9,19,25,-35,31,36,21,-4,-39,9,-20,20,-8,-21,-13,31,-17,12,-26,17,-26,38,-6,-14,-6,9,14,0,1,0,23,-19,-7,-5,-7,-12,4,-14,-8,15,-8,-14,6,2,-5,-9,1,13,-7,-40,-9,34,4,4,-10,-34,-10,-1,23,6,-26,11,-17,5,-15,-7,-9,-24,9,8,-17,-15,12,-24,-21,4,-4,-17,-7,4,-17,14,-2,11,-6,-4,24,-9,-5,-11,15,-22,-6,-18,1,7,2,13,16,-7,2,-1,-11,0,0,0,0,0,0,0,0,0,0,0,0,0,0,0,0,0,0
-256,24,-4,-11,7,-15,-1,-24,-4,7,11,19,-16,-29,-22,-34,3,2,11,2,18,-25,-1,11,9,-4,8,0,-7,-4,-7,19,-1,-24,13,-17,21,17,7,-13,4,-22,-224,-25087,-25193,-25195,-25186,-24703,24929,24720,-24962,-24709,24454,-24473,24446,-24734,-114,9,-2,-24,3,25,-4,-11,-17,-13,16,-19,7,23,7,-7,16,7,4,-32,1,-11,19,-6,21,-623,-636,-622,-640,-621,658,620,-633,-598,420,-19394,-18236,-19496,-18860,-18503,18653,18437,-18658,-18531,18316,-18354,18330,-18501,-82,-14,10,9,-15,-26,-3,-1,19,15,44,-10,16,-13,-15,27,-41,6,-3,-3,18,21,19,42,28,-1,14,-59,-7,18,7,-9,-13,7,-44,-3,2,-17,-9,4,-14,-15,8,-16,-13,-22,-18,7,28,12,-9,6,17,6,-19,-4,-4,-26,4,4,-15,-9,-22,-6,-4,-17,-16,8,21,-18,-5,-12,-5,-13,19,22,7,8,11,4,-16,-15,2,-6,-14,-11,6,2,13,-27,-16,-9,-3,2,-19,-10,-5,-16,19,12,-8,24,10,-4,-14,-3,-15,-13,-9,-1,0,-16,-17,-26,-6,9,-15,18,0,-18,-6,-10,23,13,-2,1,-11,-31,0,0,0,0,0,0,0,0,0,0,0,0,0,0,0,0,0,0
-256,-19,9,6,-2,-15,-9,-4,-11,16,-17,-6,-4,-5,8,4,-12,-39,-27,19,-14,6,5,-25,4,-6,2,20,-7,-1,-14,1,-15,-9,12,-21,7,12,12,-10,-9,-11,-243,-25077,-25197,-25180,-25184,-24710,24983,24708,-24948,-24701,24459,-24458,24463,-24714,-133,-29,-21,-1,-28,28,12,0,16,4,-17,-5,23,14,-6,-8,-22,-13,-4,-36,-17,26,3,5,17,-598,-626,-646,-630,-593,670,608,-640,-644,471,-19402,-18311,-19499,-18842,-18502,18668,18457,-18704,-18497,18332,-18349,18317,-18479,-59,-10,-17,17,-35,35,-19,-5,17,-13,8,-52,-7,0,-10,-12,-32,-29,-3,-10,-12,1,34,6,4,13,28,14,7,-2,-37,-6,20,23,31,17,-14,-4,9,8,-16,11,-6,7,-11,1,-10,-9,-8,6,13,-1,-8,13,4,-21,19,-8,1,13,18,-6,3,5,-7,18,5,-2,-18,10,-2,3,1,3,-20,7,-18,21,3,-29,-7,1,18,18,6,10,23,-32,6,9,-10,16,7,4,-4,5,-12,5,-14,11,-11,3,28,10,17,-11,-7,-2,-2,-1,-4,-2,-12,13,3,-23,-13,-3,6,-6,-15,-27,13,20,-3,-15,-9,18,0,0,0,0,0,0,0,0,0,0,0,0,0,0,0,0,0,0
0,1,-3,8,11,-5,14,-2,3,-11,-1,4,-18,-18,12,3,-20,40,26,-28,8,-12,-35,9,16,11,1,18,-8,-3,19,-12,28,-4,32,0,-1,-9,-16,-2,6,11,-232,-25062,-25163,-25187,-25201,-24680,24965,24681,-24925,-24701,24527,-24473,24469,-24729,-92,1,31,-4,16,40,-1,0,-3,-41,11,1,11,-10,-26,10,12,3,-22,-15,3,-4,21,-19,-12,-619,-661,-647,-642,-614,636,636,-625,-640,449,-19379,-18231,-19494,-18863,-18469,18681,18481,-18686,-18484,18324,-18304,18355,-18508,-120,1,33,24,-30,-7,7,5,-16,-19,-54,-12,-8,-10,24,-11,-14,-14,-8,-5,8,-5,41,-8,53,8,-33,-54,2,-43,19,27,38,0,-14,-14,21,2,7,-8,-10,-3,-23,5,29,-1,-3,-17,-5,-7,-4,-7,19,10,-30,7,29,-13,-7,9,-4,11,-20,-21,-20,-10,-6,6,-8,11,12,-35,-4,9,42,-12,-4,4,0,3,-12,-5,-3,-3,-20,28,22,-18,0,-25,5,2,-6,-12,2,8,-18,21,9,-5,-15,30,1,1,34,1,6,12,12,-16,-5,11,3,-5,-6,24,-17,14,17,13,6,-9,-14,4,-20,14,9,-1,0,0,0,0,0,0,0,0,0,0,0,0,0,0,0,0,0,0
-256,16,-4,7,15,30,-9,-16,-12,22,-33,8,-1,-3,24,-21,-5,35,-16,21,16,-6,-21,-1,1,-41,-10,14,-3,10,-1,-18,2,7,-5,-11,-10,4,-10,-8,10,0,-276,-25086,-25212,-25191,-25191,-24723,24956,24681,-24959,-24728,24450,-24449,24453,-24698,-111,-12,-20,-8,4,15,19,-24,-21,9,18,-15,-28,-18,7,14,17,13,12,28,-6,-14,-50,-40,-27,-638,-635,-627,-642,-633,632,645,-614,-617,465,-19396,-18239,-19511,-18898,-18498,18700,18507,-18673,-18458,18343,-18365,18305,-18505,-122,-1,-24,17,-45,8,22,20,14,15,7,-5,24,5,-36,-34,-33,-12,-26,-20,0,-55,15,3,-9,5,-4,-2,-3,-2,8,29,16,-11,8,-15,-1,-2,7,2,-22,-19,-18,4,0,-7,-3,-29,-11,10,6,5,-4,0,2,-2,11,5,25,-11,-1,19,-8,7,33,9,4,2,11,-3,-3,-2,15,-1,13,6,-25,8,-7,13,-16,-21,-4,9,-3,2,-11,23,8,-17,18,-8,5,-15,2,12,-9,-5,-10,16,-7,12,7,-2,23,-29,26,13,-6,12,33,-16,25,0,8,8,6,20,-16,43,-21,-26,-19,29,-2,-7,12,15,0,0,0,0,0,0,0,0,0,0,0,0,0,0,0,0,0,0
-256,13,-4,-5,21,13,-3,-3,12,2,2,-3,-15,-16,-16,0,-12,14,-8,29,-24,-19,-7,-1,10,-1,22,4,16,2,10,-19,-3,-22,-3,-4,-12,-28,-4,9,4,19,-249,-25080,-25189,-25166,-25206,-24677,24952,24719,-24961,-24709,24461,-24478,24496,-24706,-109,12,7,-20,-12,-33,17,-6,7,31,-5,7,-15,16,24,21,-15,38,19,12,-25,9,-14,17,-13,-648,-648,-643,-689,-631,630,592,-636,-605,453,-19396,-18276,-19467,-18854,-18460,18709,18482,-18655,-18535,18320,-18323,18341,-18525,-102,-6,6,14,-15,0,-25,-7,-36,-25,-2,3,-42,-43,-38,-10,1,4,-16,1,-22,8,-17,14,-2,-3,-22,28,13,-4,36,14,-27,-41,23,-26,23,-4,10,6,10,0,-14,12,-6,-4,-25,13,17,5,-12,14,14,-5,-4,17,18,6,11,32,6,17,-10,-12,10,-17,3,-27,5,-22,17,-10,21,18,2,-15,-6,3,2,3,-38,-4,-3,-1,20,-6,-2,-2,11,-13,-29,14,10,5,-15,-4,-6,-6,-26,3,-26,1,-12,-12,-1,-30,21,-19,9,16,21,-8,5,-44,-5,6,-1,1,-20,0,-16,10,13,-9,5,-1,-2,-16,0,0,0,0,0,0,0,0,0,0,0,0,0,0,0,0,0,0
-256,-23,-6,10,-2,-16,-31,-12,1,-3,-9,-15,-18,22,8,20,1,-12,-15,7,-6,-7,20,15,-24,2,-31,13,2,-9,5,-2,0,-14,-1,-4,-20,9,21,4,18,2,-230,-25087,-25188,-25192,-25202,-24700,24938,24696,-24957,-24688,24451,-24502,24462,-24714,-93,4,13,5,-16,-2,25,13,-12,8,-18,-5,-23,3,16,11,20,15,23,11,-5,17,8,15,-40,-641,-637,-634,-626,-617,657,592,-592,-596,439,-19343,-18244,-19489,-18877,-18519,18681,18496,-18717,-18485,18319,-18317,18329,-18507,-70,26,-12,-1,11,29,-16,53,9,1,-56,-47,13,-3,-1,25,3,21,-11,22,-29,-61,-13,31,21,6,1,14,-6,-30,-25,10,14,41,-13,-3,-18,7,-20,5,2,34,-15,7,23,5,-20,17,-11,-5,-10,-40,8,-12,16,23,29,3,-4,4,15,5,-2,-18,-2,-3,2,17,-6,6,-9,10,-9,-2,-13,1,-8,18,11,12,5,-13,12,-23,-4,-7,-8,6,-5,-12,-24,-1,11,-15,12,-23,-4,-4,5,4,11,10,24,15,-8,5,-28,22,-14,14,8,-13,-11,36,9,-30,6,2,-9,-7,-5,11,-16,9,-18,0,-4,-4,0,0,0,0,0,0,0,0,0,0,0,0,0,0,0,0,0,0
-256,19,3,-17,-8,-2,-17,-2,3,13,12,-24,10,23,8,38,3,12,10,24,-4,9,-7,20,14,-22,1,8,1,-17,-5,14,-17,3,24,-6,-8,26,13,7,8,-37,-232,-25076,-25162,-25208,-25179,-24692,24965,24692,-24964,-24698,24467,-24483,24472,-24719,-112,-4,-17,-5,-28,-7,-5,7,2,7,5,4,11,-11,-2,14,-14,22,12,13,2,29,16,33,45,-604,-643,-625,-592,-643,625,613,-636,-636,429,-19389,-18244,-19473,-18866,-18509,18689,18472,-18692,-18475,18326,-18332,18303,-18518,-67,19,-19,-29,-11,-28,-8,-20,-10,7,-2,-11,28,26,52,-27,5,13,-3,46,-50,9,-6,3,9,-4,12,24,4,-4,24,-3,25,2,-51,-44,-51,28,18,-46,-9,11,-8,-26,-17,-39,-7,-12,-12,6,1,-20,-4,1,6,12,-15,18,3,-2,-14,21,15,2,-21,-29,9,-35,-20,1,1,14,13,-21,-8,-13,9,9,4,9,11,2,-4,-30,-16,3,23,11,15,28,14,4,-14,-9,10,-16,-11,-8,-3,-20,0,21,8,-19,-23,-18,10,11,1,-5,-17,-2,17,3,10,-16,12,5,-11,14,-12,2,-17,-10,-2,-19,1,3,0,0,0,0,0,0,0,0,0,0,0,0,0,0,0,0,0,0
0,-10,-28,-2,-19,-16,52,-4,20,6,32,-4,-19,15,3,1,5,17,34,-27,7,3,16,9,-10,11,-16,1,19,1,7,0,2,10,-3,-4,20,6,14,-27,-16,13,-227,-25045,-25180,-25191,-25196,-24717,24947,24693,-24952,-24707,24494,-24486,24488,-24716,-112,19,36,36,15,6,19,-11,-11,-16,-30,11,2,14,23,8,22,-9,-31,3,0,-35,-25,-39,10,-593,-632,-660,-613,-598,632,561,-590,-632,462,-19373,-18246,-19493,-18840,-18511,18708,18478,-18676,-18505,18344,-18325,18325,-18496,-78,-18,22,-46,7,6,-29,21,-15,34,-38,-7,-17,-33,8,17,-26,3,10,-13,-7,8,-7,20,17,-16,30,-21,-20,-20,-9,-59,17,-10,5,-13,-7,26,-11,8,-9,1,-19,8,1,-1,1,3,29,23,11,-35,4,1,-2,-1,-17,-25,4,11,40,4,7,18,0,-10,-1,17,-19,-6,-3,4,-1,-5,15,-2,4,-10,-4,-5,-12,-11,-19,-11,-20,-17,13,-11,15,1,7,-4,7,7,-19,21,-9,-2,-1,-3,27,-9,-3,-2,-17,-13,-3,7,-17,12,9,-3,24,-8,17,15,-2,8,6,1,3,21,-20,13,11,19,15,36,0,0,0,0,0,0,0,0,0,0,0,0,0,0,0,0,0,0
-256,-27,5,-12,-17,20,2,21,-5,19,-6,-2,-15,2,-27,2,6,4,-12,-19,-10,5,-15,-5,-40,-1,11,-10,-17,-2,-4,-19,-10,-16,4,9,-7,9,-3,-12,12,-22,-238,-25094,-25213,-25184,-25174,-24690,24975,24710,-24961,-24708,24466,-24477,24465,-24730,-130,-25,9,6,9,19,6,13,-15,-7,5,-11,-2,18,42,-14,-8,20,-17,-15,26,-7,-9,-4,-10,-639,-654,-683,-655,-626,599,588,-670,-651,426,-19369,-18235,-19500,-18882,-18521,18699,18532,-18673,-18505,18323,-18324,18302,-18491,-84,-1,22,20,12,11,-13,19,5,-37,3,8,-28,8,-4,16,-10,-11,28,35,10,1,-11,-5,-13,-17,14,9,6,-18,9,13,4,-3,-4,30,-15,23,-35,8,-5,24,-21,-4,-3,-4,15,-1,-13,-9,3,8,-11,-16,-3,-7,-30,8,-37,0,-28,6,-12,-16,-22,9,-3,-3,3,-7,9,13,-13,-6,20,-10,1,-7,7,-29,-4,5,-9,-14,7,-10,7,2,-17,-5,-10,-10,4,-13,30,-11,3,-8,16,-9,15,-5,27,-4,-5,-1,-8,25,16,31,14,9,-2,-20,16,8,-14,2,-2,-16,18,12,4,5,-4,21,-27,7,0,0,0,0,0,0,0,0,0,0,0,0,0,0,0,0,0,0
0,18,-4,-12,-14,7,-11,-11,-10,-23,-7,1,-1,-10,11,21,-2,-10,6,27,-8,-15,-10,4,-7,-15,22,-27,-15,7,-4,20,-10,-17,19,-5,-6,0,-2,-17,13,-6,-230,-25072,-25214,-25173,-25180,-24705,24980,24701,-24948,-24696,24451,-24479,24494,-24729,-124,-27,5,11,-23,-8,-5,12,-11,4,-11,-22,-13,-4,-5,2,-5,-5,15,-28,-14,-15,35,15,-27,-627,-615,-649,-688,-590,647,648,-630,-631,450,-19401,-18253,-19465,-18838,-18499,18672,18470,-18646,-18528,18301,-18334,18295,-18475,-68,-7,8,-3,-43,8,0,-57,-2,69,-2,-7,-14,-26,18,-13,33,-2,17,19,-36,-18,9,52,-37,12,-23,6,10,-60,-30,14,-30,-3,-5,20,-19,9,-21,-18,18,-13,0,-8,-14,5,2,-9,-16,2,11,-15,-17,-12,27,8,-22,2,13,-7,23,30,-8,-6,-20,13,-11,-4,-9,0,22,-9,-14,11,6,6,3,1,7,-2,-6,3,11,-6,-10,10,4,17,3,-12,-11,6,-13,-3,6,-9,11,10,18,-25,-15,4,-1,4,12,22,17,8,1,-8,-38,-8,23,-19,-1,-25,-25,-36,3,10,34,-15,-14,-12,-11,-6,-16,-5,0,0,0,0,0,0,0,0,0,0,0,0,0,0,0,0,0,0
0,13,10,8,36,-5,7,1,-13,-10,12,16,13,3,-23,-9,0,13,-20,-23,-2,4,10,4,-1,-6,-12,1,-26,-3,33,-2,-7,-1,13,3,-24,18,-10,-3,1,-11,-266,-25101,-25193,-25216,-25193,-24691,24939,24698,-24983,-24717,24465,-24463,24467,-24717,-111,26,27,-14,-9,5,-18,21,5,22,-3,-20,-44,-15,27,-23,-24,18,-7,-6,10,-25,-2,4,-25,-654,-636,-651,-630,-645,623,631,-615,-642,450,-19393,-18228,-19479,-18829,-18474,18705,18520,-18691,-18502,18325,-18333,18331,-18524,-103,-64,-9,8,-32,-9,-31,-14,-6,11,23,20,-15,28,14,-32,-13,8,11,-46,78,-17,5,23,-24,19,21,-26,7,2,-24,19,15,-22,43,-19,10,3,-34,30,22,-1,18,27,7,-4,-16,-14,23,33,-41,5,0,-8,-17,1,-11,0,-10,13,11,6,6,-11,-2,-2,1,-2,8,-14,-1,2,2,-4,-4,-16,15,18,10,-6,7,24,11,-3,5,-4,-13,7,-7,-17,17,5,13,-19,-2,-48,8,-16,14,3,7,3,-18,29,-3,-9,1,20,-27,3,-13,13,-6,-3,-15,0,-2,23,-9,-3,10,9,-14,-14,-10,5,7,7,0,0,0,0,0,0,0,0,0,0,0,0,0,0,0,0,0,0
-256,6,10,-12,-13,-2,-1,0,-8,9,-30,-17,-6,-19,12,3,7,9,-2,-1,16,9,-1,-31,6,3,-6,-4,-5,1,-10,-15,25,-11,-2,-28,-24,6,3,5,12,-16,-250,-25052,-25194,-25171,-25188,-24682,24954,24690,-24966,-24709,24469,-24504,24430,-24758,-112,-9,10,-14,-17,9,2,0,-12,-5,-25,-39,-3,-54,-7,-28,-8,14,-4,-19,-3,46,12,-2,4,-608,-624,-639,-579,-628,624,633,-640,-609,441,-19398,-18220,-19485,-18903,-18440,18729,18451,-18677,-18500,18310,-18338,18335,-18531,-76,8,25,0,-31,10,2,-22,25,-28,26,-4,14,7,-19,13,-20,-17,-14,-14,8,-2,-30,11,-7,-6,-7,-10,28,19,-11,25,55,8,26,1,21,17,7,-18,-9,-3,-28,5,-17,0,-4,11,1,7,-6,13,-2,-18,10,43,17,-7,-1,12,2,-24,-10,-5,16,6,1,2,1,-10,-5,-20,-14,9,2,-21,-25,-28,14,23,12,-27,-9,-15,-34,16,2,5,7,-20,-9,10,-1,-9,-19,-2,3,8,5,-22,13,16,0,-23,-13,-9,16,4,8,8,-9,-5,-1,-24,-9,-5,-3,9,7,-32,-1,-8,-6,-4,5,-19,-31,3,0,0,0,0,0,0,0,0,0,0,0,0,0,0,0,0,0,0
-256,6,19,5,0,19,-13,5,-9,6,-29,22,6,-8,-9,-3,-5,10,-14,0,-44,0,4,21,-1,15,1,2,3,-23,-1,11,-11,36,1,4,2,-9,-14,-3,8,-5,-271,-25079,-25184,-25202,-25184,-24710,24985,24719,-24945,-24706,24495,-24466,24450,-24727,-111,-27,-5,7,-4,6,11,6,12,18,19,-7,12,-13,-1,24,-22,-12,27,-2,-48,29,22,27,4,-654,-617,-629,-644,-617,622,604,-639,-606,454,-19384,-18232,-19478,-18916,-18511,18676,18503,-18690,-18488,18317,-18308,18335,-18500,-92,-15,-16,-6,-27,-14,-2,-2,-26,37,-6,-6,21,5,-2,-31,-29,-4,7,-4,-26,-14,33,4,37,3,-17,8,18,-5,6,5,8,-31,10,19,2,-9,-7,2,-12,0,-5,24,-26,17,4,12,2,-27,-3,15,15,4,-5,8,-26,-5,-12,3,-7,33,3,-6,-7,-6,3,20,-20,8,-17,11,8,-12,-15,21,-7,23,-3,9,-25,-12,21,28,3,-24,-11,-1,8,8,-18,-16,5,21,7,12,-3,16,22,-16,-9,-17,-19,11,2,-13,-20,-21,11,-12,4,5,-19,-13,-3,5,-16,8,-26,-2,25,-10,-25,-23,10,-10,4,10,0,0,0,0,0,0,0,0,0,0,0,0,0,0,0,0,0,0
0,0,0,1,-7,1,-12,-7,-12,0,-3,3,-2,-6,11,-5,11,-35,-24,6,-6,-9,-2,5,-9,-15,-22,5,-14,-11,-18,7,9,16,-15,4,11,0,5,-20,-7,-12,-251,-25060,-25214,-25191,-25201,-24735,24973,24703,-24967,-24702,24474,-24481,24491,-24709,-132,3,30,3,17,6,-14,21,2,-23,-3,10,4,14,-12,-4,25,3,5,2,-7,5,8,-37,-2,-659,-611,-649,-673,-623,605,622,-662,-628,450,-19386,-18300,-19451,-18849,-18456,18722,18508,-18708,-18480,18325,-18325,18362,-18525,-104,22,-17,-19,4,-13,6,-11,-9,-16,-38,-28,17,-5,-23,33,-34,29,-7,40,16,12,-23,13,-7,27,-39,8,-34,-29,-33,13,-13,-55,-10,-12,12,-7,11,-18,37,6,-24,-1,12,-7,-7,24,-2,-10,2,14,7,-1,-12,21,10,3,-22,-8,-8,25,-5,4,11,1,-9,15,-7,-32,18,19,5,-14,12,-9,2,-6,-18,11,41,-1,28,10,27,-1,5,7,-17,16,-10,4,4,16,-23,-16,-23,-4,-17,-18,9,-18,19,-19,14,12,15,-10,-19,-21,-6,7,5,-13,9,-1,15,18,17,16,-6,-8,-19,-17,-31,10,-5,-29,0,0,0,0,0,0,0,0,0,0,0,0,0,0,0,0,0,0
-256,20,26,4,-7,-5,4,7,13,-1,6,19,23,10,0,1,4,-19,-30,-7,-33,-1,-26,-4,-1,-34,7,12,-3,-23,-8,13,-29,-12,-19,-4,12,6,-8,-8,5,0,-237,-25093,-25193,-25188,-25182,-24722,24973,24677,-24961,-24676,24468,-24431,24470,-24745,-145,5,-1,-9,-21,20,-7,-4,19,5,-21,29,13,9,2,11,-24,-1,-35,14,-4,-10,27,28,42,-614,-656,-653,-631,-646,632,637,-629,-610,394,-19384,-18246,-19494,-18846,-18505,18677,18495,-18639,-18443,18293,-18303,18323,-18528,-112,37,-19,17,-15,35,17,15,-26,28,-64,-43,14,17,4,-12,30,-10,-37,9,4,10,19,15,-14,31,-9,-23,-3,0,14,27,-30,34,38,-36,-4,10,0,-29,0,9,-27,-12,1,-14,-10,1,-8,-7,-6,-2,-5,-8,5,18,10,7,18,-2,-14,11,-12,-1,20,7,4,24,3,-8,-15,5,-20,4,-4,-21,-27,-7,18,7,5,8,-33,9,3,-12,0,9,22,-18,3,-14,-18,-12,-5,-1,-26,2,3,28,9,-20,29,-27,-41,14,-14,-13,-25,-7,16,-25,-19,-10,-22,-7,3,19,-9,10,1,-23,-6,-15,9,-33,-10,22,0,0,0,0,0,0,0,0,0,0,0,0,0,0,0,0,0,0
-256,14,26,-2,-18,-2,-23,-5,-5,-2,-22,-34,4,-2,-13,17,-6,30,8,-17,12,21,-2,-11,-11,-5,1,5,7,-5,-16,-11,-7,8,7,0,14,14,7,8,25,9,-233,-25071,-25183,-25178,-25178,-24699,24944,24684,-24966,-24725,24476,-24461,24464,-24739,-121,-11,-24,-3,-28,-19,-22,6,18,-3,20,-6,-8,-30,18,30,-34,4,0,5,9,25,19,15,-55,-642,-610,-639,-624,-663,669,645,-583,-622,415,-19439,-18253,-19489,-18869,-18477,18675,18462,-18706,-18511,18310,-18284,18339,-18487,-78,-39,-29,4,11,6,-7,-21,-24,11,16,27,1,-9,0,11,19,-29,7,-5,-11,-17,15,30,38,0,-20,22,-34,-5,13,-21,-21,-22,-16,21,-6,2,8,-5,-23,-7,-18,-25,7,-31,-37,-9,-10,-8,0,17,8,-19,14,6,-22,1,-11,18,7,13,2,17,-3,-13,-15,-20,11,-2,1,6,19,2,-4,-6,5,2,-18,-10,24,-14,12,-11,-21,-5,17,-9,2,-22,-4,-14,23,-7,1,-3,-2,-14,21,-28,-2,13,13,-18,-13,-23,-22,-6,11,1,-8,11,0,-22,-19,38,-1,22,9,-11,-2,7,45,0,-10,0,6,-14,0,0,0,0,0,0,0,0,0,0,0,0,0,0,0,0,0,0
0,-9,6,-13,23,5,-2,7,-11,-17,-6,0,-2,-11,-31,-8,26,12,-2,-5,17,-11,-12,21,-28,-5,2,-1,1,11,-25,1,3,10,11,2,-17,29,17,14,-18,-27,-249,-25092,-25165,-25186,-25194,-24713,24970,24707,-24979,-24684,24436,-24465,24465,-24687,-117,34,-12,-22,-6,15,13,-22,6,8,2,-6,22,-33,17,-15,27,16,-9,11,-7,18,29,19,14,-639,-659,-597,-669,-608,630,617,-628,-630,418,-19393,-18267,-19491,-18843,-18466,18657,18470,-18721,-18495,18307,-18315,18330,-18527,-86,1,22,-32,-25,37,-13,46,6,-18,-1,-12,8,-23,1,-10,4,20,29,-39,48,0,-24,-21,-54,15,-8,-6,13,-3,-30,-12,-3,-20,9,-15,8,6,-8,-9,7,15,6,8,-12,18,-11,-11,8,-4,6,8,-7,24,11,-6,1,-15,0,-4,-10,21,-11,-41,8,6,4,6,-20,12,13,-5,-12,14,18,-17,-3,8,-5,1,3,11,16,15,-11,11,0,5,16,-22,-15,32,-8,7,8,-7,4,0,37,-5,-5,-15,3,-22,9,2,9,-11,5,28,1,-27,-16,2,10,-22,-18,20,6,1,32,-2,26,-15,-16,-5,-21,-27,0,0,0,0,0,0,0,0,0,0,0,0,0,0,0,0,0,0
0,8,3,-4,-9,-20,-7,-4,-11,-11,5,13,-29,-8,16,-8,-9,-34,-16,17,19,-25,8,-23,-6,7,4,20,-11,7,5,9,4,4,-18,-18,13,25,-17,8,-15,-38,-239,-25077,-25207,-25215,-25181,-24707,24946,24661,-24963,-24717,24470,-24466,24427,-24722,-111,10,1,17,-19,-14,6,0,-6,6,-4,-4,21,0,-5,-2,3,-18,-36,-1,-16,1,-15,25,14,-605,-614,-623,-674,-619,668,633,-654,-615,410,-19402,-18239,-19479,-18814,-18454,18688,18490,-18697,-18449,18335,-18349,18352,-18503,-37,-8,-31,25,5,3,8,20,1,-8,-24,-9,12,-16,-15,9,-18,-30,-34,-10,17,27,30,-31,36,1,-36,25,-12,-37,12,-9,0,-24,16,-18,-18,-1,-4,-11,-5,-20,-12,9,3,0,7,-12,2,-11,-5,-32,-21,1,0,-18,9,-12,12,-15,-10,-6,9,-35,-3,-23,23,29,16,13,22,0,-24,-22,-6,28,-16,-14,-10,-13,0,19,22,18,-17,15,-10,34,-5,12,6,21,-1,17,2,-15,-26,25,-17,0,22,4,-4,-12,-34,2,2,16,7,-15,-17,-35,-23,-2,6,9,6,13,19,-18,-8,-1,-13,4,20,0,9,3,0,0,0,0,0,0,0,0,0,0,0,0,0,0,0,0,0,0
-256,-8,-23,1,6,6,6,-1,20,11,-17,19,14,4,3,-5,15,-22,-5,-1,-3,-13,1,14,-9,-8,2,-34,-16,-7,-14,3,5,2,6,11,10,4,4,-17,9,17,-237,-25109,-25191,-25177,-25178,-24687,24959,24712,-24955,-24694,24483,-24471,24485,-24709,-90,-19,1,19,-4,22,-7,-7,-20,6,2,-8,6,5,31,-16,18,-29,4,14,-3,-21,-16,-8,6,-639,-676,-643,-668,-602,603,589,-604,-609,472,-19412,-18255,-19473,-18848,-18504,18672,18507,-18705,-18510,18329,-18336,18320,-18471,-58,-60,-12,11,5,3,-4,18,-76,3,5,-26,-6,3,-38,8,41,-22,21,-46,9,16,10,-50,27,4,-1,-29,-16,-22,-11,-8,15,-44,-7,9,7,-7,-6,-15,4,7,16,-7,-8,2,6,-5,19,0,-1,7,-20,-4,-12,17,11,-13,4,0,16,-12,17,9,-2,8,-4,-9,23,4,-18,-7,-12,4,16,-5,13,5,16,11,10,0,8,-5,-10,3,10,24,-13,2,6,-2,-14,13,-16,-20,-20,20,-5,-5,14,8,-12,8,-4,-16,4,27,8,-19,2,16,-6,12,6,8,-15,19,-1,4,14,4,-11,-27,-15,-11,-7,-17,0,0,0,0,0,0,0,0,0,0,0,0,0,0,0,0,0,0
-256,-22,8,-8,-15,-11,-9,22,-11,30,21,30,15,-2,-19,10,-23,9,10,-2,-16,28,5,-10,6,-3,18,10,-6,1,20,30,16,0,-4,-12,4,0,25,5,-25,-25,-219,-25091,-25189,-25188,-25181,-24683,24966,24673,-24957,-24700,24437,-24471,24491,-24719,-120,-2,15,-2,3,18,-10,-12,4,-3,3,-4,22,-18,14,-7,-15,-19,-13,20,-30,-13,18,10,38,-605,-602,-620,-649,-637,612,616,-647,-637,410,-19402,-18263,-19488,-18862,-18508,18696,18533,-18676,-18496,18324,-18279,18300,-18503,-94,-15,-3,52,-32,-11,-33,14,22,23,-24,-34,-14,-7,-13,-36,-67,36,-13,18,14,0,-26,36,-13,-4,-32,-9,8,1,-6,2,6,11,17,1,5,-26,-13,17,-11,-18,-2,-37,16,-10,-12,-16,4,-4,8,28,-16,6,-11,-24,8,5,8,-8,8,-27,13,10,1,11,-6,10,-17,0,-3,-15,7,-3,-13,5,-4,-28,25,-36,-12,6,15,28,-5,2,3,4,24,-7,7,10,-7,8,1,27,21,11,-5,-6,-13,2,-12,17,-5,11,-16,8,-9,-11,0,-15,-1,-5,15,-8,-5,3,18,8,-13,-25,-1,-25,25,-19,8,-6,0,0,0,0,0,0,0,0,0,0,0,0,0,0,0,0,0,0
0,-2,-13,-4,13,24,7,4,-11,9,18,5,-1,-18,-16,-7,25,-1,-5,32,25,-18,20,7,-17,0,-16,8,9,7,-23,-11,28,3,-11,-21,-14,-3,-12,-4,-1,11,-242,-25073,-25192,-25167,-25170,-24660,24952,24696,-24961,-24712,24486,-24470,24483,-24717,-116,-12,-18,-10,9,5,22,-21,-46,-36,-26,-12,-23,-4,5,-20,2,-16,21,-29,1,3,-4,-31,2,-631,-634,-651,-668,-625,593,630,-681,-621,463,-19406,-18217,-19449,-18816,-18502,18677,18548,-18640,-18462,18313,-18340,18346,-18534,-101,28,-30,25,-77,-31,-16,15,8,-18,1,-27,-4,-2,-18,-1,-14,8,-13,-17,20,3,-39,-31,-23,21,19,-11,25,-35,11,-2,15,25,5,-12,-7,5,-2,-9,-2,12,-10,8,-14,-1,2,21,-2,-7,-1,1,-4,5,2,-5,10,-5,6,15,9,-4,-19,-28,5,11,19,30,-7,-1,2,-1,25,11,-12,5,-2,-7,17,0,-14,4,3,8,-2,6,-5,2,24,-13,-13,2,-14,20,3,19,-5,-10,7,-11,-6,-7,-13,-18,-10,-3,19,8,23,6,16,28,-12,-1,-16,-3,4,0,-9,15,-1,6,16,-4,1,-1,-9,-16,0,0,0,0,0,0,0,0,0,0,0,0,0,0,0,0,0,0
-256,-13,-23,-15,9,13,-16,9,5,-22,-4,-32,28,0,17,0,14,11,24,10,-6,-7,-11,30,-25,13,-28,-12,-9,-18,23,36,27,-15,-24,28,-16,-4,15,-14,10,-21,-257,-25077,-25210,-25208,-25190,-24705,24952,24709,-24979,-24681,24467,-24494,24473,-24709,-131,-5,-1,17,-11,-19,-15,19,-24,6,-13,-59,-21,-28,16,16,-24,-4,1,2,14,-26,-12,4,-3,-637,-625,-657,-640,-581,612,607,-577,-624,395,-19405,-18251,-19452,-18880,-18512,18664,18491,-18691,-18476,18318,-18315,18287,-18475,-61,1,-17,-2,1,27,-23,5,-14,-11,8,-17,-7,-27,17,-11,19,0,-17,7,5,-33,9,-34,36,-8,-23,-39,2,-16,49,-38,-18,-3,-2,22,-6,24,10,-15,-33,-6,-4,4,0,-16,13,-4,7,-5,12,-7,-14,12,33,-25,10,9,-20,-9,-14,6,-5,3,22,-14,-18,22,18,8,-5,-19,7,-11,17,34,-3,3,7,11,21,-20,10,-2,-9,-8,-14,2,2,-16,8,-2,4,-13,-11,-3,-5,9,7,-1,2,16,0,5,1,-8,21,-23,-1,-5,6,-8,-10,-17,11,-7,-21,9,-9,17,-11,11,2,-17,-17,-8,16,9,0,0,0,0,0,0,0,0,0,0,0,0,0,0,0,0,0,0
0,8,-13,-5,-19,9,1,3,30,-11,14,12,7,12,-3,9,5,-12,-1,-7,-40,-2,-22,15,5,-2,19,-16,5,-4,-3,17,0,-13,21,8,6,43,10,-8,-18,9,-248,-25087,-25179,-25209,-25195,-24704,24979,24682,-24957,-24711,24469,-24453,24457,-24727,-96,-1,-26,-31,8,-7,2,5,5,-32,7,26,13,3,-25,4,5,-19,18,-12,-12,11,26,25,-12,-648,-659,-598,-635,-624,604,607,-631,-630,416,-19384,-18267,-19465,-18856,-18477,18721,18473,-18718,-18493,18270,-18353,18335,-18493,-107,-12,2,21,44,-17,12,16,18,6,-18,10,12,18,-8,-49,30,34,-40,11,-45,6,-19,-6,21,1,13,17,12,-2,5,-20,24,-25,13,-29,-11,-10,9,-28,-35,-16,8,-7,-2,20,14,-2,30,0,17,-13,-4,-8,-34,10,-34,-4,-37,-11,-11,39,-17,4,-7,-6,0,-25,-20,-11,19,28,11,5,4,16,-25,18,-32,-3,-1,11,18,10,-25,-17,-6,14,-11,4,6,-8,4,-31,8,3,4,4,1,6,2,2,24,1,2,2,-6,-9,13,-9,23,20,17,7,-7,-2,32,12,0,-14,8,-6,1,-3,-4,-15,19,-3,0,0,0,0,0,0,0,0,0,0,0,0,0,0,0,0,0,0
-256,-4,26,-10,12,-2,10,-19,-21,0,6,-11,23,-13,1,6,11,-1,-20,35,-7,-10,1,3,8,12,16,-4,-18,-9,8,-8,-5,-32,11,-1,6,-7,-5,12,-12,-30,-233,-25065,-25200,-25171,-25190,-24734,24953,24725,-24950,-24696,24484,-24461,24453,-24701,-147,24,-15,0,5,-5,13,-20,28,-3,-26,-21,8,-10,30,21,47,15,6,-6,-14,-21,12,-19,-23,-671,-607,-656,-651,-630,647,626,-634,-629,450,-19409,-18245,-19499,-18854,-18511,18688,18515,-18686,-18466,18343,-18337,18351,-18514,-76,6,9,-4,24,-29,-16,-9,29,10,-19,30,8,-9,-32,22,-27,-21,27,19,9,36,3,11,3,9,-2,6,-8,16,6,-26,2,3,23,-15,-6,-12,0,1,14,0,6,-19,19,23,15,-10,9,-20,-33,2,-8,11,17,5,-3,-14,-7,-9,-31,-6,7,-10,0,-1,-10,4,0,17,-14,13,11,-21,-10,12,11,3,-5,1,-6,-6,-21,6,-5,15,38,-13,-2,-13,9,1,-17,-10,-15,-1,24,5,2,-1,3,-2,-16,-13,-24,-18,3,0,18,23,6,2,10,-10,5,1,-3,-1,16,31,-10,7,9,-2,-10,-10,-3,-4,0,0,0,0,0,0,0,0,0,0,0,0,0,0,0,0,0,0
-256,-22,-18,2,1,9,11,15,-23,-9,18,-18,-8,-17,-41,-2,-10,-16,14,10,-38,0,-8,12,6,-11,10,40,-26,-26,-11,12,4,-15,2,-2,16,-23,-22,-10,-6,1,-231,-25044,-25219,-25206,-25194,-24696,24955,24683,-24984,-24676,24460,-24482,24463,-24725,-122,-1,18,-3,-2,5,-5,3,10,29,0,17,-2,2,-2,6,13,-7,7,0,-19,-7,-6,-11,-21,-631,-627,-639,-646,-617,594,577,-636,-622,401,-19352,-18284,-19466,-18854,-18502,18683,18523,-18721,-18535,18278,-18328,18305,-18520,-137,31,25,11,29,-1,-11,7,-14,-17,-7,23,-23,-24,6,3,18,24,-16,-10,33,-11,-4,8,-18,4,-3,7,-4,-5,-9,-31,-7,-17,18,11,-10,14,13,-12,-32,17,-15,-6,-18,8,-16,-29,-19,-11,-4,28,-3,10,2,-31,-2,-13,-4,-23,11,37,11,-6,4,-2,7,-1,4,-2,-18,7,3,8,21,-24,16,-13,-22,4,-1,-11,-3,-4,6,-9,6,-20,2,-8,16,-7,-2,-17,-12,-41,-41,5,11,-7,-23,1,-17,4,15,-10,15,37,3,3,14,-9,11,2,-31,-13,-10,12,6,-3,2,21,14,7,2,7,-10,-10,0,0,0,0,0,0,0,0,0,0,0,0,0,0,0,0,0,0
-256,12,4,-6,5,23,-10,-20,-8,-5,18,-4,-2,23,27,2,-11,-9,-14,-27,-16,-16,-6,2,12,-32,-4,3,7,-6,-31,5,3,-34,20,-24,3,5,-4,-7,7,7,-244,-25080,-25178,-25200,-25198,-24688,24945,24709,-24963,-24704,24490,-24466,24463,-24713,-101,16,-26,-19,-24,-3,-4,-18,-29,-24,16,9,-36,-10,20,-16,-19,-12,12,-7,13,7,7,6,-13,-604,-632,-627,-633,-618,664,662,-620,-614,411,-19340,-18249,-19462,-18853,-18511,18684,18486,-18664,-18519,18304,-18331,18349,-18529,-73,-2,58,-13,8,-39,12,-38,0,-14,26,6,35,6,-19,-15,14,12,-32,27,20,-10,-27,-42,-27,-5,-39,-27,12,4,3,-30,-11,-3,4,-16,0,-4,-25,-20,-26,7,-3,4,6,-15,-18,-26,-7,10,6,-2,6,-9,-4,-5,-4,22,8,-23,-20,-38,15,-25,4,4,-23,6,1,-10,-13,12,0,-21,-7,7,2,-2,20,-2,-8,-13,-23,-18,-9,14,-24,26,-9,13,0,9,4,1,-21,-7,-9,-27,-5,-21,16,-7,3,-29,-2,-3,-6,8,-21,6,5,6,-11,7,-35,11,13,-8,10,5,-19,1,22,-4,9,24,6,14,0,0,0,0,0,0,0,0,0,0,0,0,0,0,0,0,0,0
0,-14,-5,14,-8,-7,5,0,17,-16,6,22,6,-22,7,4,22,-26,0,-3,3,3,-22,2,-6,-25,-10,-7,-23,25,-6,33,1,9,-23,27,-22,-9,-42,-21,-2,17,-225,-25071,-25201,-25157,-25200,-24702,24954,24702,-24995,-24715,24468,-24465,24454,-24694,-102,1,2,-5,-28,-15,-11,3,25,37,-4,1,17,-2,10,-17,8,-16,-61,21,-23,-2,31,21,-21,-624,-616,-648,-617,-617,648,644,-637,-637,406,-19434,-18238,-19451,-18863,-18485,18690,18482,-18706,-18522,18295,-18334,18308,-18540,-90,32,21,-18,19,23,0,15,-3,-24,1,-33,35,-32,13,-36,22,14,34,5,33,47,5,-10,48,-5,5,1,10,-53,-11,-27,31,-16,8,-10,-13,30,-1,-7,-9,2,19,3,-3,28,11,3,-16,-4,11,-8,5,9,-44,-13,4,19,3,3,-25,8,-16,7,3,-25,6,0,-1,11,-5,0,-15,13,15,16,-7,30,16,-1,-16,0,-7,-8,3,19,34,10,7,-15,-3,5,4,-1,8,14,-3,0,18,6,-8,-18,24,-8,9,27,-10,-17,15,-13,-4,6,-10,-10,1,-34,0,5,-7,4,-31,-19,-7,10,13,-9,13,0,0,0,0,0,0,0,0,0,0,0,0,0,0,0,0,0,0,0
0,-25,-5,-16,-9,10,6,2,13,5,5,-4,-7,22,-26,-13,-1,-9,-10,11,17,22,16,-4,-26,12,-5,19,14,1,-33,-23,10,-6,-8,-14,-11,-5,-2,-2,-4,16,-259,-25060,-25219,-25175,-25188,-24706,24975,24692,-24951,-24698,24441,-24469,24450,-24745,-132,-1,17,0,5,18,19,-31,7,-13,12,-1,-29,5,18,-2,-15,-1,-6,-21,1,-34,2,2,-14,-598,-622,-658,-640,-610,655,609,-628,-636,433,-19394,-18220,-19487,-18859,-18488,18722,18515,-18700,-18484,18312,-18351,18329,-18518,-92,21,-20,-16,-1,-11,-19,-17,-25,30,14,-12,-2,22,-11,-15,-14,7,0,-11,23,34,-9,-20,-6,-26,-27,-22,8,-46,36,-45,-23,12,-4,-17,-19,21,-20,-4,5,4,-15,12,10,-16,-39,-3,7,-26,-8,-3,3,12,-12,-11,6,33,-13,3,16,4,-13,-15,-16,16,-35,-23,3,-7,1,-10,-7,-5,-5,-1,-10,-8,-22,-7,-14,1,7,23,21,4,13,4,10,-21,4,2,-15,-19,-33,0,-10,-13,-13,-20,-5,-1,3,-1,13,7,13,-5,2,10,-2,-9,15,-3,4,14,-22,39,-7,-8,3,8,6,6,-1,-17,-17,-14,0,0,0,0,0,0,0,0,0,0,0,0,0,0,0,0,0,0
-256,-27,-6,14,-8,-25,-5,-5,13,7,0,-17,18,-14,-13,2,1,10,12,0,31,26,-7,-3,-12,-6,-19,-14,19,-9,-7,26,12,-18,0,-12,8,0,0,43,-11,4,-240,-25107,-25199,-25195,-25209,-24712,24929,24696,-24968,-24711,24459,-24465,24459,-24725,-128,-11,-5,8,-20,-8,3,-19,17,20,-7,2,7,-11,-11,17,11,-16,41,-29,3,9,39,28,5,-649,-656,-614,-636,-644,631,592,-638,-628,435,-19383,-18269,-19466,-18882,-18519,18672,18486,-18723,-18508,18288,-18295,18325,-18483,-99,41,0,38,-22,-19,35,-31,-6,15,-15,62,32,-3,-22,-31,-18,-12,15,-1,16,24,-8,-10,-19,-24,39,21,26,-17,-22,6,14,20,-1,-2,11,-34,-8,12,15,-4,17,14,-17,-4,13,-2,-6,14,4,-23,-2,5,26,-17,-11,-13,36,-32,9,9,13,-11,-11,-24,10,-6,12,10,-20,-32,11,11,-3,3,20,-14,-13,-15,13,-13,3,-35,-31,-19,18,-6,5,-13,7,-13,-6,9,8,12,6,-7,-12,4,-2,-5,-4,-8,-11,8,-39,19,-20,-4,3,-11,-9,-8,-5,-10,22,17,5,-7,1,-3,-20,4,12,21,11,-8,0,0,0,0,0,0,0,0,0,0,0,0,0,0,0,0,0,0
0,10,-23,-5,-3,40,20,-5,9,15,1,20,-3,20,6,-41,-14,8,1,0,19,15,-16,-22,-2,-11,-28,-2,15,-11,0,6,-2,-15,-17,11,-32,-2,4,-14,10,-16,-246,-25063,-25169,-25190,-25198,-24712,24965,24676,-24980,-24702,24462,-24474,24440,-24730,-98,25,-10,6,-42,-24,-1,7,-4,-9,7,20,-11,-40,-9,-6,-13,16,-9,-13,-3,-54,-31,-14,4,-628,-664,-622,-628,-614,647,614,-672,-615,457,-19374,-18260,-19446,-18864,-18498,18666,18506,-18704,-18503,18304,-18275,18309,-18515,-106,0,-21,28,39,-7,-14,19,-12,31,-21,23,-35,-7,-19,-20,-28,23,35,-19,-28,-13,13,-26,36,-24,13,-14,-7,-12,29,40,1,-23,-19,-4,3,-22,9,26,16,-23,9,-25,-28,-16,-6,14,13,-9,-4,-1,-33,26,9,0,-4,-8,-19,15,-11,24,-32,-4,-5,16,-1,-22,-12,-5,23,0,-10,25,0,3,22,28,15,-8,-31,0,-4,4,-11,-1,17,4,-9,-19,18,-7,3,-16,11,-1,-19,13,7,14,11,7,2,-24,-12,5,-7,7,3,28,-18,7,1,-13,-21,26,-10,2,-8,6,5,-14,-37,-14,6,-10,-2,14,0,0,0,0,0,0,0,0,0,0,0,0,0,0,0,0,0,0
-256,26,4,6,-12,2,9,35,9,12,7,-1,5,50,-6,-14,-5,-6,-5,3,-10,-9,18,-13,-17,6,-10,-12,17,-14,-2,-3,26,27,10,23,-18,-6,-6,-6,-16,-18,-258,-25073,-25203,-25200,-25180,-24691,24946,24697,-24945,-24700,24474,-24471,24457,-24704,-137,-15,-8,2,-2,31,-15,-2,20,-9,34,-36,20,-17,6,-24,-3,-1,-2,9,-15,6,13,38,0,-630,-625,-649,-647,-618,642,614,-647,-592,409,-19377,-18283,-19494,-18817,-18451,18651,18513,-18705,-18509,18286,-18318,18328,-18486,-106,1,14,3,-38,-7,51,-14,-5,12,-16,-26,-3,20,-14,-15,-31,19,12,-8,-37,16,12,12,-43,-18,-8,-3,14,25,-14,-34,-14,5,-14,-5,6,-6,-1,-22,-5,18,5,36,8,-11,1,4,3,21,-15,-8,-1,17,8,-15,10,-20,3,10,-8,21,-20,0,-37,-15,-17,6,-7,-7,-18,3,7,-14,-9,-25,-8,-9,13,8,-5,11,-12,8,12,-1,-2,28,10,-9,0,5,-12,13,26,-17,10,-5,-19,20,-11,-6,11,-13,-31,-10,9,-9,14,1,-25,-19,-5,-1,-8,-22,7,0,11,-15,-12,-8,-6,-11,5,7,10,18,0,0,0,0,0,0,0,0,0,0,0,0,0,0,0,0,0,0
-256,-26,-6,-9,-20,3,7,-11,-5,-20,7,8,-23,-14,1,-2,16,13,11,-12,-30,-3,1,7,-9,-20,16,-1,-5,-29,1,4,-4,-20,-9,18,-12,-12,-38,-6,-6,-1,-236,-25055,-25181,-25214,-25163,-24682,24972,24701,-24945,-24687,24485,-24440,24478,-24707,-121,19,22,12,-16,-7,13,-7,-3,-29,-6,4,-43,-3,-4,-26,16,-22,-32,-8,-31,1,-17,6,11,-606,-647,-666,-607,-607,640,660,-638,-615,417,-19398,-18216,-19482,-18866,-18513,18680,18490,-18700,-18500,18319,-18348,18306,-18515,-85,31,-21,17,3,-7,-38,19,-30,8,20,-15,-13,-5,-24,-18,-30,3,-4,18,2,-22,0,-10,-27,-14,-1,-14,-13,-38,-10,-9,9,-2,41,6,-1,6,-22,29,7,-1,-8,-13,-19,14,5,-6,11,19,22,4,-4,-25,20,14,-14,-2,4,8,-25,-7,-12,-12,-12,-6,-14,0,-17,16,-9,-9,12,-4,-5,-8,1,15,-52,-13,-22,-14,4,6,22,-4,-14,-10,-1,-24,-31,-24,8,-11,-6,-10,-16,-24,-27,-2,9,-9,-11,2,-11,-21,-2,-1,40,5,12,-8,-20,-5,-10,-6,-5,3,-5,-24,-7,40,0,9,3,5,-15,12,0,0,0,0,0,0,0,0,0,0,0,0,0,0,0,0,0,0
0,-25,16,20,-11,-8,14,-22,18,21,-9,-19,-2,24,-14,-4,-10,10,10,-2,-35,-27,3,-18,-15,-11,-9,-6,-29,-6,-13,0,3,1,-18,-7,28,4,-13,24,-22,4,-218,-25063,-25204,-25224,-25203,-24688,24960,24689,-24977,-24720,24476,-24452,24459,-24728,-121,18,-11,-17,-33,-6,-13,-25,17,-9,4,-21,-14,-9,2,-11,20,14,-12,-26,-19,-6,-7,-14,-40,-627,-650,-626,-633,-601,618,633,-638,-640,432,-19407,-18236,-19476,-18818,-18484,18702,18491,-18650,-18491,18329,-18312,18381,-18538,-89,-31,0,31,-29,-33,16,-21,36,-39,-37,-22,-9,26,-5,24,-32,-19,-21,-3,-57,-11,-11,30,-15,-2,23,49,-13,-15,-32,6,21,-39,7,23,-18,0,-4,-9,-19,-1,-5,-2,26,0,-12,26,10,-20,0,-14,-3,17,-3,39,8,10,2,-9,-13,-8,-9,-22,-16,5,-8,1,-1,17,-10,-14,-9,-5,15,-9,-12,-5,-7,6,28,26,-1,2,33,-5,8,-14,-2,-35,-5,-14,-23,3,-16,4,-15,-4,0,14,-6,-28,-1,31,11,-14,-18,42,-3,2,2,-1,-10,-18,-6,-4,-20,-4,-11,17,-9,20,-16,-24,6,-3,-7,0,0,0,0,0,0,0,0,0,0,0,0,0,0,0,0,0,0,0
-256,-18,5,-1,14,-5,2,-10,-4,-6,5,-19,-21,4,3,-10,-23,13,-20,8,-12,-3,-2,-3,-13,4,15,9,2,-16,16,8,5,27,16,11,12,6,19,15,-4,-8,-250,-25096,-25176,-25156,-25173,-24673,24940,24675,-24980,-24685,24471,-24475,24462,-24720,-128,16,13,-22,3,19,-1,-1,25,-4,46,24,7,-36,33,8,-27,22,-16,43,21,-12,5,24,-10,-617,-609,-645,-642,-624,631,593,-630,-605,425,-19411,-18222,-19514,-18837,-18471,18687,18492,-18694,-18485,18320,-18328,18296,-18491,-62,16,-9,-38,-3,-17,-15,9,47,-2,27,39,24,-9,11,29,-35,19,-5,32,-8,7,-9,6,9,46,17,-42,-12,10,-21,4,-16,18,-12,-2,-5,-12,13,-11,-9,7,-13,12,-11,-18,13,-4,3,-4,-5,3,0,2,6,14,22,3,-29,-2,6,-14,-11,-9,11,-6,22,-15,18,1,9,5,-12,-13,12,-4,-12,-17,7,14,-10,16,36,-28,-15,-30,13,17,17,-5,-22,-3,-37,2,-13,6,5,16,4,-7,-12,-10,-3,2,6,6,3,18,10,5,30,-10,14,-8,-12,3,-14,7,10,-1,-30,8,26,29,-14,-29,-15,5,0,0,0,0,0,0,0,0,0,0,0,0,0,0,0,0,0,0
0,1,-24,-10,9,-8,-13,17,-3,-12,-4,19,-29,-1,-12,17,9,7,-23,-10,10,-14,2,2,7,6,1,-5,-29,48,7,-3,3,17,13,4,6,-34,-1,-4,-3,-13,-246,-25066,-25176,-25188,-25190,-24705,24973,24684,-24961,-24659,24475,-24466,24496,-24740,-116,-3,-7,7,1,-19,9,-14,-10,-2,-27,-6,-6,13,15,-1,8,9,23,-53,-29,-28,-25,16,12,-632,-637,-660,-616,-638,646,599,-641,-620,440,-19368,-18269,-19466,-18857,-18513,18671,18486,-18706,-18454,18310,-18341,18301,-18468,-73,23,12,6,-20,5,-23,5,-15,11,14,-33,12,5,22,12,-28,38,28,-13,25,5,-1,-5,17,33,-6,11,-9,1,1,-1,17,8,33,37,-27,-6,14,4,-14,-7,8,3,17,38,12,-17,8,6,1,-10,18,-14,-12,-8,14,-21,-11,-25,-12,0,-3,6,-13,8,19,-20,-3,29,-1,13,-8,-19,-9,18,12,2,-10,1,-5,23,14,4,-4,21,25,-12,-6,-19,24,27,7,-14,-1,-17,-13,-27,-4,-23,8,16,18,5,-2,3,-10,7,11,-4,6,1,13,8,-21,0,-13,-4,8,14,0,13,9,-2,-19,11,0,-16,0,0,0,0,0,0,0,0,0,0,0,0,0,0,0,0,0,0
-256,-8,-27,12,12,16,-2,1,8,-1,-18,5,30,-2,-2,22,-9,4,-5,-17,6,-3,-1,-3,-28,42,10,-6,-2,9,-10,9,21,-4,-2,-10,-12,13,-10,-16,-10,30,-257,-25049,-25197,-25190,-25165,-24686,24946,24700,-24953,-24702,24461,-24497,24461,-24698,-110,-5,-21,5,4,13,0,-11,-12,-10,-23,-30,2,9,21,-11,-7,5,-22,17,-19,31,-14,6,-38,-648,-650,-628,-619,-601,595,599,-631,-632,405,-19396,-18216,-19484,-18852,-18490,18677,18491,-18670,-18505,18335,-18316,18319,-18558,-87,13,6,-4,-10,-36,13,0,-13,-19,-46,-21,9,-6,10,-8,9,21,-10,-15,26,24,4,-7,-22,16,4,-15,-11,-33,3,-17,0,-31,47,-15,19,12,-8,-19,-45,-13,14,-3,28,2,-36,-27,0,16,-4,0,-28,-3,-14,-3,21,5,-4,-9,4,5,4,7,-15,-5,-11,-31,-14,0,20,14,-24,0,4,-21,27,24,-24,-31,-33,17,21,-5,-18,-20,17,26,-10,-17,8,15,-22,-10,-2,-33,7,-14,13,-3,8,-14,-5,-12,-11,-20,-24,19,6,-41,-15,8,0,-12,8,15,-1,-8,-3,8,19,15,-19,1,-6,-11,-16,-11,0,0,0,0,0,0,0,0,0,0,0,0,0,0,0,0,0,0
0,23,9,35,13,11,-1,-28,-8,-2,1,19,13,2,-12,-12,1,-27,1,-17,9,-24,11,-14,2,-25,0,0,-16,-8,3,-8,4,-6,-3,-21,1,-15,3,9,-8,16,-239,-25085,-25184,-25183,-25211,-24693,24920,24690,-24965,-24718,24457,-24464,24470,-24711,-144,13,-6,1,-17,-38,-3,34,-15,-3,10,6,10,11,2,9,-2,-25,28,-2,-36,17,-6,7,4,-620,-647,-639,-613,-664,605,626,-616,-619,460,-19395,-18244,-19503,-18826,-18537,18709,18505,-18727,-18483,18291,-18329,18320,-18529,-75,22,-16,15,-26,26,-49,-22,-14,26,19,-18,-7,7,9,-29,12,14,-35,12,-31,24,29,21,-32,-20,24,-6,-25,-28,-21,-17,28,32,-32,-7,20,-17,6,-16,0,10,0,-12,11,-2,12,-11,8,-8,-23,0,-8,5,18,-15,-16,-2,13,-28,12,-23,12,9,-20,6,-7,19,-14,-3,11,-8,-9,-1,-10,-10,-11,17,2,-17,-8,19,17,2,3,-15,10,-3,13,-30,4,-16,19,3,-14,22,0,4,-3,16,31,1,15,22,2,8,1,-3,-10,-23,-10,-9,-9,12,23,0,8,15,16,0,-23,-17,1,-3,7,-6,-2,2,0,0,0,0,0,0,0,0,0,0,0,0,0,0,0,0,0,0
0,23,-13,30,-2,4,-9,17,3,1,9,-18,-19,11,4,7,16,-11,26,2,-14,15,-4,-8,-6,-30,-8,2,16,19,-16,-35,-2,-22,0,15,10,-5,19,16,-20,22,-237,-25071,-25211,-25208,-25206,-24698,24928,24684,-24959,-24671,24456,-24498,24499,-24719,-107,10,-9,-9,-11,20,34,17,-10,13,0,-35,-16,32,1,5,-14,3,14,-11,5,-5,-10,-18,-28,-637,-644,-619,-612,-620,635,645,-613,-612,425,-19410,-18227,-19500,-18866,-18456,18665,18494,-18665,-18492,18355,-18321,18342,-18496,-92,18,-19,-16,31,2,-2,12,6,-3,-30,15,-26,-17,4,-3,-14,1,-39,4,16,-20,-5,-9,-24,32,-17,-39,5,-8,-26,-27,-4,-13,-26,-17,1,10,-10,-23,-34,13,-4,-8,16,7,-5,11,-12,-4,-21,32,10,4,3,10,-11,-20,-5,-3,-19,-1,11,-1,-2,-7,-13,2,10,-10,-9,15,19,-17,-16,-11,17,-20,-13,6,-5,18,6,-2,7,-3,-26,-17,-7,-29,4,-16,-7,36,-11,5,9,-9,12,-4,-14,-21,7,-14,-4,4,4,1,38,4,-9,26,4,-19,-5,-2,-20,-22,29,11,2,-1,18,20,3,-22,-17,-18,0,0,0,0,0,0,0,0,0,0,0,0,0,0,0,0,0,0
0,20,5,2,5,5,27,2,-9,6,-12,-7,-3,-13,11,-10,-11,0,8,24,1,-19,11,-10,2,-9,-19,-3,-6,2,13,-14,-19,-27,19,-17,-9,-5,-30,-18,27,16,-248,-25078,-25190,-25196,-25207,-24710,24975,24689,-24956,-24717,24468,-24472,24464,-24709,-115,4,-17,-6,-9,13,-10,5,26,-17,1,-33,-9,6,-17,0,-30,-3,9,-17,10,-29,8,38,-20,-661,-627,-606,-624,-643,618,597,-626,-617,425,-19380,-18264,-19511,-18864,-18519,18677,18492,-18682,-18473,18335,-18288,18311,-18493,-109,-8,-2,41,-9,19,-4,-1,-2,28,24,8,-11,-19,-31,-10,17,-39,-16,19,5,6,21,-22,-35,18,13,23,-9,29,8,-16,-31,-8,6,-5,-13,-23,-9,1,-7,-11,7,-26,-22,-24,-19,3,16,-18,-9,11,21,-6,29,-20,-17,0,-8,4,-18,-9,3,-16,-4,-13,-29,12,19,-12,5,19,-22,18,6,-2,2,-18,-5,4,-15,-9,-20,15,-9,-23,-26,-21,0,21,-27,-10,2,0,3,20,3,16,16,20,16,12,9,10,1,21,7,24,-23,2,-7,15,-8,21,12,-3,-5,-26,-4,-5,-14,-7,15,-3,19,10,-20,14,0,0,0,0,0,0,0,0,0,0,0,0,0,0,0,0,0,0
0,19,1,17,11,-17,-21,-25,19,5,15,-3,9,17,-6,-31,3,21,2,5,9,13,21,-4,-10,20,-2,8,2,4,-4,18,-21,23,30,-1,-2,15,1,4,-20,5,-244,-25081,-25196,-25169,-25174,-24717,24952,24656,-24947,-24722,24452,-24514,24461,-24713,-89,-22,-2,1,-33,1,-22,-5,18,-10,-39,-2,-17,12,16,-39,13,18,14,-24,-43,-7,-4,-5,-9,-640,-618,-678,-671,-638,604,625,-649,-604,431,-19386,-18229,-19453,-18830,-18525,18700,18477,-18696,-18467,18285,-18323,18318,-18513,-72,26,-5,-27,15,0,6,-8,-20,18,-17,4,-28,-39,39,25,-6,1,-50,20,-22,-5,7,-9,-46,12,-23,-22,32,-2,12,-18,-23,22,2,3,-7,-3,-5,8,-20,-6,0,24,19,-2,14,1,0,-15,2,-3,-20,-13,-15,-2,-19,-7,-5,-12,-18,5,-8,-26,4,0,-19,-9,-5,-18,-16,12,-21,-3,-32,0,3,39,24,-19,-3,4,-1,-10,-3,-4,-3,25,9,-24,13,12,13,-17,-17,-2,13,-7,-25,17,9,-14,-5,1,-5,-19,10,4,9,-25,21,0,-15,-16,-3,1,19,-6,29,-4,-27,24,10,4,8,6,8,9,0,0,0,0,0,0,0,0,0,0,0,0,0,0,0,0,0,0
0,-21,2,-30,12,27,-20,-33,0,4,38,0,17,12,-14,-3,7,-5,14,-11,3,-21,21,-6,-30,-7,-14,-16,9,-2,-3,1,8,13,-1,-23,-5,19,-6,22,6,-16,-264,-25037,-25183,-25185,-25196,-24702,24957,24712,-24966,-24687,24460,-24465,24484,-24710,-118,-19,-7,15,4,-12,24,11,-15,-11,-9,0,1,-22,12,20,8,15,9,-15,-9,26,22,28,7,-609,-642,-616,-604,-605,602,644,-649,-612,425,-19398,-18241,-19466,-18851,-18470,18684,18501,-18687,-18520,18301,-18322,18321,-18521,-53,-2,20,23,-1,-30,16,18,-37,1,4,6,4,-22,-23,-14,-19,33,10,13,18,18,18,-30,43,-29,3,8,18,-1,-36,-12,10,-22,-40,29,-20,-11,-9,-5,14,-5,26,14,7,15,9,14,10,22,4,-10,-5,14,17,5,-2,9,9,1,-17,0,11,4,15,2,-10,13,9,-8,-19,7,-17,-16,9,-19,-28,-22,5,-5,16,15,6,-2,-5,5,-6,5,3,19,-4,-14,27,-8,-2,-32,-12,-7,23,5,-1,14,15,7,13,22,-7,-15,-10,-1,2,9,-18,-7,10,-28,-9,25,1,-3,2,-7,-13,-6,15,-25,2,19,0,0,0,0,0,0,0,0,0,0,0,0,0,0,0,0,0,0
-256,-13,4,0,-10,1,37,-5,-3,7,6,-15,-13,14,6,-15,-9,-21,3,11,37,-9,-1,5,-29,25,40,4,3,23,-3,16,-4,-13,26,2,34,0,-5,0,23,5,-243,-25085,-25187,-25192,-25186,-24703,24941,24700,-24975,-24682,24437,-24510,24471,-24703,-114,-14,-7,-9,-1,-19,21,-26,-27,2,-13,10,-30,-15,-5,27,1,4,-33,-29,-48,15,35,19,8,-615,-592,-663,-598,-603,635,653,-615,-619,394,-19381,-18251,-19451,-18812,-18522,18691,18513,-18711,-18507,18353,-18341,18318,-18526,-89,-9,36,3,4,-28,15,41,30,-18,-7,28,-21,-17,-25,15,-20,12,-6,-13,47,-16,3,14,1,5,-3,-36,17,2,3,-16,38,6,4,22,8,-9,0,-13,13,18,10,37,3,-1,2,1,15,7,11,-4,-4,-19,12,4,11,2,-8,-2,-44,-10,15,-13,-10,-5,-18,6,-6,11,-14,-11,2,-14,-22,9,15,-18,4,3,-6,6,-3,2,8,-6,3,3,-8,-21,4,0,-4,7,3,-19,-9,-21,12,12,-13,7,9,7,2,1,9,-10,3,4,14,9,8,-2,5,2,12,-3,22,-2,-4,-16,0,-4,-2,5,2,-12,0,0,0,0,0,0,0,0,0,0,0,0,0,0,0,0,0,0
0,2,-26,-2,18,3,-19,15,4,-7,-11,-22,-7,-26,7,-10,-18,12,-5,-24,14,0,-13,23,-33,-13,10,-24,-17,0,5,-1,15,-4,25,-27,-31,-22,-11,-11,-17,-1,-276,-25060,-25195,-25184,-25191,-24722,24972,24710,-24972,-24706,24452,-24488,24470,-24706,-120,10,-10,-9,11,1,18,39,25,6,-25,1,-8,12,-22,29,5,25,9,14,3,8,-34,27,15,-626,-633,-606,-641,-622,615,626,-636,-624,434,-19374,-18240,-19505,-18878,-18496,18670,18470,-18692,-18496,18356,-18321,18322,-18496,-78,-32,-23,-2,2,-12,10,23,-21,-14,-20,-9,-8,6,0,-26,16,10,-37,-28,4,-7,-19,-6,54,-12,26,10,25,23,35,-10,-52,-19,-5,14,-21,-10,6,-6,-8,-19,14,17,-5,-27,14,-23,-16,-17,21,18,27,-10,-25,-4,-4,-5,-26,7,22,-15,-2,-12,8,4,9,2,3,28,-15,4,14,9,-2,6,19,4,17,10,-36,-6,-15,4,-13,-6,25,-7,4,19,8,30,17,0,10,12,16,-23,1,-13,-7,20,19,3,25,24,-10,28,-7,8,6,-20,7,19,-2,-12,-29,7,-1,11,15,13,-33,-2,-18,0,-29,6,0,0,0,0,0,0,0,0,0,0,0,0,0,0,0,0,0,0
0,32,12,6,32,4,3,-17,-16,24,-6,21,-15,7,9,11,-26,-11,-20,-2,2,-16,-5,-8,9,7,-1,-19,-11,15,-38,4,-18,-1,-9,11,-14,11,-5,29,-6,-10,-227,-25098,-25212,-25190,-25204,-24708,24947,24670,-24987,-24696,24471,-24455,24454,-24712,-137,9,-9,-20,-1,16,-11,-6,2,-8,-14,-12,-33,25,-23,-3,-6,36,24,-7,-31,-1,23,16,-14,-604,-626,-646,-646,-587,685,593,-634,-622,448,-19404,-18229,-19441,-18880,-18482,18680,18479,-18663,-18497,18324,-18318,18334,-18519,-85,-10,-12,-5,-19,-34,23,14,-47,-12,3,-16,-8,-23,-30,0,-20,3,24,40,-53,-24,6,10,17,-14,-16,-5,19,-29,-38,-9,-8,72,40,0,6,-16,20,1,-13,10,3,-5,-20,-9,-3,-2,-28,14,2,-7,-37,10,0,-12,1,-13,-26,25,15,21,-1,-9,5,17,23,-12,21,-23,18,25,5,16,6,3,-22,-26,-9,18,-3,-15,0,24,-14,-8,29,-26,-9,1,11,25,1,-1,-6,2,-16,7,18,2,7,22,6,39,-1,25,4,-15,-13,-6,10,8,-10,-8,-21,-12,-10,12,-25,-10,-7,8,6,-10,-4,13,-33,6,0,0,0,0,0,0,0,0,0,0,0,0,0,0,0,0,0,0
-256,1,12,17,-21,14,6,-20,10,7,13,-4,7,1,-18,0,12,-26,-8,-13,9,-28,3,16,3,7,16,1,11,15,-17,14,-7,11,-31,-1,26,-7,-14,-22,4,-12,-278,-25074,-25205,-25205,-25191,-24709,24972,24672,-24983,-24693,24480,-24482,24474,-24726,-153,36,-25,-1,-6,-28,-16,8,-18,-10,7,-30,16,-34,16,32,-2,-3,-19,-17,-2,3,-12,-3,2,-642,-644,-649,-606,-621,607,612,-627,-630,451,-19360,-18231,-19463,-18867,-18465,18667,18471,-18690,-18476,18293,-18333,18316,-18490,-83,13,-6,64,-27,8,4,-7,-52,12,-13,3,-33,-40,-40,-17,39,3,29,-25,12,7,-9,0,17,-14,12,-6,-30,0,-23,16,-29,5,19,-20,-21,-9,6,11,1,-42,-9,21,-13,-2,-12,0,-24,-4,-16,19,-17,5,20,-9,5,10,-28,12,10,4,-30,-12,-43,-23,-5,4,-5,0,-12,16,-1,4,-20,27,-10,9,-4,-5,15,6,9,3,20,-2,-22,-2,14,-10,-10,-20,-6,2,-4,-10,-3,-10,-11,-4,-25,-12,-8,-23,-7,0,-4,2,12,29,5,29,44,-13,-4,-4,11,-1,-12,-17,7,-10,-39,-4,2,39,1,-21,0,0,0,0,0,0,0,0,0,0,0,0,0,0,0,0,0,0
0,9,-1,-19,26,2,-21,2,-10,-26,-22,-3,11,-8,27,-3,1,23,-2,7,3,12,37,6,-2,-1,-14,-17,-11,1,-8,20,13,-20,-15,-20,-26,4,13,-25,-7,-16,-203,-25078,-25187,-25192,-25164,-24700,24953,24683,-24964,-24702,24477,-24470,24469,-24729,-107,11,13,10,-11,21,-37,-15,-1,-2,39,-1,12,-12,-31,-10,15,-1,14,2,4,17,20,9,-26,-640,-639,-598,-616,-596,644,624,-600,-631,385,-19401,-18225,-19477,-18840,-18490,18706,18522,-18682,-18509,18324,-18345,18297,-18498,-95,-6,7,34,17,-20,10,-12,-33,-23,-13,-3,-9,-9,6,-17,12,1,-2,-7,55,-21,-18,31,6,6,-19,-6,-6,14,-46,-37,11,-2,21,-22,9,5,-30,-15,14,9,27,5,-6,-9,-2,-7,26,23,-37,9,8,7,-14,14,-14,-1,36,5,17,25,-7,21,4,-4,1,8,18,13,20,-3,-8,-16,36,3,-12,-21,-33,10,-5,1,-8,5,-3,30,10,16,-5,13,27,12,-15,-20,-18,-3,4,6,-13,-25,-1,27,-16,-14,-2,36,36,20,-4,25,-6,-4,13,-3,-5,-4,14,24,-9,8,-5,9,0,4,2,-23,-7,13,0,0,0,0,0,0,0,0,0,0,0,0,0,0,0,0,0,0
0,9,19,4,5,13,-10,10,-20,0,1,-23,3,-15,3,-2,-14,-8,-7,20,1,-23,-18,-1,13,-15,-12,4,-10,6,15,18,10,28,-20,-2,-4,-3,3,-12,-4,-3,-236,-25100,-25192,-25185,-25182,-24715,24970,24669,-24956,-24723,24461,-24444,24494,-24708,-121,11,-14,1,13,29,-23,1,17,14,11,2,15,-14,8,-9,-11,30,-10,9,-26,-4,8,-20,-19,-643,-646,-633,-619,-648,660,597,-649,-596,442,-19360,-18248,-19496,-18889,-18531,18696,18504,-18710,-18474,18308,-18338,18342,-18500,-42,-6,-13,-4,35,-8,34,-11,0,20,-24,-4,20,-3,13,24,-10,-34,0,-10,-36,-18,1,-4,11,33,8,5,-15,-20,-16,-8,20,-31,-18,12,-4,2,-7,-12,15,8,9,-7,-13,15,-3,4,-2,-25,14,42,-21,8,-8,-14,21,1,-10,17,-12,1,-14,-7,-30,-22,12,4,-21,8,-9,-3,9,-4,9,-22,-2,20,13,5,-10,7,-3,13,0,10,-1,-22,-5,-15,-17,-20,1,-26,-1,-29,2,13,11,-13,-28,-22,9,11,13,-4,4,-15,-7,25,-19,-47,-14,9,4,20,-27,-4,4,-12,-19,-19,0,-10,-14,2,-6,9,0,0,0,0,0,0,0,0,0,0,0,0,0,0,0,0,0,0
-256,-13,0,-10,18,-23,2,9,4,-9,13,-7,7,3,9,33,-5,-8,18,-2,4,-8,-18,3,-12,0,3,11,-12,-29,-3,2,-4,1,25,-14,-3,-23,-3,1,9,-5,-254,-25092,-25199,-25204,-25188,-24716,24966,24713,-24941,-24703,24481,-24456,24480,-24719,-145,-21,-11,12,-5,6,1,0,-9,7,-4,-26,4,-8,-36,-14,-17,-1,-15,18,-5,5,-3,-11,17,-618,-622,-666,-626,-644,628,609,-580,-584,467,-19351,-18249,-19467,-18856,-18501,18650,18444,-18660,-18506,18316,-18312,18323,-18526,-70,26,2,10,-9,8,-33,26,24,-4,0,33,2,-10,-28,-18,-8,20,14,38,-31,-5,26,-35,-10,-22,-13,17,-11,7,4,-4,-9,-15,-22,20,-32,15,15,16,-12,0,-35,0,-14,-5,-12,3,-7,18,5,8,-13,-22,16,-16,-11,-1,-26,-11,10,37,52,0,-3,9,-10,24,-14,6,2,19,-30,0,18,0,-5,-8,-5,-21,-14,2,-4,-15,-20,-19,-14,-5,-16,-10,-10,-9,26,17,-23,11,6,-3,3,-14,4,-5,1,-9,-11,29,6,5,-19,6,3,-27,18,-28,7,-4,0,-10,0,0,3,3,-9,-2,-6,-11,1,-8,0,0,0,0,0,0,0,0,0,0,0,0,0,0,0,0,0,0
-256,18,-3,16,3,9,2,19,7,-6,-10,-2,18,-22,11,37,14,-9,-21,-12,-16,-12,-23,-31,11,2,-20,-21,-15,-21,-7,-12,-8,9,14,16,-3,2,7,-5,-1,8,-253,-25060,-25205,-25180,-25192,-24696,24971,24701,-24965,-24672,24476,-24452,24459,-24732,-116,0,-11,-6,23,-3,-23,7,-5,15,21,-16,3,4,9,3,4,17,-1,5,-17,-3,32,-17,1,-639,-649,-576,-645,-603,612,597,-670,-592,420,-19372,-18234,-19473,-18849,-18495,18685,18467,-18713,-18497,18337,-18321,18305,-18540,-86,4,-18,1,-34,-34,-12,28,-11,27,-8,-11,-24,-5,-19,-4,-3,20,10,-38,1,13,-6,-14,-38,18,14,-8,-8,8,-2,22,-27,-11,-12,-22,40,-17,-1,22,9,10,1,4,16,-25,-14,9,8,0,-11,-8,-22,-34,-10,-9,-5,-6,2,-2,-12,11,12,6,-30,20,-9,-7,-2,-10,12,2,18,-29,-11,-20,-16,-13,-5,-19,-16,-6,4,-3,-4,-18,18,14,11,-1,27,-20,16,3,8,25,-1,-13,3,10,6,21,-3,-2,19,-5,-11,6,28,-22,19,-3,-6,-1,-16,12,-1,15,-6,-14,15,3,-12,-13,-5,29,-4,37,0,0,0,0,0,0,0,0,0,0,0,0,0,0,0,0,0,0
0,-45,-2,-6,-8,7,23,0,-6,-3,-7,-9,0,-5,-32,-12,-22,-13,5,-7,-12,23,-7,1,2,-19,7,-19,8,1,4,10,-20,25,12,-3,-12,12,-9,5,27,19,-266,-25079,-25167,-25188,-25190,-24686,24947,24699,-24986,-24709,24469,-24491,24473,-24727,-103,-34,21,-11,-5,-17,-4,7,-9,-11,-17,-22,-22,-19,-1,-27,6,16,4,-21,-7,4,-12,-15,-9,-628,-613,-640,-640,-586,613,649,-624,-602,452,-19373,-18295,-19493,-18866,-18498,18719,18503,-18687,-18475,18324,-18321,18333,-18536,-62,14,-15,-38,-25,-27,-38,-30,9,13,-18,21,-11,13,-25,-35,-22,-31,16,-14,14,21,-26,28,28,27,-3,-10,51,-11,31,4,-9,14,-35,11,-4,-5,-9,18,2,-8,-18,-22,-4,-5,15,-16,-22,-23,-12,-21,-14,1,0,14,13,30,6,-8,-8,-4,-11,-20,16,-16,-27,-12,-29,-4,20,5,-1,23,-17,-4,17,-9,-2,5,19,-11,-18,24,21,9,19,-8,-13,-24,-26,1,-3,-8,-18,11,29,8,24,3,23,-16,-27,-5,6,-29,-2,-22,-5,-15,4,9,21,8,6,6,-2,-8,20,-1,19,-23,5,-7,-10,19,-10,-12,0,0,0,0,0,0,0,0,0,0,0,0,0,0,0,0,0,0
0,23,13,-10,17,-4,35,15,-26,-17,-14,-9,-28,6,-9,15,-12,7,9,7,-2,-17,-9,9,2,3,3,27,-8,-19,-8,-9,0,-28,-20,-11,-15,12,-9,5,-12,-2,-239,-25051,-25185,-25189,-25201,-24714,24945,24704,-24928,-24666,24500,-24463,24456,-24718,-98,-17,1,-15,-19,14,2,13,0,-4,-4,4,-1,-8,13,-18,1,-13,22,14,-1,2,13,-29,-23,-631,-654,-671,-658,-635,641,617,-632,-625,437,-19396,-18261,-19473,-18852,-18521,18671,18512,-18701,-18483,18299,-18355,18342,-18516,-84,-46,-40,-2,-12,13,-17,26,9,18,-23,-31,5,4,7,-19,-19,16,24,11,-2,-19,15,-48,-27,12,20,5,31,40,-2,-43,-4,-13,-20,-25,1,5,16,15,11,-6,18,25,-20,-19,0,2,22,9,21,-11,-17,16,-9,-17,-4,-10,-2,-4,15,2,-15,2,8,-1,-6,5,35,-2,9,4,-4,15,2,-8,-25,10,11,22,3,-21,25,-3,-2,-9,-5,-21,-4,-13,8,-7,-13,-30,13,-19,-7,15,12,-26,14,3,8,4,-10,-9,-30,24,1,-8,6,5,-16,-27,1,13,-8,-4,-34,2,-30,-4,-16,-7,-1,-8,-11,-21,0,0,0,0,0,0,0,0,0,0,0,0,0,0,0,0,0,0
0,-6,-17,-6,-15,-16,22,6,-24,19,1,-13,0,3,-1,4,-7,-22,-8,6,7,-2,-1,-11,-8,-22,8,22,7,-24,-20,9,-29,18,-10,6,-22,-13,-7,-17,30,15,-252,-25074,-25180,-25191,-25199,-24722,24954,24689,-24955,-24693,24489,-24457,24469,-24711,-91,4,27,-1,-32,17,14,14,10,3,-27,-25,8,23,3,14,16,8,-10,-16,3,-39,10,-4,10,-621,-627,-613,-659,-661,598,625,-642,-636,400,-19412,-18261,-19476,-18855,-18478,18666,18478,-18660,-18459,18309,-18335,18323,-18508,-98,19,8,11,-17,2,-24,-12,31,-31,-17,-36,-16,-25,24,22,-23,8,6,-19,-4,18,-13,34,1,8,3,1,-21,-14,-41,3,3,-37,1,-7,0,31,-22,20,7,-22,-6,18,-12,-10,-5,16,-9,10,24,25,5,-2,1,-9,16,-5,-2,-3,-18,-8,-6,11,-15,10,-22,-24,16,-3,-35,19,-25,10,6,11,-6,16,-12,10,-14,16,-8,-13,11,11,-14,24,20,5,-18,-20,9,14,15,10,5,-14,0,16,-1,-5,-4,-1,11,17,-26,-6,15,-13,6,7,10,1,-10,10,-2,3,15,4,-28,8,-15,-17,-7,20,24,7,0,0,0,0,0,0,0,0,0,0,0,0,0,0,0,0,0,0
-256,3,4,-4,4,-21,-6,-21,5,3,-6,16,16,17,-12,3,23,16,-34,16,5,-5,-13,19,-12,-6,-15,-15,2,-13,-1,-19,17,7,9,7,-12,13,-4,1,3,-10,-261,-25092,-25189,-25177,-25188,-24703,24961,24708,-24972,-24697,24468,-24442,24454,-24724,-123,14,4,10,0,-11,3,4,-16,15,8,-35,36,-1,-6,29,-16,-33,-14,10,8,18,-3,-13,-30,-628,-595,-657,-643,-625,646,660,-632,-642,461,-19380,-18214,-19467,-18851,-18476,18675,18499,-18663,-18517,18336,-18321,18356,-18560,-104,9,17,-4,9,10,-7,11,5,6,7,12,-17,-7,-14,-49,-29,27,1,-16,-18,22,-9,30,-5,38,-57,0,-34,-33,10,-13,19,19,21,-1,-25,12,-16,-15,-2,5,-21,14,-32,-10,-25,-14,-26,8,-13,-9,33,2,16,0,2,1,-12,12,-1,23,-17,2,11,-17,17,10,16,11,7,-18,5,-6,-11,-20,-7,7,-4,-15,-15,35,-9,5,-15,30,-13,-14,-6,-6,-7,-12,-17,25,9,12,5,39,18,1,-13,5,10,8,29,7,-16,-1,-7,14,-48,-1,29,1,21,16,-32,10,13,3,-12,16,4,13,-34,-10,0,5,0,0,0,0,0,0,0,0,0,0,0,0,0,0,0,0,0,0
0,-36,10,-13,10,-4,-23,-2,13,1,-19,4,5,-9,0,-2,2,-5,13,23,-7,9,-5,-9,1,18,1,18,-18,-6,23,23,9,8,18,-9,11,13,-6,12,-12,-19,-235,-25065,-25174,-25166,-25163,-24678,24977,24706,-24966,-24696,24459,-24468,24437,-24703,-106,0,14,3,-7,-7,-26,-6,-30,-42,-15,-27,-13,13,-13,17,-20,20,3,-7,-2,-20,-25,-17,8,-628,-681,-640,-621,-630,624,603,-640,-631,444,-19419,-18262,-19526,-18831,-18509,18698,18501,-18721,-18482,18326,-18296,18323,-18488,-79,-18,-8,12,-4,-57,11,-14,22,-18,25,-23,-32,-26,-10,-28,1,-30,-21,-7,8,-23,-13,18,9,-30,-21,-19,1,39,-42,46,-27,0,-4,-46,-7,-8,-9,9,-10,43,17,6,-11,-6,-30,16,-5,-14,-11,10,10,-15,-5,-7,-13,17,-3,9,26,-6,-14,-18,-23,-10,-4,8,23,-34,7,9,22,-14,-2,-28,-15,-27,-8,15,-9,8,-4,-4,3,11,-3,8,1,15,-15,3,-1,-27,-1,9,7,-22,-16,-9,3,-1,17,-20,-7,15,-6,17,-3,-14,-24,7,0,-5,-9,6,2,-3,-3,10,3,17,10,-6,-10,7,3,-17,0,0,0,0,0,0,0,0,0,0,0,0,0,0,0,0,0,0
0,0,0,-14,4,-25,-17,-3,-17,3,-29,16,3,3,-5,-23,19,25,-14,-1,-4,-12,0,-6,-18,-9,17,14,14,-28,-7,-11,-1,3,-4,-14,-13,7,-14,0,-11,1,-232,-25065,-25182,-25183,-25206,-24708,24959,24702,-24947,-24686,24467,-24469,24490,-24692,-124,-37,-12,-21,-8,-9,9,-38,-3,29,-20,-10,-5,-14,4,-16,4,-28,3,-36,-10,-16,-17,-4,-11,-652,-645,-652,-636,-629,610,620,-614,-618,414,-19361,-18207,-19516,-18837,-18508,18680,18486,-18720,-18476,18293,-18301,18324,-18490,-132,28,13,26,9,-18,-7,15,-37,-7,10,-24,24,-4,37,-19,-17,-27,-22,10,-6,-9,13,27,-29,-5,21,-9,42,-15,23,-20,15,-4,48,26,-12,-19,-20,-11,15,-4,9,15,17,-7,-9,-15,-18,10,-16,26,7,9,13,10,5,-12,21,-23,-4,-13,30,19,20,15,-12,-11,-4,-1,5,19,-4,-10,7,-2,-7,12,1,-24,-6,-28,-12,-2,-13,9,16,1,-16,-13,2,-6,-14,21,14,9,-25,8,31,10,33,5,-9,-12,-9,27,-14,14,-19,-8,9,-8,3,-7,-27,-4,-3,-3,-14,16,-15,15,25,0,36,-19,-18,-2,0,0,0,0,0,0,0,0,0,0,0,0,0,0,0,0,0,0
0,23,-4,19,-21,-5,19,-1,1,-3,15,7,19,1,-14,-9,-15,3,-10,4,-1,-1,-3,16,6,5,6,-21,11,-16,8,-7,-22,1,37,1,-29,25,0,2,-11,-10,-250,-25078,-25183,-25186,-25200,-24690,24960,24688,-24943,-24685,24446,-24462,24457,-24725,-107,-2,-3,31,8,-14,10,-7,-7,-19,5,10,-38,23,-18,-1,2,-5,24,-17,-7,34,-4,-34,-19,-617,-627,-633,-611,-595,637,594,-628,-634,446,-19378,-18254,-19489,-18871,-18495,18633,18481,-18724,-18479,18341,-18305,18341,-18491,-82,-11,68,-24,-33,-14,3,23,-13,-12,32,-6,18,25,1,-18,-22,-50,47,-16,-6,12,37,1,-20,7,-2,-28,-4,15,-7,16,-21,-41,-2,-17,-11,12,-17,0,-26,3,-7,-13,-2,16,4,-26,-20,-14,-3,5,-45,-19,1,27,2,-1,-7,-5,-5,8,12,-26,29,0,12,11,35,-33,-11,-3,-13,-20,-18,-11,28,14,7,-7,0,-2,1,-15,-22,-25,14,-26,-7,-20,-3,-20,-9,-8,14,-30,29,24,9,-5,0,-21,8,18,-7,-14,11,17,-16,-2,-2,0,-18,18,2,-12,3,-3,22,8,-6,-4,3,-10,-13,11,9,12,0,0,0,0,0,0,0,0,0,0,0,0,0,0,0,0,0,0
-256,19,-11,-5,-15,-13,24,2,-13,8,13,-11,0,-12,-31,10,8,-1,-21,-12,21,15,7,26,20,21,-7,6,-13,-3,0,-20,4,-14,16,1,-20,4,1,-3,12,-5,-214,-25053,-25198,-25174,-25197,-24718,24940,24710,-24952,-24697,24485,-24464,24474,-24683,-103,7,3,-17,14,11,-8,13,-5,18,-13,1,19,1,4,6,-13,-10,-23,24,1,-17,-24,-36,0,-612,-613,-613,-645,-610,606,622,-635,-575,431,-19396,-18231,-19487,-18855,-18471,18706,18453,-18710,-18470,18316,-18338,18351,-18485,-84,-60,0,-5,-16,62,7,-24,-15,3,15,-1,-8,-33,-18,13,14,-10,30,-10,31,28,-44,11,15,22,18,-23,-6,30,5,6,-25,34,12,-2,-37,42,-13,10,-20,4,-14,17,-22,20,21,-37,-14,-9,1,-15,-21,5,-26,-6,-9,-12,-9,-12,47,10,-2,23,14,11,9,4,8,16,1,-12,11,8,-7,10,9,0,21,-20,-21,-15,-31,1,-5,-26,-20,-5,5,12,-9,19,14,23,-5,-3,-22,19,6,2,30,25,-35,-25,-1,-1,10,27,10,13,-11,-6,-13,6,-15,-12,-13,-24,-11,-6,-6,-19,15,1,-4,-2,-2,-5,0,0,0,0,0,0,0,0,0,0,0,0,0,0,0,0,0,0
-256,3,-4,-25,19,17,-45,-40,-14,-27,16,24,3,10,-14,20,-18,25,23,-10,-2,-14,-11,-7,-4,-17,-10,-31,-1,-13,-2,-6,-1,3,1,20,27,-10,18,-26,4,13,-267,-25086,-25222,-25184,-25198,-24728,24964,24697,-24986,-24692,24452,-24469,24461,-24700,-91,-24,-4,23,-9,-22,7,-15,6,2,-2,26,8,-17,25,-12,-4,1,13,24,-10,-31,18,1,5,-674,-641,-627,-639,-609,601,615,-596,-609,427,-19408,-18254,-19537,-18833,-18524,18682,18489,-18710,-18471,18321,-18287,18330,-18493,-99,7,13,-11,4,-8,-2,15,22,-27,-8,-12,39,-22,23,18,3,11,-10,-10,-10,-6,-34,-10,-33,-34,-51,-16,-31,32,12,-33,18,22,26,18,6,-23,-4,1,-22,16,31,0,-6,-29,-17,13,5,-2,13,3,-23,-2,-5,14,1,15,-26,3,32,-14,-18,-27,-4,-8,13,-11,19,9,-4,-8,6,-7,-4,11,-6,7,0,-1,0,3,4,-21,19,9,-31,7,8,9,-25,-33,-32,6,3,-13,4,5,-28,28,0,24,0,-12,-4,-21,-13,-11,-1,-20,18,9,6,-7,15,-2,-3,-19,17,0,9,-2,-7,6,-13,2,-5,-14,0,0,0,0,0,0,0,0,0,0,0,0,0,0,0,0,0,0
-256,-5,9,16,-12,-2,-34,-8,-4,-2,27,26,1,5,-11,3,-5,-15,6,-11,-24,30,12,-5,4,18,6,2,6,-13,-15,2,-26,2,19,-18,-18,25,0,-42,7,20,-228,-25075,-25176,-25179,-25184,-24687,24966,24716,-24976,-24702,24452,-24466,24473,-24691,-118,4,-4,-9,21,-13,-36,-18,29,-13,-20,-4,-7,-2,14,-13,10,-14,3,-23,18,-3,2,-17,-1,-648,-624,-637,-616,-642,566,577,-585,-601,451,-19369,-18222,-19489,-18849,-18500,18695,18537,-18705,-18508,18301,-18319,18335,-18491,-98,31,1,8,-11,-18,-2,44,14,-13,14,-10,17,19,-8,-50,-5,-21,22,-17,-66,9,5,0,6,-39,-51,2,-34,5,-13,10,14,-37,-13,-25,-11,-14,1,0,10,-14,-3,13,-13,2,-8,-12,-15,-16,-22,10,-1,15,10,5,13,-17,-22,7,-10,4,5,14,13,1,-8,-17,19,-13,-11,8,-2,9,-17,5,13,5,-1,-9,-4,15,-5,-19,-14,-9,12,-3,5,-11,-12,20,-3,-23,16,20,-5,-25,-4,20,12,6,8,-27,0,0,-7,-21,14,-25,4,22,-5,-7,4,-12,12,24,26,23,9,-2,1,-11,3,2,8,12,0,0,0,0,0,0,0,0,0,0,0,0,0,0,0,0,0,0
-256,13,-7,7,11,-13,12,-7,-18,-9,13,-9,-36,2,-2,-2,-9,3,-2,5,32,7,-19,-7,12,7,-8,-3,15,-16,-15,-9,-22,5,0,-5,2,18,13,5,-19,11,-266,-25085,-25179,-25188,-25223,-24698,24957,24685,-24984,-24694,24475,-24453,24468,-24695,-130,5,-17,-13,3,-5,23,-9,-8,-18,-1,26,0,-20,-38,4,-32,-7,-11,33,-24,-30,26,3,6,-636,-614,-616,-600,-619,607,628,-620,-617,456,-19301,-18256,-19470,-18852,-18542,18731,18496,-18706,-18493,18369,-18308,18275,-18526,-64,31,-5,-27,15,-18,16,3,23,5,21,8,-1,-18,11,-3,-56,16,-27,-12,1,-18,47,-29,-4,-2,8,1,6,-25,-13,-17,7,-9,-4,20,2,-27,-26,-12,-3,11,-12,10,-20,24,-11,13,-5,-26,2,-6,-22,-6,-34,-13,5,-5,-29,19,28,-11,10,-12,7,7,-5,-16,12,3,-24,-1,2,-12,-1,5,4,9,11,-25,-5,-24,15,-23,23,11,-14,5,9,7,36,1,-19,-2,9,-10,-2,13,-5,-15,5,-22,30,-11,-7,2,-7,6,3,-3,0,-31,-5,4,-23,10,-7,2,-3,-16,4,39,-17,1,5,10,-8,-5,0,0,0,0,0,0,0,0,0,0,0,0,0,0,0,0,0,0
-256,-3,8,9,-14,-22,-11,11,3,-17,16,4,-6,7,15,-12,-13,-17,-13,16,-1,3,-4,8,-23,-6,4,-4,8,8,-19,22,-8,31,-19,-9,-14,-11,-18,6,0,14,-240,-25087,-25185,-25200,-25186,-24681,24960,24698,-24944,-24704,24468,-24477,24490,-24720,-147,7,24,9,5,14,-10,6,13,-14,-4,2,14,6,7,-7,-14,-7,35,-10,20,-29,41,-7,-12,-633,-669,-657,-642,-626,620,590,-628,-649,438,-19392,-18257,-19510,-18889,-18511,18688,18491,-18651,-18533,18324,-18350,18332,-18525,-88,-63,22,4,19,33,-14,-17,-14,-37,-13,-4,-12,-23,-53,18,-10,27,-13,-8,4,-26,-10,17,-10,-23,-2,1,-1,3,-31,32,-7,-34,-49,-1,-8,-18,-5,9,20,13,13,-21,-3,18,-18,15,-22,13,-21,18,13,4,4,-20,-19,-23,-3,-16,-17,2,-14,-7,-14,14,8,10,-1,16,14,19,-26,20,-11,-17,-19,-9,-27,3,-7,-23,-13,-10,4,-14,6,-24,-4,-8,2,16,-18,-14,-1,-12,4,-21,13,-16,6,-10,-9,-10,11,-23,9,-13,10,17,-5,-12,-9,-23,-8,-11,-1,11,-12,-15,-19,-14,-18,6,13,-3,2,-11,0,0,0,0,0,0,0,0,0,0,0,0,0,0,0,0,0,0
-256,-15,17,-6,43,-8,-21,-33,-14,0,-15,-13,4,4,-21,17,31,-25,0,-24,-9,-9,1,-1,13,27,1,10,9,-3,-5,16,31,-9,10,11,-9,4,-7,14,-11,-15,-250,-25055,-25181,-25172,-25176,-24689,24945,24696,-24956,-24705,24469,-24481,24461,-24705,-107,-21,-49,-13,-2,34,-30,4,20,-25,-22,17,-5,-9,-7,-3,-16,28,-42,7,-21,1,-28,-4,25,-611,-636,-626,-662,-606,627,586,-657,-590,462,-19361,-18221,-19433,-18917,-18495,18680,18528,-18707,-18472,18337,-18354,18306,-18521,-119,1,10,-16,-26,-3,-47,-13,0,49,6,2,29,29,-26,12,-18,6,-14,-30,-8,16,-21,0,33,53,-1,11,5,19,-17,-41,29,6,1,-13,-6,35,-7,-10,15,-11,-17,-11,2,-3,13,-6,-23,3,-27,11,1,2,-21,-1,-3,-11,-4,12,-12,-5,-8,-7,2,-28,-9,-17,-6,-26,14,-2,-9,-11,0,-5,12,12,4,-10,-14,8,-11,-7,-4,2,5,-14,15,21,-35,7,-13,-9,21,3,-17,-10,-9,-3,-4,13,-7,-6,-16,-23,2,7,8,-11,42,13,2,8,-30,8,4,23,-3,9,-20,-10,26,16,-3,17,-22,4,0,0,0,0,0,0,0,0,0,0,0,0,0,0,0,0,0,0
-256,12,-16,19,24,16,-17,11,-23,-28,8,15,-12,8,-2,5,2,-19,-8,12,-7,1,-2,4,-18,12,12,3,-10,11,-6,-2,-12,1,17,-12,13,1,-8,-19,20,-1,-230,-25076,-25195,-25182,-25177,-24690,24943,24692,-24976,-24690,24491,-24458,24448,-24736,-126,18,-8,-32,-20,32,10,-7,-17,14,-11,2,-9,28,-24,-23,-19,-10,-1,7,-11,2,-41,18,-4,-633,-640,-625,-627,-635,635,590,-614,-600,434,-19456,-18250,-19524,-18866,-18496,18668,18491,-18691,-18497,18318,-18335,18314,-18503,-113,29,6,-8,20,12,-16,-25,-26,-5,-28,2,-4,-33,-7,-15,-6,-8,22,-19,-2,-13,12,-4,-22,-12,15,-37,36,-8,3,20,-38,-3,42,8,-34,-12,19,-6,7,-4,-20,6,6,-16,-12,16,-10,7,-14,24,3,5,9,-11,19,-25,13,-20,8,-38,-17,-1,-8,-24,-1,6,-7,-20,9,-11,-15,21,3,-23,-36,4,-10,2,10,12,6,12,21,2,2,6,18,16,-23,-13,32,4,-1,-26,5,9,4,-12,1,5,4,11,14,-33,17,-5,-17,-27,-13,-9,-3,-18,-4,-9,9,-25,18,14,-1,-3,-14,-1,9,-11,8,-4,0,0,0,0,0,0,0,0,0,0,0,0,0,0,0,0,0,0
-256,-17,7,-3,-3,2,4,-21,8,-12,0,-40,-23,7,-44,7,-32,19,8,8,-4,20,-4,-19,-1,21,-11,-4,2,14,-40,-6,-6,15,21,-7,-4,-13,9,-2,0,-23,-221,-25068,-25189,-25170,-25180,-24700,24927,24704,-24952,-24695,24480,-24464,24465,-24712,-102,-24,-10,-29,26,-29,22,-7,-10,4,-16,-30,13,-16,19,22,-13,-20,-18,-5,-6,27,-12,-13,-1,-613,-646,-688,-629,-646,605,650,-633,-603,453,-19392,-18247,-19453,-18851,-18526,18690,18523,-18704,-18497,18325,-18320,18335,-18488,-93,-12,12,3,7,12,4,-7,-9,-13,-23,11,-17,14,33,-23,-24,17,2,-36,28,9,12,-51,-31,36,-28,29,17,-6,15,42,45,22,21,18,5,1,1,30,-22,-4,-7,-20,10,-34,-4,-8,-15,-26,2,4,-3,-5,-10,0,18,23,-16,-46,16,-16,6,-10,20,-8,41,10,-7,-3,0,6,17,4,-4,17,24,-3,6,-15,-10,-22,-19,8,-22,-7,8,-6,7,21,-9,-12,-19,-7,-18,-1,-7,18,-1,1,6,2,7,3,-11,-11,-23,11,-9,3,-19,-17,2,-16,16,-13,16,16,-5,-11,1,-2,-14,-5,11,13,-4,2,0,0,0,0,0,0,0,0,0,0,0,0,0,0,0,0,0,0
0,-7,17,-10,22,3,-8,4,-28,11,9,-10,5,-3,2,-9,-5,22,-5,2,-31,-17,0,-18,7,12,16,-15,-15,15,7,8,8,-3,10,-11,-3,11,-4,-2,-3,-11,-237,-25098,-25197,-25192,-25202,-24698,24965,24722,-24942,-24731,24466,-24441,24472,-24711,-108,-15,27,-26,-8,-8,-12,39,-4,17,14,-21,-2,8,-10,3,16,5,-16,10,3,-6,9,22,-23,-615,-653,-608,-660,-607,620,601,-639,-637,462,-19403,-18223,-19489,-18850,-18507,18673,18463,-18657,-18504,18292,-18302,18318,-18496,-102,10,-7,-22,5,-24,6,11,-11,-24,-4,-7,-58,-56,1,13,42,12,4,13,-1,-48,-12,1,13,-6,7,14,-35,-16,4,-7,8,14,-20,-12,-10,-27,-10,-8,20,7,13,11,2,9,0,19,0,-17,8,29,11,-22,-1,2,-21,13,16,12,-3,13,14,5,-6,17,0,-18,9,-16,11,-8,-8,4,-3,7,-11,20,4,-5,7,1,-8,6,-8,21,1,-2,9,11,3,-19,-1,-9,4,14,4,-12,-12,1,-8,-11,2,-5,-1,18,-13,0,1,-8,-19,8,12,-9,-24,6,-2,3,-20,-37,-10,-3,2,-2,3,17,3,-10,0,0,0,0,0,0,0,0,0,0,0,0,0,0,0,0,0,0
-256,6,-4,19,21,-5,-6,-21,-53,-14,4,3,12,-2,14,-22,-6,-19,-7,11,11,-5,-12,-15,11,-7,29,6,-14,4,-1,5,-16,-14,12,32,1,8,3,-2,3,-22,-231,-25093,-25204,-25169,-25209,-24721,24977,24693,-24975,-24710,24479,-24460,24462,-24735,-108,-13,-10,-2,6,-9,7,-1,-26,-6,6,1,19,5,11,3,0,16,-6,0,-22,-3,10,9,24,-603,-598,-608,-678,-661,620,633,-669,-633,443,-19400,-18259,-19504,-18859,-18496,18693,18508,-18697,-18503,18336,-18293,18315,-18507,-109,19,-1,16,-39,-19,5,10,-9,34,-2,-21,-36,-34,-47,4,32,-11,32,14,44,-5,-35,5,13,-6,-30,-19,12,-29,-37,16,-45,-31,19,19,21,-22,20,-6,23,-9,-23,-18,-4,41,0,-16,13,-10,-5,-8,7,-8,1,-21,2,-5,15,7,10,-20,11,11,6,14,-26,-23,1,15,6,20,24,-5,14,0,-19,-1,-13,-27,-2,-11,-29,-24,-20,-16,-16,0,-16,-1,5,-8,10,7,-1,7,9,-3,5,-12,12,-11,10,-7,-41,12,-2,1,17,2,-2,6,-20,-3,8,2,13,17,11,13,6,-9,12,-7,8,-8,-9,-12,0,0,0,0,0,0,0,0,0,0,0,0,0,0,0,0,0,0
-256,1,-17,-9,-3,0,-6,-1,7,-21,-21,-8,41,16,11,15,-1,-13,-11,0,1,4,-2,3,16,-4,11,-13,-7,-25,-17,0,-2,0,-3,-6,-3,0,-1,-4,-1,-12,-229,-25054,-25194,-25190,-25219,-24682,24936,24701,-24978,-24694,24480,-24469,24462,-24694,-134,8,1,7,6,-28,-16,-7,-2,13,-12,-45,-10,-27,-1,-2,23,-17,-31,-29,6,-15,-5,13,5,-642,-664,-631,-598,-640,598,655,-668,-668,431,-19373,-18235,-19490,-18868,-18496,18681,18493,-18661,-18504,18298,-18310,18360,-18446,-61,23,-20,-22,-25,-17,-19,20,20,3,-41,22,-11,14,-16,-14,-7,1,-14,-11,-26,10,-28,-53,33,-19,-23,14,-58,-34,-25,33,23,10,24,19,-18,-9,6,14,-11,2,-9,-8,8,-12,10,-12,-8,-1,4,-5,14,8,-13,-10,-13,25,15,-17,-26,10,-31,30,-14,-28,14,-18,11,-6,0,-7,4,10,-5,-10,-10,22,-1,-20,14,0,31,9,-2,-2,12,-23,12,-11,-12,-12,15,0,2,8,-5,-3,-23,24,33,-2,-4,27,-10,-2,-25,-1,3,-5,-12,-25,-8,-10,-23,-18,-1,-11,20,-6,17,15,-19,37,-14,3,-15,-16,0,0,0,0,0,0,0,0,0,0,0,0,0,0,0,0,0,0
0,-14,9,2,-2,-4,1,-6,3,14,25,-11,4,24,16,4,30,1,8,10,-5,16,-1,9,-7,-7,4,-7,-17,-11,-9,7,20,18,23,-9,6,-11,6,6,-5,15,-248,-25082,-25191,-25173,-25181,-24680,24975,24701,-24949,-24720,24472,-24467,24454,-24737,-118,8,-22,8,-12,7,13,-17,-21,-12,22,18,-1,9,-2,-12,8,21,-1,-26,-21,-17,10,29,15,-599,-627,-666,-647,-615,594,613,-656,-624,416,-19402,-18238,-19467,-18856,-18468,18730,18460,-18659,-18493,18314,-18330,18337,-18491,-94,29,19,35,-17,5,-15,13,-4,1,-23,-16,-31,-17,-8,10,-28,-4,-38,-18,-23,-35,-40,-23,-3,19,-20,24,-37,-7,-10,5,-32,-44,47,1,-31,0,-20,-13,-9,1,9,-9,-29,8,14,8,0,-7,-23,-2,-6,15,2,-8,9,-2,1,8,-9,0,11,-25,-15,-7,6,-16,-12,7,20,0,6,-3,10,-22,5,0,-27,-29,15,-1,8,13,-12,2,-6,3,-10,3,7,0,22,1,-29,4,-5,18,-21,-2,-14,4,3,9,-3,-16,30,9,-13,-13,-26,-3,13,1,-9,5,-17,5,29,8,-10,-32,-14,-3,-1,10,18,8,0,0,0,0,0,0,0,0,0,0,0,0,0,0,0,0,0,0
0,-13,-22,5,-23,-6,-15,-12,7,-8,-25,-6,15,-5,-3,7,20,27,-18,13,10,-16,-9,2,-12,5,-8,2,12,-1,6,-4,18,14,-5,8,-20,-7,-14,-1,3,-15,-263,-25048,-25212,-25198,-25214,-24694,24943,24730,-24935,-24701,24491,-24483,24517,-24718,-113,-18,-8,19,8,31,-13,13,0,16,6,-19,-25,-13,-4,-1,28,10,7,23,11,-10,-12,-34,-4,-649,-629,-576,-632,-612,629,580,-649,-594,410,-19401,-18278,-19472,-18874,-18473,18683,18486,-18688,-18480,18341,-18326,18313,-18521,-126,37,-10,1,19,44,-26,39,-5,-24,-35,-3,-20,-12,24,-1,4,-16,19,-30,8,-4,-2,24,11,12,37,-21,2,-2,2,-25,-8,12,31,-30,-17,-20,-30,1,15,-3,32,-19,3,-25,14,0,-5,11,3,0,-38,-15,-8,-18,0,7,-23,19,-25,-17,-3,-10,5,-8,-17,4,14,4,0,-16,14,-17,5,25,8,25,-17,-6,12,21,6,12,5,5,2,9,4,-6,-9,-17,-15,-17,-5,6,6,31,-1,8,-21,6,-35,11,16,17,4,32,-27,23,0,-7,-34,-13,-1,-3,-11,-4,-14,-51,-20,18,13,10,-16,-9,25,-17,0,0,0,0,0,0,0,0,0,0,0,0,0,0,0,0,0,0
0,-26,-1,-9,6,2,-10,5,-26,8,20,-8,8,-15,2,1,-7,-1,24,-19,18,-2,9,7,15,-21,-46,-11,8,-13,-19,-6,15,-5,4,-13,-4,-18,21,31,-27,2,-253,-25101,-25197,-25185,-25179,-24683,24944,24700,-24955,-24697,24466,-24457,24468,-24726,-135,-21,5,-12,8,-4,1,-32,5,-8,-7,-1,-11,-31,2,-9,-28,29,-9,34,5,-1,-2,16,3,-649,-645,-657,-663,-638,637,619,-622,-631,404,-19388,-18213,-19454,-18892,-18486,18667,18512,-18704,-18497,18339,-18293,18312,-18548,-123,2,-20,-19,13,12,-1,42,-9,-7,34,3,-12,23,6,1,-14,18,20,2,4,-10,37,-29,-34,-28,-20,-18,-12,-7,24,-8,6,0,9,1,18,-9,-7,-23,-22,-13,-19,-25,-5,20,-10,-7,-17,-15,9,-10,15,-34,-12,-16,25,-2,-7,8,-12,1,-9,-2,-20,-26,-19,-13,6,-5,-8,21,26,3,-8,13,24,20,-9,1,-13,7,-17,-16,9,6,-1,-8,6,-17,12,5,-21,9,-2,14,4,2,4,7,0,17,-4,-19,5,25,18,-26,10,-4,-31,-17,5,-4,22,4,21,-4,21,9,9,-19,-12,-13,3,-23,13,4,0,0,0,0,0,0,0,0,0,0,0,0,0,0,0,0,0,0
