0,10,-7,10,5,11,6,0,-24,11,-4,25,30,-20,-2,25,35,-16,17,23,6,-16,15,-5,23,-9,-7,-8,17,-7,9,-11,9,-10,9,-8,-20,16,2,31,10,29,23,-36,-3,-23,-27,-28,27,58,-18,-42,29,-34,71,-38,-9,20,-10,6,13,10,23,57,2,33,7,-19,3,-15,6,-12,2,-27,16,-4,-16,-13,-2548,-2603,-2533,-2544,-2524,2506,2514,-2504,-2483,2213,-27936,-23105,-28021,-25520,-25044,25319,25080,-25333,-25036,24801,-24826,24789,-25076,-105,-5,-11,-3,12,20,57,23,-27,-12,6,-34,19,-4,47,23,14,-13,30,-13,-15,28,34,-3,11,35,19,-26,4,-23,7,-10,16,34,24,8,14,10,8,22,-23,13,4,-32,-12,28,11,33,-7,10,-8,-8,12,30,0,7,26,-7,0,2,6,28,8,-10,-15,6,-9,5,3,4,28,-2,5,0,1,29,-14,-24,-1,2,36,8,11,9,9,15,-8,18,10,-7,-10,5,5,7,-23,6,5,-33,18,-6,25,19,-11,-8,-4,27,16,-2,28,18,4,3,13,-7,5,8,17,-14,-4,5,6,-3,15,-3,7,13,21,-6,20,-4,18,0,0,0,0,0,0,0,0,0,0,0,0,0,0,0,0,0,0
-256,29,1,-3,24,3,-13,6,12,3,20,25,-1,9,14,-1,-16,13,6,9,-5,22,12,1,2,31,-11,3,-11,-16,8,27,45,1,4,10,4,8,-10,9,11,-4,13,-29,-11,-13,-48,-33,46,53,-16,-60,25,-41,38,-34,-12,-12,4,27,3,-5,-5,28,2,18,32,27,23,-3,25,-9,19,11,4,8,-12,-46,-2530,-2557,-2556,-2563,-2540,2508,2517,-2527,-2460,2281,-27930,-23058,-28079,-25566,-25034,25310,25051,-25312,-25037,24812,-24832,24830,-25080,-119,-41,-11,25,-21,8,6,23,-20,24,-19,-21,19,-22,22,20,-18,22,11,-8,0,6,37,-17,21,32,15,-31,26,-11,42,-13,1,-5,41,23,-18,39,18,1,0,4,21,-2,8,-21,4,-7,20,17,-10,-17,-12,-3,6,24,15,24,27,11,5,-7,7,-4,-35,36,24,29,15,2,3,14,18,2,-22,19,-13,-8,-16,12,20,12,14,1,20,15,-2,1,0,5,-12,11,7,2,3,-2,0,-4,5,-7,-14,13,-4,26,-3,-4,-17,25,5,-15,33,22,8,7,10,6,10,-12,2,5,12,13,23,-13,28,17,-7,11,8,-20,0,0,0,0,0,0,0,0,0,0,0,0,0,0,0,0,0,0,0
0,11,3,1,20,-13,6,-20,20,8,21,9,4,-24,30,17,-9,3,10,-9,-2,-17,-5,-5,-3,21,6,-15,27,2,17,10,5,25,17,7,19,-12,-11,31,8,-2,30,-45,-2,-33,-24,-45,28,29,-70,-27,45,-34,41,-30,-12,0,6,-5,-13,-27,50,-5,16,-3,24,-19,3,17,25,17,-6,-14,52,-12,13,-20,-2535,-2562,-2544,-2554,-2541,2570,2545,-2511,-2501,2205,-27904,-23074,-28018,-25571,-25004,25315,25032,-25315,-25004,24776,-24863,24832,-25095,-119,-17,28,-14,-19,12,3,33,-1,-50,-21,13,18,-4,21,-18,28,6,39,6,43,-10,-21,-2,41,-18,18,-38,27,31,-13,6,5,4,-3,37,14,24,-28,-8,6,15,-4,-12,13,9,-11,17,10,19,-3,7,5,13,28,3,-5,28,-12,8,3,23,4,15,17,-1,5,4,-8,6,-8,5,-36,17,3,-5,4,11,-6,-14,-31,-44,5,7,8,26,-11,21,-11,3,-7,-21,1,-9,-5,-4,-4,13,6,31,23,-1,-13,14,27,-13,11,1,-8,1,22,-12,0,6,-7,-11,2,18,5,-14,-18,13,13,7,-14,-15,11,12,4,16,0,0,0,0,0,0,0,0,0,0,0,0,0,0,0,0,0,0,0
-256,2,18,5,-7,8,2,12,11,34,19,-28,-21,13,4,-10,6,11,5,-22,13,23,20,-12,4,15,1,10,37,-22,9,-4,-15,18,-13,0,5,-13,5,-2,38,30,-23,-16,-19,-30,-59,-29,49,50,-52,-25,39,-47,39,-31,4,33,17,20,-4,-11,6,9,7,-6,18,-16,-6,7,-1,14,-15,-38,-3,-11,27,-28,-2545,-2579,-2558,-2522,-2480,2542,2513,-2514,-2481,2224,-27884,-23069,-28023,-25565,-25067,25283,25092,-25315,-25054,24805,-24820,24832,-25077,-90,-1,-22,24,2,0,-14,-26,15,7,6,-3,6,-10,4,12,34,-16,42,-18,5,30,-27,-6,-17,19,-28,6,-8,-13,-6,13,19,9,2,0,14,-21,14,-18,-7,5,-18,0,-10,24,-22,-8,16,0,-12,-2,10,-1,0,-1,-3,-25,9,-5,12,4,12,23,-9,8,20,2,15,10,8,17,20,-1,9,14,3,10,-6,20,25,12,18,-8,12,9,-24,28,20,-29,-8,-4,0,-5,-3,12,-2,-4,5,-13,-12,7,10,9,-27,3,-25,-7,10,4,20,5,-12,1,-2,15,-8,-6,16,-10,0,22,21,10,-2,31,6,13,5,-18,1,0,0,0,0,0,0,0,0,0,0,0,0,0,0,0,0,0,0
0,6,-3,1,13,10,5,37,18,18,20,-14,-4,14,0,29,7,-5,-14,11,-1,8,10,23,47,-1,12,5,9,21,18,-2,-11,8,3,-3,-2,29,6,0,18,27,3,-12,-36,-56,-14,-40,18,52,-26,-52,19,-17,45,-20,18,-19,-7,12,1,19,-6,-2,4,2,18,-2,8,21,17,20,-21,-12,-5,14,-25,-7,-2526,-2538,-2561,-2561,-2484,2546,2537,-2505,-2473,2227,-27869,-23088,-28045,-25567,-25020,25360,25068,-25319,-25037,24808,-24827,24810,-25087,-74,-7,8,0,18,38,-18,-32,0,-10,8,26,-34,-13,27,-17,31,42,1,2,17,-1,4,1,4,10,-2,-5,-7,-8,-11,6,5,-4,3,9,22,-24,9,22,-22,25,-9,-4,-8,14,18,-17,19,8,30,-1,13,-11,21,-9,18,15,4,-14,19,-39,14,-11,7,16,2,-6,-16,4,15,-17,-17,9,-11,4,-8,-15,-21,1,14,23,38,10,-14,-14,25,-18,14,-13,2,7,0,-14,-11,21,12,-10,-4,-12,14,8,-14,-16,10,-15,-4,-3,-8,-9,8,-2,12,20,7,18,22,-2,-9,5,-11,2,3,43,-9,-8,4,-12,29,-25,16,0,0,0,0,0,0,0,0,0,0,0,0,0,0,0,0,0,0
0,8,21,-4,13,6,12,6,20,14,5,4,-11,1,-2,-8,4,-9,3,6,5,24,28,-10,6,-4,-3,24,-10,-13,3,-4,-9,22,0,-5,15,20,-13,9,-4,1,-11,-3,-25,-18,9,-2,35,49,-23,-29,67,-40,88,-50,3,19,3,30,20,19,11,40,0,22,26,16,12,-14,-6,10,30,42,32,13,-10,8,-2545,-2565,-2539,-2527,-2509,2554,2480,-2562,-2521,2291,-27883,-23039,-28059,-25546,-25051,25288,25061,-25295,-25075,24829,-24835,24842,-25074,-110,-2,-8,4,11,-1,14,-11,36,18,22,-22,31,-5,0,5,-2,19,37,-35,19,-17,3,-29,32,-29,-19,31,42,21,-14,17,16,7,9,-11,-13,12,7,-8,6,16,-6,-8,-1,1,27,3,-19,-1,20,-7,-12,26,38,-14,-17,30,1,30,17,0,-1,1,-2,8,8,6,9,19,8,-16,7,27,9,-20,0,0,-29,4,14,-26,17,5,7,-5,-5,-3,-4,11,7,-4,-27,9,-6,11,1,8,4,3,1,-8,-20,6,19,-6,13,2,0,-13,25,2,-6,12,-8,0,-17,0,-2,32,-13,-1,-23,10,35,14,-2,0,-29,-1,8,0,0,0,0,0,0,0,0,0,0,0,0,0,0,0,0,0,0
-256,7,-27,6,-10,3,4,17,24,-2,-3,19,-3,-4,19,4,15,15,-3,30,-4,-30,-11,7,2,0,3,17,-6,-12,-16,16,-17,-8,-11,5,14,-1,7,11,27,-18,2,-35,-27,-42,-34,-16,24,38,-29,-34,50,-21,48,-30,10,0,-28,18,1,13,30,25,-4,15,-22,-15,3,29,-8,44,25,-33,8,35,-4,-19,-2538,-2554,-2536,-2524,-2505,2512,2486,-2480,-2474,2220,-27917,-23073,-28036,-25554,-25052,25327,25053,-25310,-25063,24828,-24810,24809,-25073,-93,2,46,1,-1,-7,5,-22,-22,17,36,-1,-16,8,26,16,24,-13,3,46,-14,-27,-5,39,-12,3,-44,4,-21,0,33,-3,-4,9,11,-8,-14,-11,11,-8,19,12,15,-35,-5,7,0,18,13,-23,-9,15,31,-8,-2,4,6,0,9,17,12,-10,17,37,16,-4,4,4,-5,23,5,16,8,14,4,-9,-2,-7,-2,30,19,21,32,18,3,-15,36,-2,7,0,5,-6,-8,5,-3,1,17,-5,19,10,0,3,-3,14,-3,2,21,28,7,0,-8,-15,-7,-19,-26,-12,12,21,-1,5,8,0,22,4,18,1,15,-30,-3,-23,-6,0,0,0,0,0,0,0,0,0,0,0,0,0,0,0,0,0,0
0,28,2,3,-17,-11,-31,-2,-22,29,-18,-12,-13,14,13,15,10,-24,15,22,-10,4,2,-3,-10,10,-12,-29,-1,16,-18,-16,27,-2,22,5,1,19,-17,9,12,27,18,-24,-47,-60,-13,-23,72,64,-45,-39,40,-7,53,-24,-19,-17,14,23,-25,-16,-9,-6,11,11,30,14,1,0,6,4,-9,-6,-14,26,-20,-33,-2524,-2567,-2580,-2543,-2499,2548,2538,-2563,-2514,2245,-27908,-23047,-28066,-25582,-25054,25317,25057,-25293,-25058,24824,-24796,24828,-25041,-138,16,-19,-10,-5,-5,13,17,-41,-29,-6,-15,33,7,20,-5,8,30,20,-17,2,-24,6,1,-22,5,34,20,-3,-8,20,35,35,-28,19,39,-9,-16,-14,18,6,7,-2,-22,4,-10,15,-19,-3,-11,8,7,7,9,-1,3,-2,7,6,25,12,17,3,19,25,33,15,5,1,12,2,16,3,16,6,-7,-2,6,-13,23,7,15,-3,17,5,-20,1,14,-21,0,20,7,12,-12,6,-13,35,14,11,-9,-22,28,16,16,14,8,8,34,5,-29,21,2,9,16,-1,-9,2,-8,21,16,4,36,-8,-15,18,-8,-9,-10,-3,-9,12,0,0,0,0,0,0,0,0,0,0,0,0,0,0,0,0,0,0
0,-16,-14,-5,-9,-9,-15,16,12,17,4,-23,4,6,-8,-19,2,-27,-7,18,10,24,-32,11,3,11,-23,24,33,16,-1,13,12,1,-1,8,26,-8,8,13,-1,-5,0,-64,-23,-53,-28,-13,26,29,-32,-19,16,-56,50,-24,12,-17,-7,20,-3,-33,-2,-2,-17,3,-27,13,-11,19,-16,24,-18,6,27,9,1,-52,-2545,-2535,-2570,-2560,-2529,2516,2511,-2537,-2523,2239,-27920,-23049,-28057,-25577,-25042,25326,25084,-25301,-25024,24819,-24855,24815,-25028,-145,24,-22,18,0,9,11,5,42,-1,-34,-31,-3,24,-11,-15,15,9,25,40,22,-28,-26,21,10,-8,26,-18,42,45,-10,6,47,-3,41,26,28,2,20,13,-8,27,11,28,4,1,-13,-11,-26,-22,-22,10,15,9,5,9,-3,28,2,7,9,-17,3,-13,-12,10,10,13,7,-16,22,0,12,5,24,6,21,-15,14,-10,12,-8,22,2,-1,3,-18,10,-4,0,18,18,30,6,10,5,3,9,19,10,-8,17,-7,-13,-15,3,8,-1,5,3,11,4,0,16,-7,-35,7,14,15,23,-5,-13,-23,-3,16,-2,27,11,12,-6,3,0,0,0,0,0,0,0,0,0,0,0,0,0,0,0,0,0,0
-256,-7,-2,3,11,32,10,1,-9,14,25,18,17,9,-5,14,14,-18,-13,16,22,-22,-8,-14,1,-6,19,16,-1,13,-17,5,4,13,12,29,14,-15,4,15,6,13,14,-22,-38,-43,-48,-10,77,54,-11,-59,57,-4,53,-26,18,8,6,10,-2,1,17,22,8,-8,-6,33,17,11,30,21,-10,-47,19,8,34,2,-2573,-2551,-2561,-2548,-2533,2525,2514,-2507,-2504,2253,-27880,-23097,-28041,-25575,-25050,25285,25077,-25327,-25069,24810,-24794,24815,-25045,-82,13,30,29,-7,4,-11,-2,-25,10,32,26,22,-10,8,-2,53,23,-14,17,20,10,18,45,6,19,-22,35,12,19,-23,9,-10,-15,3,7,-11,-18,6,-6,10,10,-2,6,20,-21,-19,12,20,6,-16,6,-15,-6,9,12,-20,12,18,-11,20,25,0,-26,16,-4,-2,-33,9,17,-4,-3,-11,-17,10,22,1,21,30,14,-4,-13,4,-2,2,-4,4,2,9,-2,-5,-19,-11,-14,28,2,-1,2,-2,21,18,1,7,-18,9,17,30,10,-2,10,1,-4,-2,2,9,5,-1,-7,2,-11,12,0,-18,8,-3,6,24,4,41,10,-8,0,0,0,0,0,0,0,0,0,0,0,0,0,0,0,0,0,0
-256,9,24,10,-33,16,1,-5,1,9,8,20,28,-4,14,-17,-28,8,14,5,19,-23,-8,4,0,-8,4,-12,-9,-1,4,1,5,-18,12,5,-6,1,-8,-39,12,3,0,-48,-48,-20,-55,-38,51,67,-23,-24,52,-21,61,-20,20,-2,-7,-4,23,0,4,-19,-23,15,12,40,-3,4,-9,-16,8,19,-22,19,-21,2,-2542,-2548,-2523,-2558,-2487,2541,2488,-2534,-2483,2222,-27909,-23056,-28012,-25567,-24999,25327,25046,-25262,-25088,24833,-24793,24828,-25091,-94,20,8,22,50,29,-5,38,27,41,-4,18,10,8,-27,72,1,11,-6,1,37,18,-7,-23,-21,10,16,34,-2,-32,23,-8,16,10,20,-31,-17,-5,-15,1,21,9,9,0,-11,-1,0,9,-3,-3,3,-8,-14,18,18,1,1,41,-6,1,18,12,4,9,2,10,7,-16,9,15,5,3,-1,-8,4,3,14,-9,20,-15,14,-4,18,-6,23,7,-26,24,-12,-4,8,3,5,42,-1,30,18,0,29,-27,9,-5,17,-5,33,12,10,7,15,-9,-25,2,17,13,9,4,14,15,18,7,-5,11,3,-10,17,-6,-3,11,9,7,30,0,0,0,0,0,0,0,0,0,0,0,0,0,0,0,0,0,0
-256,1,-3,20,27,32,10,-1,-15,5,-3,-1,29,16,9,6,2,2,21,15,-1,23,26,-2,25,14,-8,31,12,3,-1,4,14,-23,8,-8,9,-14,0,4,-10,-14,-20,-22,-26,-15,-11,-30,48,41,-32,-37,50,-52,29,-40,16,-5,1,-3,26,9,8,16,32,11,-6,10,21,2,-13,-1,18,34,20,25,-32,-26,-2515,-2541,-2536,-2524,-2494,2556,2505,-2522,-2456,2229,-27862,-23062,-28046,-25566,-25057,25326,24994,-25339,-25045,24869,-24800,24800,-25035,-104,-7,-18,15,-8,-39,-38,26,-11,-3,38,36,-3,-16,-22,-15,-34,1,-8,3,38,-6,41,25,28,42,34,32,23,-44,8,22,-7,13,-6,22,10,-3,-6,3,0,16,-5,20,-16,-12,-12,-4,24,8,1,-2,5,-14,3,-9,-22,20,39,32,4,8,0,-12,16,-9,1,22,8,9,24,0,2,-7,-3,8,-10,-2,0,16,-1,-8,-13,4,-5,-13,-2,1,13,24,-13,9,-7,2,-18,0,-21,15,14,35,-6,12,-8,8,7,-18,-14,-4,4,26,20,3,-3,-21,5,1,16,5,36,-25,-13,2,-12,19,-7,-6,17,-13,-9,-8,33,0,0,0,0,0,0,0,0,0,0,0,0,0,0,0,0,0,0
0,-8,5,7,0,2,-3,5,3,9,16,-7,16,18,37,0,40,11,10,28,11,8,8,4,10,6,10,7,-15,-3,1,-9,-2,7,-13,-9,5,35,-4,-3,-12,4,-24,-46,-16,-52,-22,-30,27,8,-34,-36,32,-38,41,-56,-12,-21,4,7,-16,-12,-11,-7,13,-9,3,7,6,-1,-10,30,1,-6,-15,10,6,-19,-2553,-2553,-2556,-2551,-2484,2537,2509,-2468,-2492,2222,-27867,-23079,-28014,-25531,-25023,25311,25050,-25315,-25085,24805,-24805,24830,-25065,-134,6,32,-22,48,-17,13,30,-30,24,25,-2,7,61,23,-34,20,8,-8,-38,8,-18,-3,-27,14,-2,-17,-1,27,16,43,-2,-5,-14,5,-13,1,55,-15,-7,-8,-8,1,10,10,-8,-3,12,-2,7,-4,9,-2,12,8,6,1,28,8,2,15,14,28,-3,11,-2,-3,-12,-5,-2,33,21,15,7,14,44,1,20,9,-11,13,-2,35,12,9,13,-18,2,24,-10,13,10,14,0,-5,18,-26,7,5,5,12,11,-19,-27,15,-19,-24,6,20,1,6,-1,-19,10,5,10,-7,4,-8,12,13,11,29,7,14,11,18,29,24,-10,10,0,0,0,0,0,0,0,0,0,0,0,0,0,0,0,0,0,0
0,1,12,-5,8,12,7,0,31,2,8,-7,-12,12,5,11,-18,-28,23,2,-3,7,9,-16,-2,19,27,1,-3,-3,10,14,28,3,11,26,-14,12,-11,-25,-16,8,-2,-41,-39,-59,-35,-49,31,29,-28,-35,47,-41,48,-37,28,11,31,17,10,-11,-7,-8,24,20,27,-2,32,-9,-5,-45,-14,10,21,-5,-5,9,-2542,-2523,-2539,-2562,-2493,2536,2535,-2564,-2470,2275,-27899,-23062,-28016,-25548,-25034,25332,25038,-25308,-25079,24843,-24807,24795,-25057,-93,-41,0,23,-4,-21,26,-24,17,-26,-1,-2,1,4,0,11,14,-1,25,-1,21,-20,13,4,32,30,-5,-20,-54,7,-18,15,-15,36,-35,-10,12,-25,-7,1,-8,29,14,16,-10,2,25,19,2,30,-8,16,-4,-10,-7,22,-8,-6,14,-2,4,3,0,12,27,5,9,3,-25,16,14,14,7,12,4,16,-10,2,5,6,7,15,-17,-14,-10,17,-5,2,-15,-3,-5,7,36,-17,4,3,-8,0,-10,-1,-22,12,7,7,8,8,27,19,-1,-17,6,6,10,-11,15,-26,10,-12,-11,5,19,1,3,19,17,12,14,1,-11,22,16,0,0,0,0,0,0,0,0,0,0,0,0,0,0,0,0,0,0
-256,17,17,9,19,6,-7,-2,1,4,-2,-17,6,6,8,-3,-13,22,-8,22,19,-4,25,-7,-5,-26,-8,-3,-7,-15,21,-2,-3,7,-4,-20,3,23,1,-20,-17,1,6,-57,-44,-34,-18,-26,44,45,-7,-35,48,-43,16,-39,29,-15,33,18,-30,10,-13,-14,12,4,-7,3,3,-7,8,-8,15,-8,-32,15,12,-17,-2553,-2542,-2539,-2568,-2496,2531,2505,-2516,-2495,2231,-27932,-23048,-28034,-25517,-25031,25323,25036,-25303,-25048,24829,-24824,24850,-25058,-125,-13,17,23,34,33,31,-8,2,-25,4,26,17,-22,12,25,-4,2,9,0,-22,-57,20,29,-41,-3,-26,-36,-14,16,-2,-22,22,34,7,46,22,2,15,-3,2,-15,22,-9,2,-3,-8,1,12,-22,12,-32,16,3,25,-5,-8,30,21,14,-13,10,17,29,-7,21,-6,-16,6,8,8,15,23,2,13,17,24,-2,-14,8,10,8,-3,20,8,-5,9,9,21,5,-5,9,19,-15,2,-8,-1,-2,18,-3,22,10,21,-4,2,-2,5,-7,30,27,-9,-2,31,-18,9,8,-2,23,22,21,12,-3,6,-8,38,-4,5,-10,8,18,11,0,0,0,0,0,0,0,0,0,0,0,0,0,0,0,0,0,0
0,0,-25,14,10,1,-9,-3,6,-14,5,19,23,0,9,32,8,-26,5,-13,-7,7,13,24,11,19,-15,7,9,15,20,8,2,19,15,2,-8,11,4,24,15,-22,-6,-23,-20,-57,-31,-35,38,30,-38,-20,51,-20,60,-66,-8,20,3,29,-17,-4,-18,2,4,5,2,-8,20,12,26,-18,30,6,29,-11,-27,0,-2546,-2566,-2559,-2557,-2514,2534,2531,-2519,-2502,2275,-27970,-23075,-28039,-25576,-25074,25316,25044,-25326,-25001,24838,-24786,24813,-25033,-101,7,-16,-37,17,41,-31,-23,36,23,44,5,31,11,-11,-4,64,50,33,16,-11,41,-28,37,-5,-16,-14,2,13,5,7,-33,13,37,0,3,-11,18,-13,1,4,-9,33,-9,-11,-8,-17,16,22,-6,12,4,-21,-3,-3,-2,12,16,4,10,-4,35,24,12,3,5,10,16,-17,1,-7,-10,1,1,-14,2,-5,-14,17,-6,11,4,7,0,9,-8,3,7,-18,-14,-5,25,-8,6,9,-2,34,28,-17,-6,8,-2,10,18,5,-10,-1,-14,6,-13,2,17,-5,33,26,15,2,-8,-9,4,7,22,12,16,-3,-5,8,6,13,-10,45,0,0,0,0,0,0,0,0,0,0,0,0,0,0,0,0,0,0
0,-8,0,-11,11,-13,5,5,19,21,-12,-14,23,-16,4,19,29,25,-25,13,-13,15,12,-4,4,-2,6,14,-8,-6,26,-3,10,13,-4,-20,5,2,5,-4,-19,-6,4,-40,-30,-10,-6,-40,13,49,-23,-16,64,-31,40,-4,21,-9,25,-13,4,-14,-24,16,12,-15,37,-27,-1,1,-6,15,-17,-10,-21,-10,-10,3,-2532,-2542,-2544,-2552,-2473,2502,2537,-2482,-2524,2219,-27915,-23070,-28064,-25530,-25049,25317,25043,-25295,-25046,24814,-24819,24809,-25075,-116,0,2,42,14,-21,-6,-9,4,6,-18,2,-19,39,48,12,-16,34,7,-22,31,7,4,10,10,-40,9,24,26,-32,62,-4,-41,-14,22,-14,-38,9,0,7,19,-9,13,-3,14,4,-25,15,10,17,16,29,12,-6,-1,-2,7,-10,0,22,-5,-28,-19,-33,11,12,16,4,22,10,11,8,-9,-30,-12,22,14,14,20,7,-4,31,12,-3,30,13,8,14,43,14,2,-27,-12,-13,3,-22,-20,7,-6,8,0,7,-9,-4,18,12,-7,32,17,11,27,3,-18,-6,26,3,25,21,12,23,-16,-1,-4,21,24,16,21,18,-3,-10,11,0,0,0,0,0,0,0,0,0,0,0,0,0,0,0,0,0,0
0,-20,0,-4,17,0,-6,13,8,-18,-26,3,-8,-17,20,11,7,7,-1,24,9,-6,-10,-7,-11,17,13,9,-8,16,-9,30,1,3,-7,15,-6,-1,10,-24,5,-5,-11,-30,-36,-37,-42,-46,65,37,-51,-40,43,-21,40,-55,15,20,9,22,29,-3,5,-10,23,-15,32,21,-11,4,22,-6,27,-43,4,-1,20,20,-2525,-2539,-2536,-2557,-2515,2500,2506,-2501,-2493,2243,-27898,-23048,-28063,-25608,-25067,25324,25033,-25283,-25077,24809,-24810,24816,-25073,-119,1,4,25,28,0,-22,-38,24,-18,11,9,-3,6,0,11,5,12,26,-19,0,1,-32,-2,-16,11,26,-25,-13,-18,-16,-6,-18,-11,38,-14,11,-1,38,-2,21,8,3,-15,-24,2,-10,9,-6,5,-11,34,-18,8,-10,11,-1,19,5,4,1,10,-6,16,5,-3,7,28,-22,5,9,-4,16,-13,-8,-12,-5,3,15,8,11,29,10,5,10,18,8,1,6,4,-5,12,-16,-4,-19,-18,18,6,-21,16,-3,-13,-11,3,2,-5,-4,13,1,5,4,-20,10,3,-6,-3,-20,-3,2,-7,11,-5,1,11,1,-11,-3,9,-1,20,-28,0,0,0,0,0,0,0,0,0,0,0,0,0,0,0,0,0,0
-256,17,14,11,-3,-10,2,31,6,4,-32,21,25,15,-2,14,22,-21,10,7,-5,-23,37,4,30,12,-10,-19,-6,9,19,4,8,34,0,16,-7,-5,-5,-2,-3,36,8,-30,-28,-38,-36,-34,43,41,-48,-12,21,-57,62,-30,-10,-8,24,-4,21,37,11,6,-16,2,4,-5,-18,-2,6,6,3,4,-23,-3,3,-35,-2526,-2563,-2551,-2537,-2474,2559,2511,-2543,-2493,2258,-27890,-23037,-28004,-25533,-25052,25305,25091,-25263,-25002,24849,-24812,24774,-25071,-101,-8,2,23,-11,2,8,-13,18,1,-10,4,5,-3,-24,13,9,4,9,78,34,44,28,-7,-20,1,-3,-46,-26,17,-18,17,-19,16,-22,6,10,2,-14,18,22,6,5,-4,4,5,29,57,27,-1,0,5,3,15,13,7,20,-27,19,21,-8,40,5,-6,5,19,2,-33,2,3,9,5,28,-11,8,11,4,9,-4,-3,19,20,22,4,37,10,-6,6,2,22,10,12,-16,-25,-5,8,1,13,2,16,12,21,7,2,0,13,21,5,-27,19,-6,-11,7,7,9,7,-12,7,17,0,19,36,3,-12,5,15,29,0,10,2,-12,0,0,0,0,0,0,0,0,0,0,0,0,0,0,0,0,0,0
-256,-2,20,1,2,27,-14,-6,14,2,-11,-11,9,-6,10,32,19,-3,-3,-11,0,4,31,3,33,-5,9,-20,-16,14,-5,13,0,11,14,6,-6,-8,-2,-7,9,-3,-26,-59,-44,-20,-45,-43,47,45,-7,-7,56,-32,54,-43,8,9,10,-4,7,32,22,2,2,-8,0,-7,13,0,20,-7,-4,13,3,-16,23,-21,-2539,-2557,-2532,-2547,-2524,2503,2528,-2546,-2525,2253,-27872,-23037,-28082,-25564,-25049,25337,25080,-25275,-25013,24847,-24844,24812,-25050,-122,7,-23,9,8,2,33,-30,23,-20,7,-27,-9,12,37,42,28,23,8,24,13,-33,0,27,2,17,20,26,24,12,-16,18,23,-42,-4,5,3,14,-6,10,-4,13,-14,10,16,10,-20,-3,-4,1,-15,40,8,0,-2,-10,-4,22,12,-3,34,9,6,4,7,-4,9,-9,5,-20,-8,38,17,-12,4,-17,2,9,7,-8,40,6,39,6,31,10,13,15,-6,23,9,16,-1,-15,14,16,33,16,3,0,7,-4,-1,-8,3,14,4,-1,22,-4,29,-16,11,20,-11,-20,8,2,-2,26,-3,-4,9,-28,-1,-10,-24,10,25,3,3,0,0,0,0,0,0,0,0,0,0,0,0,0,0,0,0,0,0
0,18,32,25,4,19,22,-21,20,-1,3,26,7,40,-5,2,-27,-9,34,-3,6,-7,4,-17,-23,11,14,-9,12,-8,29,26,34,9,-10,18,3,5,22,0,14,-18,6,-27,-55,-43,-45,-30,52,41,-18,-48,41,-29,44,-39,7,-22,-9,13,3,13,-7,10,27,-15,-8,-9,-5,-5,5,-15,-37,17,-23,5,7,-29,-2524,-2546,-2576,-2548,-2481,2527,2519,-2547,-2500,2263,-27908,-23045,-28049,-25535,-25011,25310,25063,-25292,-25028,24826,-24844,24833,-25095,-98,22,6,52,40,-18,38,-50,17,9,42,13,27,22,-19,14,26,-15,-26,-1,-10,42,24,3,-1,27,48,5,24,-16,24,18,1,-14,-30,16,39,45,-5,10,-4,-29,-8,17,6,6,2,12,31,-36,9,1,18,-9,1,-12,9,10,29,10,14,-17,24,24,-2,3,-9,0,-7,1,-3,8,-13,6,23,23,1,15,3,-16,-5,2,-15,13,5,13,-10,22,0,15,18,22,9,-21,-3,-6,-33,-13,-10,16,4,-4,-3,18,3,5,-13,-3,19,12,-4,-5,-1,14,10,-7,22,20,11,-5,-12,29,3,-6,32,-3,-1,-19,-21,8,-3,0,0,0,0,0,0,0,0,0,0,0,0,0,0,0,0,0,0
-256,27,8,18,-13,-18,-23,31,18,-3,13,1,6,12,0,11,12,21,-15,7,2,27,-19,-5,-2,-12,22,17,19,14,-2,29,0,15,15,12,14,-13,22,-10,-12,8,-19,-33,-30,-42,-31,-1,60,51,-34,-52,73,-10,20,-22,11,5,2,-6,-8,8,25,36,-4,-6,-9,23,-3,-12,-3,-13,-1,1,5,-10,9,-27,-2541,-2546,-2570,-2550,-2545,2512,2481,-2563,-2491,2232,-27921,-23084,-28057,-25528,-25025,25274,25019,-25302,-25068,24852,-24809,24810,-25089,-101,21,12,58,13,50,-33,5,10,3,-40,11,21,1,-4,-19,-18,-43,15,31,6,-13,-52,-11,11,-11,45,1,19,30,-11,24,22,-2,-6,6,3,25,7,30,-7,14,-25,17,20,3,-16,16,-15,-23,-7,17,29,15,-2,19,-7,9,7,6,-3,-4,-7,18,-11,-7,-3,10,-14,-21,-8,14,35,2,-7,12,-1,8,11,8,-8,15,19,21,-3,5,-4,-15,16,-7,2,-3,-15,6,34,-33,8,17,-12,-11,-17,17,26,21,-5,-19,-7,-2,-7,-17,1,20,15,21,17,34,-1,4,18,6,-4,-2,-4,2,-2,21,8,-11,-10,5,0,0,0,0,0,0,0,0,0,0,0,0,0,0,0,0,0,0,0
0,6,0,-6,33,18,-19,24,1,-11,13,20,-14,-1,-10,9,-7,21,11,-4,-13,11,-9,-8,6,-20,-22,-3,-1,30,-17,15,8,9,8,23,-8,1,2,3,3,-6,3,-21,-34,-80,-36,-33,47,48,-42,-41,34,-17,47,-39,-29,24,24,-5,-18,7,-8,-3,-10,7,-10,2,13,22,38,-20,-3,18,-8,16,18,4,-2528,-2539,-2553,-2568,-2506,2539,2513,-2537,-2474,2252,-27933,-23019,-28048,-25516,-25081,25303,25042,-25312,-25069,24812,-24873,24842,-25099,-94,13,6,-4,21,-16,30,-19,-41,-27,-17,6,5,23,36,7,20,14,50,9,0,-21,-29,-12,0,18,3,3,-14,-3,26,38,-16,31,11,8,31,-9,-32,45,22,15,1,-17,24,-11,15,27,36,15,5,-12,-7,-9,-3,4,11,37,-3,5,1,-5,1,6,2,-25,-3,7,6,27,2,-11,2,7,24,4,-6,-25,-3,16,-5,-21,8,11,-8,-9,-11,-16,4,13,-7,-5,10,2,7,2,11,31,1,11,-14,12,-9,4,16,14,3,16,-1,0,17,2,-2,-19,21,-4,11,9,-12,11,9,-16,-12,-7,-13,-10,-11,14,-16,-13,-6,0,0,0,0,0,0,0,0,0,0,0,0,0,0,0,0,0,0
0,-31,13,-26,-16,4,29,1,-11,14,9,0,-18,-3,0,-23,-5,-6,2,8,18,5,11,-25,0,-4,28,7,-31,4,1,23,5,21,-8,12,-4,-9,-25,-13,11,19,-6,-50,-13,-26,-39,-32,57,55,-35,-37,32,-26,35,-56,6,19,-18,10,-8,4,6,-7,22,14,-10,25,-14,-11,-4,21,-20,42,14,9,41,3,-2539,-2570,-2522,-2545,-2479,2502,2528,-2532,-2500,2238,-27925,-23096,-28071,-25560,-25025,25320,25053,-25297,-25073,24834,-24854,24818,-25090,-102,-13,-8,43,18,26,-18,26,-60,-32,-13,-1,-11,-43,30,0,-5,-6,5,-7,-32,20,14,27,22,-25,-42,27,-23,-5,9,-10,-17,34,12,25,-7,8,42,-34,-1,-6,35,0,-9,-19,8,18,5,1,-11,-25,25,25,2,16,-3,-14,1,19,16,27,-25,-17,-13,3,17,15,33,-7,12,-11,1,-2,11,-9,-4,6,13,-6,10,0,-13,-14,-20,-20,20,2,-1,3,12,-9,-3,-7,-15,4,-15,-4,41,-5,9,0,-7,-19,8,18,10,-17,-6,5,3,-15,-7,9,9,-24,3,38,18,36,-21,-6,2,-1,27,13,-7,-10,-3,12,-18,0,0,0,0,0,0,0,0,0,0,0,0,0,0,0,0,0,0
-256,-15,-25,17,9,10,29,26,16,10,-7,33,7,-21,15,22,-7,9,17,9,-3,-12,-8,2,10,-18,-10,6,7,-5,6,7,21,-4,-4,4,33,2,7,11,14,7,23,-22,-32,-26,-51,-28,38,32,-5,-33,37,-23,40,-28,-8,13,21,5,-33,7,13,-12,3,10,0,-17,15,-16,26,-3,-19,-9,-12,-10,3,-23,-2514,-2542,-2554,-2531,-2498,2535,2521,-2510,-2527,2229,-27899,-23052,-28060,-25526,-25041,25341,25021,-25331,-25053,24802,-24825,24794,-25049,-108,-6,14,25,-8,-14,-2,7,33,16,18,-11,15,-43,25,7,36,32,31,3,30,-10,-45,-32,3,6,-2,9,31,19,-28,20,2,15,-6,3,-16,6,-13,25,24,9,34,9,13,14,12,12,-16,20,9,4,14,16,7,8,17,-14,13,16,-9,16,2,8,-1,8,-28,-8,9,9,-6,10,22,-2,-13,21,2,8,12,8,8,-6,9,0,5,15,13,-1,2,23,14,18,14,7,-20,3,-10,18,27,34,9,-9,-12,-5,21,8,24,-4,6,-8,3,19,20,46,0,1,12,-5,-3,2,-12,-17,-11,16,2,-8,9,0,16,11,35,0,0,0,0,0,0,0,0,0,0,0,0,0,0,0,0,0,0
0,-6,-15,-16,17,-12,-9,-16,17,7,35,-9,8,13,-3,-15,-15,-4,-2,-1,3,32,-2,-13,18,-1,-10,3,-8,2,-6,-8,-3,9,3,23,1,-9,17,13,-5,-6,15,-20,-2,-33,9,-5,30,41,-57,-27,31,-10,19,-55,2,16,25,48,-10,11,-1,27,-12,13,-12,14,18,11,14,38,15,-24,40,7,-37,-41,-2555,-2546,-2538,-2538,-2496,2533,2535,-2528,-2486,2236,-27898,-23062,-28049,-25550,-25032,25301,25053,-25316,-25039,24834,-24831,24836,-25073,-93,39,25,-29,16,22,-4,49,-8,-47,30,18,-15,19,23,-20,13,-9,23,9,12,-5,21,14,7,-22,49,-10,40,7,-11,53,37,-11,-33,-4,1,-7,16,12,19,0,-3,21,32,1,21,19,10,15,-14,13,30,7,-14,21,10,12,2,-19,9,-16,-7,12,14,0,0,19,8,-14,21,25,2,17,15,-8,-10,16,12,-3,-14,-17,34,-30,-5,2,22,13,-1,32,-6,-2,6,-8,-13,9,11,13,-18,-5,-3,-9,-19,-28,-3,-13,10,19,26,-5,3,-6,-4,21,30,13,31,-7,22,-12,-6,16,22,2,-1,19,-1,4,-3,5,3,0,0,0,0,0,0,0,0,0,0,0,0,0,0,0,0,0,0
0,34,-10,13,-13,15,-12,17,-5,16,-1,19,-2,13,-11,1,18,-4,4,3,24,5,-4,13,19,2,12,24,-8,-13,28,-4,18,-11,-12,10,13,23,-12,21,20,4,-16,-36,-51,-53,-37,-48,79,62,-24,-18,48,-37,15,-16,29,15,2,27,13,4,1,22,-1,5,-11,20,19,21,-4,4,-19,-1,14,13,-29,7,-2538,-2528,-2533,-2560,-2487,2548,2500,-2539,-2480,2222,-27894,-23041,-28038,-25562,-25041,25326,25072,-25312,-25052,24853,-24837,24807,-25013,-103,-31,19,29,16,13,-13,-2,-8,-15,10,8,-3,4,-41,12,-18,-9,29,-27,-35,28,-24,2,-24,1,22,-22,-21,9,-20,5,9,-36,-19,57,-37,1,21,7,26,-13,-8,-6,19,-18,2,-13,-8,3,-1,-9,10,5,8,8,-12,-2,1,-2,10,22,7,-7,7,-15,12,14,-14,14,8,-5,6,13,25,9,-2,27,4,-6,-1,-7,4,-7,20,6,-21,-2,12,11,-11,3,4,17,17,10,-3,7,-3,9,-24,2,53,4,-13,-20,-21,15,5,-14,-25,17,0,9,24,15,3,33,8,27,27,-6,-1,1,13,18,-11,34,-2,-3,-17,0,0,0,0,0,0,0,0,0,0,0,0,0,0,0,0,0,0
0,15,-11,7,-1,22,7,14,-31,24,17,-6,8,7,20,-3,-2,1,5,-2,3,15,-2,-1,2,25,24,22,20,9,-11,20,24,4,0,-3,7,2,7,7,9,26,16,-16,-15,-54,-51,-46,26,51,-9,-26,36,-38,38,-63,26,1,13,-7,6,21,-2,-12,-5,5,7,-8,16,33,24,3,35,-29,-12,14,4,-18,-2536,-2568,-2543,-2560,-2497,2529,2504,-2507,-2513,2267,-27903,-23052,-28103,-25577,-25057,25311,25044,-25293,-25029,24779,-24813,24855,-25073,-101,-17,22,-30,55,3,34,5,27,26,22,-10,45,23,-16,26,35,11,33,25,-24,13,-2,-8,41,5,5,27,-6,-5,1,20,14,-55,-9,12,-4,-5,-16,30,-10,10,-4,26,18,26,3,2,2,15,1,4,12,5,4,16,5,25,30,9,-5,23,15,-3,17,0,5,7,-5,10,-2,12,19,-32,4,18,-3,48,15,12,-5,2,0,8,10,8,5,6,10,15,-23,1,11,4,0,9,-3,-4,-3,7,21,-13,1,3,-5,1,12,16,4,-8,18,17,3,5,-21,3,8,-9,13,-1,12,11,-27,32,23,-3,2,-9,0,9,-24,0,0,0,0,0,0,0,0,0,0,0,0,0,0,0,0,0,0
0,1,-17,16,-1,2,10,13,-4,5,16,-7,14,-4,-3,-4,-17,-15,-4,-4,4,12,18,1,15,-5,-2,0,-3,-3,-4,11,-7,6,-8,-3,19,5,13,-7,-9,-21,-19,-15,-82,-16,-3,-32,46,42,-11,-22,40,-30,24,-4,-32,3,-5,1,-11,-7,15,8,1,-8,19,7,-1,-23,9,-22,0,1,-13,23,6,-37,-2559,-2551,-2565,-2551,-2501,2530,2511,-2543,-2476,2210,-27906,-23081,-28059,-25544,-25077,25284,25050,-25301,-25025,24822,-24798,24817,-25090,-94,8,-9,28,16,-5,41,-17,48,6,10,14,-10,48,-11,-5,18,10,-20,11,20,36,6,26,-5,-6,11,43,72,29,21,2,23,-40,10,-33,16,36,-2,-28,-20,21,-26,-21,13,5,-10,-2,30,11,38,6,-17,12,-3,-27,38,-2,11,-2,5,6,-5,11,-11,10,-18,20,5,-5,-21,9,-5,1,-4,11,-5,-1,16,13,5,-16,1,-1,-7,14,-2,-3,3,13,-11,3,-5,-22,1,-25,6,7,3,-5,0,5,12,19,-11,0,-4,-14,4,-11,27,12,-16,-3,10,-26,11,-7,4,-4,17,10,-10,-23,-5,10,9,14,20,-3,6,0,0,0,0,0,0,0,0,0,0,0,0,0,0,0,0,0,0
-256,17,27,0,7,20,5,-5,5,-9,-3,0,25,8,-1,6,18,-5,15,-17,-16,-23,5,1,-2,7,24,-4,39,18,10,3,12,8,23,20,-7,25,13,14,13,-8,23,-23,-36,-40,-10,-39,63,62,-26,-26,52,-53,34,-34,11,-4,6,1,-6,2,6,35,5,3,23,-14,43,1,11,6,10,24,-13,-8,12,-40,-2547,-2535,-2535,-2519,-2485,2549,2525,-2550,-2526,2229,-27916,-23032,-28072,-25566,-25063,25329,25046,-25334,-25050,24820,-24799,24796,-25078,-95,5,12,-1,36,9,2,-33,-34,41,-48,23,21,-4,1,7,-33,10,13,16,-21,-20,0,11,12,3,7,-14,9,1,-4,5,-13,39,14,-24,-23,19,-1,-1,-2,22,-1,4,3,-12,-21,-11,1,27,-20,21,1,8,5,7,14,-4,25,2,-14,-11,-4,2,8,-6,-19,9,9,-19,17,-32,-7,-13,23,14,14,-3,13,-1,-5,29,-13,-10,13,13,4,12,9,-8,14,-9,-1,41,-14,18,-2,8,-5,-2,-27,33,-6,-21,-5,5,0,21,22,7,4,16,0,1,2,15,-3,-22,-2,21,7,19,-15,22,15,6,32,-4,4,-33,-23,0,0,0,0,0,0,0,0,0,0,0,0,0,0,0,0,0,0
0,2,-10,2,-1,-7,10,-3,34,4,0,10,3,14,-10,23,14,14,-10,4,-7,24,18,4,7,4,13,38,1,25,4,46,-2,16,1,17,-4,-9,-16,23,-2,14,5,-52,-47,-10,-40,-27,41,51,-29,-22,55,-48,21,-51,17,-5,18,-11,10,-20,-15,30,-1,9,4,25,-4,-11,-7,-1,7,12,11,-23,11,0,-2566,-2571,-2540,-2563,-2479,2548,2474,-2558,-2500,2256,-27922,-23041,-28053,-25540,-25038,25328,25057,-25293,-25031,24786,-24820,24821,-25075,-103,-14,-57,20,-44,-16,-2,-30,-36,-51,-6,29,-28,-14,6,15,22,33,41,11,7,19,6,-8,8,-10,23,0,25,-9,15,-14,-27,-6,28,19,-10,26,-15,-2,-7,-14,19,13,-15,-23,-11,-4,33,-14,11,1,-28,4,7,-9,2,-2,13,26,20,-3,7,-25,-6,18,-1,5,-3,-2,0,1,16,-5,-8,1,-14,8,-14,2,6,4,29,14,17,14,-11,-17,16,22,-25,21,-5,-13,-10,14,-7,0,-13,5,17,3,-8,1,-9,34,4,-21,-23,6,17,-22,28,-15,23,24,-2,12,0,-19,3,12,-5,14,34,15,32,5,2,-35,16,0,0,0,0,0,0,0,0,0,0,0,0,0,0,0,0,0,0
-256,21,-18,14,11,10,7,-18,1,22,0,21,15,-10,-3,16,26,26,1,-10,10,22,1,14,-14,-9,-3,2,-21,4,13,6,7,3,6,-2,-25,-7,14,-7,5,25,29,-29,-34,-6,-19,-25,57,55,-43,-49,28,-15,59,-51,28,5,0,-21,1,37,5,-4,22,5,-1,0,-11,19,12,-31,-20,1,37,21,-1,-41,-2548,-2551,-2547,-2566,-2535,2583,2489,-2562,-2476,2223,-27886,-23061,-28043,-25525,-25023,25331,25063,-25312,-25029,24835,-24839,24806,-25049,-114,-9,-14,18,2,-46,16,10,13,-58,-28,-16,-24,-33,13,-63,-1,-24,1,19,16,6,5,-23,33,33,29,15,-25,-26,1,-43,-4,11,-24,-33,18,-10,11,27,20,-4,-7,2,21,-3,-16,4,10,-4,15,23,-26,22,5,30,22,13,13,-3,9,11,7,16,-17,-7,16,9,12,15,17,15,4,2,-18,13,7,16,19,-19,10,20,29,6,-4,11,8,-10,-13,-1,-2,11,13,21,12,5,1,21,-5,23,24,7,26,6,11,-25,9,3,-8,6,-8,2,20,4,7,-4,26,11,-4,-9,-15,17,1,12,3,-10,-13,10,26,9,-17,0,0,0,0,0,0,0,0,0,0,0,0,0,0,0,0,0,0
0,-3,17,-10,-23,-21,-8,37,12,6,0,-6,13,-12,7,12,3,9,6,4,0,-4,-9,-7,23,-3,35,10,0,-8,7,-17,4,16,-6,3,7,15,7,-11,6,-5,-27,-30,-66,-21,-44,-41,41,30,-54,-51,36,-18,48,-44,45,43,-2,12,-7,6,-4,8,4,5,-4,18,5,-1,9,3,1,-24,-9,11,22,17,-2537,-2540,-2535,-2570,-2511,2557,2513,-2525,-2507,2239,-27908,-23062,-28028,-25550,-25034,25309,25045,-25305,-25040,24808,-24769,24808,-25062,-129,-5,12,-13,4,10,-46,-22,-34,-30,-28,0,8,15,41,-3,16,-17,8,25,19,46,0,38,-8,-14,6,3,11,27,13,11,25,21,6,31,-14,-66,-15,-21,-6,24,-6,-9,18,-6,-8,8,-16,-6,7,0,-9,5,-14,2,19,-24,20,7,12,15,-2,-17,4,11,-18,18,7,14,6,4,-19,17,-7,-5,-10,-22,16,8,12,-10,10,25,-20,-9,14,36,13,16,7,-5,9,3,15,1,22,13,-9,-1,3,4,-3,-15,6,3,-21,-13,-10,0,0,-5,2,21,-12,-25,-28,12,28,33,-3,20,-12,-3,19,1,3,-10,6,-7,13,0,0,0,0,0,0,0,0,0,0,0,0,0,0,0,0,0,0
0,24,-5,-17,-3,-6,-10,22,-28,8,-2,3,1,20,7,-6,20,10,-5,13,6,-5,5,14,4,-7,17,8,6,-24,9,8,4,-7,-5,-13,-9,10,-35,-7,-22,1,25,-60,-33,-43,-54,-9,33,42,-29,-11,28,-86,53,-34,-12,15,-16,-26,-26,28,6,16,11,7,-7,-14,42,-12,9,4,-17,9,-8,6,24,-25,-2545,-2564,-2551,-2521,-2510,2534,2513,-2501,-2510,2196,-27912,-23067,-28048,-25563,-25059,25319,25061,-25290,-25072,24825,-24803,24813,-25061,-117,46,5,-23,-17,17,-9,-56,-19,6,39,12,7,-11,-17,-8,-27,48,47,-6,22,-5,-25,-23,22,-10,19,15,-26,-30,8,52,-6,6,-18,-11,32,-14,-8,-3,-21,15,10,-5,-24,-4,12,-12,-14,11,12,-5,17,43,-4,48,-6,16,-11,-1,9,7,-4,-10,-19,8,11,-6,1,-11,25,14,0,15,-13,25,-15,2,4,-10,13,11,1,3,2,-20,-8,2,25,3,17,-3,27,16,18,15,8,1,20,-1,3,4,-4,5,-5,-18,14,-6,-16,7,-1,16,-7,37,-2,21,-8,18,8,5,-5,13,35,10,-6,26,12,6,4,17,-8,0,0,0,0,0,0,0,0,0,0,0,0,0,0,0,0,0,0
-256,16,8,12,15,6,-19,10,-11,16,-1,25,-10,14,10,-11,1,17,7,10,3,23,14,-6,-5,-4,17,0,-28,-5,6,12,2,-11,15,2,-3,36,-17,-5,16,-15,21,-51,-48,-26,-38,-52,49,46,-17,-20,31,-17,8,-14,-5,1,7,-33,-19,8,4,8,23,-6,26,9,-5,13,33,21,10,7,-12,-29,19,-17,-2523,-2571,-2549,-2569,-2528,2534,2487,-2524,-2481,2206,-27920,-23070,-28018,-25574,-25036,25312,25021,-25294,-25030,24838,-24820,24789,-25065,-108,-63,11,-3,21,-51,21,-32,22,-29,-1,6,34,25,9,-3,-4,-4,-10,-33,22,-3,1,-44,-17,-16,9,17,-16,-3,-4,3,-25,4,-5,25,-1,-33,-24,-14,10,11,-25,12,36,15,24,2,30,12,-6,-2,18,30,-10,7,15,17,0,7,8,-4,-9,-26,-1,31,12,26,17,-26,4,-6,29,-13,6,31,17,-2,-12,13,14,-1,-2,18,13,23,6,-3,9,-1,-19,3,1,11,5,7,2,-22,35,-4,19,16,12,-12,-19,12,10,30,-21,9,-3,-21,8,29,9,9,-14,-18,-18,-11,-8,10,9,6,1,18,17,-3,11,4,1,0,0,0,0,0,0,0,0,0,0,0,0,0,0,0,0,0,0
-256,-13,22,-4,7,6,-13,-12,-4,9,1,12,0,3,-1,23,3,-11,5,18,-10,-22,-6,23,17,-3,-1,9,24,-19,-8,-4,19,18,20,18,-2,11,-11,17,-10,-8,-9,-4,-37,-56,-42,-48,40,45,-25,-12,35,-52,6,-32,-10,-2,-3,8,6,-5,0,23,15,14,-30,-1,6,35,-15,-18,17,50,-12,-11,42,-3,-2518,-2591,-2554,-2542,-2487,2505,2489,-2551,-2511,2237,-27870,-23039,-28077,-25557,-25014,25301,25065,-25324,-25079,24831,-24820,24863,-25101,-131,-6,18,-21,-42,8,20,15,3,-30,-25,22,35,11,-21,12,27,7,-2,9,-19,-22,30,-30,9,-6,4,11,-37,3,-17,-23,51,8,-2,-25,18,-30,14,-11,2,-5,-21,-4,9,-11,1,3,13,30,-23,-3,6,8,-1,25,32,-15,23,14,0,10,-3,-24,7,-12,10,18,-4,1,0,-17,-16,15,-11,31,-24,-12,15,4,5,-5,8,7,7,0,12,-26,-10,7,6,-8,13,13,3,10,-4,11,-7,33,-10,-3,10,6,23,-7,-6,4,-7,-10,4,1,10,34,10,-4,8,-3,-7,1,-1,-41,-11,6,11,-13,1,-11,8,-11,13,0,0,0,0,0,0,0,0,0,0,0,0,0,0,0,0,0,0
-256,12,17,34,16,15,-11,9,-6,-4,0,-8,20,10,13,-8,17,-15,-16,-3,4,4,-29,23,13,-16,-5,7,8,4,4,20,4,-1,28,-15,20,-26,-30,-6,11,-6,16,-37,-30,-31,-63,-19,16,50,-20,-47,40,-29,41,-16,-7,19,8,19,24,5,6,3,27,-33,37,1,-25,4,-11,10,13,34,-16,3,24,-22,-2545,-2552,-2546,-2544,-2506,2531,2516,-2487,-2528,2224,-27891,-23075,-28041,-25577,-25034,25351,25034,-25329,-25078,24824,-24787,24823,-25085,-99,-10,-20,24,-30,7,24,-13,-12,16,13,-39,-36,3,9,23,27,4,-10,7,3,-10,-43,-20,17,15,29,14,14,41,18,3,40,-18,-29,-8,-22,-11,-7,2,13,-18,-31,16,17,-1,-4,8,8,-7,10,-5,-15,-10,20,-28,-3,4,-8,13,3,22,12,-19,-17,-4,-19,5,33,-3,-14,22,-9,-4,28,-2,9,2,8,-5,3,-19,22,15,-9,-30,-25,19,10,46,-4,1,8,8,5,-12,-13,0,3,-20,11,-20,27,34,5,-18,13,-12,36,19,18,19,-8,6,-7,4,2,13,4,-10,10,1,10,19,-1,26,16,-29,7,18,18,0,0,0,0,0,0,0,0,0,0,0,0,0,0,0,0,0,0
-256,26,-27,24,11,4,-9,20,-8,6,21,-3,3,-1,-7,18,9,-4,24,1,-3,-2,9,-4,-11,-15,-7,29,-14,-2,-4,-21,22,13,0,11,8,11,8,21,11,1,14,-32,-15,-29,-28,-56,53,35,-30,-28,42,-45,59,-53,-8,11,11,8,18,-12,11,9,9,5,-16,18,-11,7,35,46,-4,14,-5,34,-9,-47,-2548,-2508,-2572,-2552,-2485,2541,2517,-2528,-2521,2224,-27911,-23064,-28025,-25568,-25018,25333,25048,-25297,-25057,24819,-24768,24792,-25053,-91,-3,55,5,8,-47,-3,6,-30,3,13,24,2,3,17,19,1,13,27,-2,7,22,12,-34,-5,11,23,-13,54,-22,9,48,-20,9,8,-4,-5,12,-1,2,9,6,24,-11,-5,-12,19,13,-3,29,1,-1,13,-10,-14,9,-18,1,29,2,-10,0,6,-20,-8,-7,23,0,20,5,12,3,23,-3,-13,-16,5,-8,14,13,-11,-2,-32,16,2,-22,-3,4,38,11,21,14,-13,10,-24,-4,9,6,-10,-6,12,-4,7,-6,5,25,-14,6,16,-14,-24,17,5,3,21,16,-2,0,13,-30,50,16,9,-17,2,-2,30,8,-4,36,-16,0,0,0,0,0,0,0,0,0,0,0,0,0,0,0,0,0,0
0,7,-19,-4,-21,-3,26,6,11,-2,-31,-13,11,18,24,-22,10,-11,-11,29,-3,8,-3,-23,-19,-7,-1,17,-4,-5,14,17,13,-16,-4,8,-3,28,14,14,-20,-15,4,-53,-72,-40,-52,-21,18,32,-27,-37,31,-9,55,-55,2,14,13,9,6,-21,14,37,1,-21,11,-11,12,10,10,-5,-11,18,29,34,17,-7,-2539,-2562,-2554,-2572,-2533,2552,2488,-2502,-2505,2266,-27898,-23095,-28019,-25514,-25049,25296,25028,-25306,-25053,24827,-24829,24834,-25084,-72,-16,18,30,29,35,28,20,-44,24,29,7,-1,-8,36,18,-12,-4,2,-39,-30,-21,10,14,-16,-27,-8,8,-19,15,30,-3,18,1,20,-3,-6,-22,-27,3,5,-24,4,-25,-2,19,-28,-23,-14,-17,11,0,-1,-4,-11,-4,2,17,-2,32,-2,-19,-4,21,5,-4,40,1,5,14,17,-2,-3,22,-11,-14,13,-1,-5,20,12,12,9,5,7,11,31,19,4,-6,-23,5,22,6,-3,25,-5,5,19,-18,11,-7,6,25,1,23,21,36,-7,-20,-7,-9,-8,14,-12,24,-9,0,-6,4,25,-13,-7,-3,3,36,14,11,1,-1,20,0,0,0,0,0,0,0,0,0,0,0,0,0,0,0,0,0,0
0,17,-5,21,0,-12,5,-6,11,2,9,15,4,13,-18,2,1,-2,-17,-24,-23,13,13,18,4,-19,-10,24,-14,14,-4,-11,-10,6,23,-6,-8,-1,2,-29,20,2,4,-13,-35,-24,-26,-45,30,35,-28,-15,54,-26,62,-45,11,28,-6,-18,21,21,9,13,1,13,4,5,25,-11,-4,22,-22,23,22,3,36,-22,-2543,-2555,-2541,-2560,-2518,2531,2516,-2529,-2543,2227,-27870,-23059,-28051,-25580,-25039,25362,25078,-25286,-25056,24853,-24805,24818,-25065,-119,11,-5,3,30,-6,-9,5,-7,6,21,7,3,16,19,-1,6,6,8,29,29,3,-45,16,14,35,0,9,1,-11,15,7,2,-21,3,1,3,0,6,23,-5,16,6,-14,-9,6,-6,3,-6,-25,12,15,12,-3,-15,-28,9,24,-23,10,18,-2,30,2,-1,8,9,15,-13,22,21,10,2,9,16,1,3,7,11,-14,24,-3,-5,-5,8,3,6,-12,1,-1,-12,32,-10,11,16,-13,-11,38,0,5,22,0,-1,-1,-22,4,-7,15,18,23,-20,-9,-15,3,0,13,12,14,16,7,-7,8,9,-19,8,3,0,-12,-3,11,8,0,0,0,0,0,0,0,0,0,0,0,0,0,0,0,0,0,0
0,-22,1,-22,15,14,-30,0,1,8,16,9,20,4,25,13,26,3,7,-2,-7,12,-24,-1,0,6,-25,-11,27,6,6,-14,10,28,6,23,14,13,-9,13,18,30,4,-32,-46,-37,-56,-21,58,29,-38,-62,32,-47,50,-32,-13,24,25,5,-12,27,-18,35,-27,26,9,3,10,0,-6,-9,19,2,21,15,1,-25,-2532,-2538,-2546,-2547,-2511,2486,2515,-2545,-2468,2228,-27904,-23060,-28051,-25529,-25022,25308,25012,-25255,-25054,24807,-24841,24858,-25050,-91,-8,27,2,10,18,-15,17,21,33,-28,-3,2,-4,18,-31,52,-18,19,16,21,11,-5,-19,7,34,-16,28,15,11,-2,-32,-2,-3,12,-1,31,2,16,2,-10,3,-24,18,5,13,-16,15,-2,29,-8,29,-6,1,3,-27,11,10,4,6,-5,36,11,15,11,-19,2,-22,6,-22,0,4,-1,-4,-17,2,27,0,14,-3,16,-11,-10,22,-20,-3,-3,13,-10,19,-7,-8,-12,20,-2,-18,-12,29,0,7,9,25,15,-6,20,-12,10,16,-3,17,-11,-19,-14,33,-7,8,-3,1,19,-6,3,-16,0,-12,-12,33,-2,10,24,14,-7,0,0,0,0,0,0,0,0,0,0,0,0,0,0,0,0,0,0
0,-12,28,18,-4,-1,29,-5,-8,28,-15,-3,-1,15,11,9,-5,-1,-4,7,-5,15,21,-2,25,-4,-9,-1,7,0,-22,4,-26,-12,-1,47,4,13,26,22,12,19,-3,-17,-21,-29,-18,-29,40,44,-36,-43,39,-53,28,-39,7,-1,47,4,-10,-6,13,2,26,2,8,15,-4,-10,-18,-16,-12,12,-20,15,16,-41,-2559,-2550,-2539,-2564,-2538,2531,2510,-2556,-2487,2275,-27922,-23136,-28027,-25542,-25054,25306,25043,-25324,-25043,24821,-24824,24826,-25074,-97,23,1,-13,13,9,-16,-1,-16,25,20,-30,15,-17,-8,-24,-38,-8,2,30,67,-48,-12,-16,-17,-28,2,15,13,16,3,-8,20,-26,-24,-2,8,-31,34,12,30,46,-7,14,-25,8,11,28,10,-7,-13,8,-8,25,2,23,-14,-9,-18,-8,1,5,0,8,23,14,6,-20,-31,3,13,3,-3,-7,9,-6,22,13,-5,16,-32,15,21,25,23,7,1,15,-2,21,16,-1,-5,-7,10,29,13,-9,8,12,-4,14,-16,-13,-16,-21,-1,24,13,-2,-13,-3,-11,0,4,8,-7,15,13,17,13,19,8,9,2,-7,4,-15,-2,3,23,0,0,0,0,0,0,0,0,0,0,0,0,0,0,0,0,0,0
0,-21,12,7,6,-2,2,-17,17,1,-16,12,26,16,-23,14,0,-4,16,-16,-5,-4,13,2,-35,-3,-4,-10,12,7,-28,5,4,10,4,-11,-14,-5,2,18,-10,-13,6,-26,-28,-14,-35,-58,61,41,-30,-44,49,-25,51,-21,-4,17,7,-9,-8,-3,-12,8,1,7,-9,5,25,32,5,2,-4,-17,-17,21,44,-6,-2551,-2534,-2546,-2569,-2506,2543,2496,-2534,-2536,2233,-27921,-23069,-28072,-25567,-25013,25346,25072,-25312,-25045,24829,-24811,24839,-25036,-112,-10,2,16,22,8,5,-14,9,3,15,2,50,-21,-16,5,27,-27,-15,11,-7,15,4,-6,35,5,20,-25,15,2,8,-2,6,-24,-25,28,9,19,25,-30,16,2,32,11,-11,16,18,-18,10,38,-23,-3,-9,-1,4,7,-13,5,19,-9,17,29,18,-9,1,12,17,0,-4,-2,-13,-12,-38,47,-11,9,-1,11,-11,1,-16,2,-9,-34,-1,28,-13,16,8,12,16,-20,12,-11,-9,-26,-10,18,5,4,-6,26,-16,4,-18,-6,22,-10,9,16,20,10,16,-6,-10,-7,5,-10,-5,-8,0,17,-4,0,-21,-4,25,14,4,14,-31,0,0,0,0,0,0,0,0,0,0,0,0,0,0,0,0,0,0
-256,-2,-2,-17,-11,12,6,2,-4,27,-9,10,26,-9,23,13,14,4,-4,7,-3,-6,12,23,-4,-10,17,-11,-18,-6,-17,13,-6,-4,-5,9,-10,-14,14,18,27,-6,-25,-54,-28,-17,-37,-9,48,53,-57,-22,58,-50,41,-46,-3,-14,11,9,16,-2,0,0,31,8,-1,-5,24,25,-5,23,-6,17,-10,13,-16,-15,-2497,-2552,-2564,-2541,-2490,2551,2517,-2520,-2477,2235,-27947,-23060,-28043,-25600,-25033,25342,25056,-25331,-25025,24801,-24799,24860,-25029,-128,73,-9,21,15,13,16,-14,7,45,-3,-38,25,-6,33,-13,-6,-2,19,8,15,38,20,17,-20,-1,55,23,21,24,7,46,-19,33,-4,-4,34,3,-12,-1,21,-3,-4,-21,18,23,17,33,10,1,5,-13,9,30,-9,3,-8,-16,17,29,8,-8,36,20,12,7,6,-18,-3,10,-6,15,16,8,-13,-3,-15,0,-8,18,-8,14,-18,18,19,-6,-22,-4,-3,-10,5,2,2,50,-4,11,0,15,-2,-5,22,25,4,9,-24,-14,5,-8,-3,12,2,11,6,21,29,10,-12,24,3,25,11,-5,-18,3,3,3,13,6,6,7,-8,0,0,0,0,0,0,0,0,0,0,0,0,0,0,0,0,0,0
0,4,33,11,-3,7,26,-11,-1,10,14,-8,-5,11,-20,12,0,3,-24,-5,23,14,12,-12,-12,42,-4,1,9,-3,-2,17,-8,-27,3,1,2,-1,-5,17,-27,17,17,3,-33,-41,-37,-36,50,35,-32,-41,37,-26,33,-28,-14,0,3,-6,-17,11,14,2,-12,-3,8,-21,5,32,-20,-7,-5,15,35,1,7,22,-2561,-2550,-2583,-2534,-2540,2556,2524,-2504,-2531,2223,-27869,-23083,-28044,-25605,-25099,25305,25080,-25357,-25049,24830,-24787,24827,-25056,-88,8,27,-16,3,4,46,-8,34,-25,-19,19,-14,0,4,1,14,5,27,21,-14,10,9,39,-4,0,10,19,-5,-7,-8,10,10,11,3,-31,0,-6,-1,17,25,19,-2,7,10,23,6,10,3,23,8,15,-1,-7,-15,1,2,21,4,0,-11,12,5,6,-1,29,15,-6,-22,17,13,30,-17,16,-8,34,21,4,-6,3,7,-7,-12,38,8,24,-9,0,0,8,23,-1,1,15,-9,8,0,18,8,9,9,35,34,-3,-10,7,4,-8,3,7,-11,11,9,3,-10,8,18,4,6,20,-3,2,-7,13,7,14,-34,11,10,-3,14,0,0,0,0,0,0,0,0,0,0,0,0,0,0,0,0,0,0
0,8,37,-4,11,-4,12,10,3,1,14,4,49,13,-1,0,12,10,6,-10,-13,7,-8,-8,-2,12,29,-3,4,8,17,-4,-15,2,-29,-22,12,5,10,5,6,28,4,-41,-51,-47,-28,-23,39,51,-39,-38,32,-39,30,-27,34,23,4,0,11,15,-31,7,8,-26,-4,-25,-23,1,-10,-10,34,-9,7,19,12,-24,-2521,-2521,-2562,-2538,-2481,2551,2535,-2566,-2513,2240,-27877,-23056,-28073,-25564,-25044,25327,25071,-25292,-25083,24828,-24812,24824,-25084,-137,3,-5,4,-14,-20,23,-3,-17,6,0,-15,25,-2,30,-5,40,-15,-17,26,11,16,6,-9,-29,-31,7,-15,-20,-23,0,12,-1,-1,36,-13,-31,-20,-8,-10,-13,23,18,12,9,4,-3,10,36,5,21,-18,24,24,-16,17,24,-13,17,11,-5,6,15,24,5,-1,-12,-4,19,5,23,-2,15,26,2,-1,-7,-21,9,-1,-14,-16,-3,4,-18,-11,-13,33,12,-9,15,-7,3,-25,-7,-13,-18,16,-2,16,-13,-6,11,-16,1,12,5,-3,-4,2,8,43,-11,11,-13,11,-10,-1,0,21,12,-4,11,20,18,2,-25,8,5,8,8,0,0,0,0,0,0,0,0,0,0,0,0,0,0,0,0,0,0
-256,-24,29,8,-8,-8,7,2,-10,6,14,28,-6,6,17,-5,-22,30,16,-10,-7,6,16,3,10,1,-33,-11,-1,-19,4,-3,10,20,-16,-9,-10,30,23,4,-7,-12,25,-25,-41,-45,-3,-18,18,39,-25,-9,16,-37,38,-14,12,15,22,11,-19,0,30,-16,-44,4,-24,-19,22,21,17,20,18,-20,28,7,4,-15,-2537,-2547,-2536,-2568,-2525,2556,2518,-2524,-2471,2271,-27855,-23063,-28042,-25585,-25016,25344,25071,-25324,-25021,24844,-24812,24796,-25076,-99,-4,33,1,19,38,3,51,-3,-21,8,13,5,11,-22,14,-1,-19,29,-1,-11,-33,-2,-14,-5,-11,3,-24,15,-8,24,9,-23,-33,-22,45,28,10,-12,-18,13,-26,-1,25,-16,28,27,16,-7,5,7,19,-21,5,0,1,-8,2,13,-5,-11,34,16,2,6,-2,19,13,4,22,10,-8,-9,-3,8,-22,-4,7,-22,16,17,-19,2,-16,10,19,-1,-18,-23,25,5,4,14,-16,24,4,-8,4,2,4,31,-1,12,38,-8,13,-11,26,14,-14,11,-11,-16,13,15,2,8,-7,5,-6,51,16,29,-6,-2,23,-5,41,-8,-5,1,0,0,0,0,0,0,0,0,0,0,0,0,0,0,0,0,0,0
0,21,-1,7,-13,5,-14,-25,26,14,-2,11,19,-15,0,7,2,6,16,-11,0,3,-9,-9,-3,10,21,15,16,29,19,-18,11,-1,1,-4,20,-5,7,-3,-30,-12,-29,-59,-15,-56,-36,-55,47,29,-26,-12,30,-54,35,-22,0,0,23,13,17,-7,10,4,25,-1,8,11,28,-10,-5,-3,5,51,14,3,6,-58,-2516,-2556,-2557,-2532,-2455,2503,2507,-2560,-2500,2229,-27939,-23053,-28085,-25568,-25057,25337,25030,-25336,-25004,24821,-24786,24815,-25087,-109,-1,0,13,14,-8,23,29,17,-5,15,-26,-13,-1,9,-12,35,28,-3,7,-20,1,-5,-51,-34,-4,-3,9,15,18,29,30,-13,30,-26,30,-11,1,-13,-4,-3,19,-1,22,25,6,7,-21,11,25,1,21,-11,13,-2,10,-14,-5,-2,8,2,7,21,-7,-10,0,-20,-20,7,-32,13,-7,-16,3,33,2,5,-3,30,30,8,26,1,0,10,7,-15,-4,-21,11,-1,6,2,8,11,4,11,9,17,10,-2,-13,-7,-16,-14,-4,2,12,-4,29,-3,15,9,29,-4,-9,24,23,6,16,-2,-5,-21,15,-7,-2,13,-21,-8,11,-8,0,0,0,0,0,0,0,0,0,0,0,0,0,0,0,0,0,0
0,0,-9,34,-10,9,-10,-5,-10,11,-18,7,-3,0,-6,-2,-2,-12,-20,-10,18,3,17,-3,15,7,-3,0,-13,-2,-9,-8,-12,12,-11,-9,15,-10,10,-6,19,-4,5,-52,-42,-45,-44,-6,44,40,-25,-30,30,-23,24,-58,-13,-4,-13,15,11,0,-9,1,28,-17,-3,-40,-23,-16,-5,14,-11,-7,-23,-20,13,-61,-2516,-2523,-2552,-2563,-2513,2552,2469,-2534,-2485,2228,-27901,-23024,-28028,-25536,-25066,25293,25046,-25281,-25051,24815,-24823,24830,-25042,-144,12,10,-7,36,5,18,10,-9,29,-28,-13,-8,-13,-19,-16,11,-56,26,26,4,15,-25,11,-6,9,-27,6,29,30,-20,36,64,-18,12,19,-5,28,-4,-7,2,16,3,3,-13,12,4,12,4,-15,7,-9,9,25,2,3,-10,0,19,28,1,29,-5,-3,3,6,-20,14,-3,0,14,32,2,-13,-19,15,-21,4,1,-17,11,-25,5,9,-39,12,-1,-17,-3,2,7,0,-5,1,2,28,13,24,17,-18,5,24,15,6,-5,12,-8,11,20,0,-13,0,-12,20,-11,-20,16,-15,-8,11,-19,-2,-11,14,1,-9,-18,24,11,11,12,0,0,0,0,0,0,0,0,0,0,0,0,0,0,0,0,0,0
0,13,-8,2,-21,18,0,3,1,-31,-31,-1,-14,-15,43,8,29,20,1,5,13,-1,-19,37,19,-7,1,1,33,-17,18,-6,-16,17,9,-3,4,19,11,5,5,23,16,-36,-38,-28,-15,-54,38,56,0,-37,42,-28,25,-26,10,11,13,29,-6,26,-12,45,21,12,-4,-20,20,-32,4,6,-13,-9,-14,29,25,-21,-2553,-2551,-2527,-2567,-2507,2533,2511,-2526,-2497,2218,-27894,-23083,-28028,-25531,-25027,25293,25037,-25310,-25053,24840,-24825,24830,-25069,-111,44,59,-6,-42,15,2,38,18,3,39,14,14,-15,-31,-2,-12,-18,-16,26,-11,31,-7,12,15,40,44,-18,-52,-4,-2,-26,40,-13,42,25,4,45,-8,23,15,29,3,-6,8,-16,-3,1,-3,5,-2,17,25,-4,-6,16,28,29,2,22,3,15,-14,11,-12,-1,8,2,29,4,-3,19,-35,39,-6,-22,-1,22,-9,18,-4,26,13,16,26,8,6,1,-30,-1,32,26,-28,11,19,-13,-10,-5,-16,-13,16,20,4,-18,-16,0,-1,25,26,11,27,8,5,9,16,7,-4,-4,25,-1,-21,15,6,1,11,-5,-14,-9,-8,1,8,0,0,0,0,0,0,0,0,0,0,0,0,0,0,0,0,0,0
0,7,25,15,-2,-5,11,6,34,-10,0,10,-12,12,6,0,12,-10,37,1,5,8,10,-5,-1,-15,6,-5,-9,-9,6,-3,41,-13,-9,5,-6,-12,-16,2,9,-18,9,-7,-31,-48,1,-38,38,33,-19,-52,2,-35,30,-10,-7,4,-7,-17,-20,-1,-15,-5,8,-16,-7,-8,16,-17,-22,22,-23,18,-11,-9,0,-17,-2551,-2558,-2547,-2547,-2503,2540,2507,-2534,-2495,2233,-27906,-23054,-28047,-25562,-25012,25331,25050,-25300,-25028,24804,-24789,24796,-25061,-91,25,-2,-3,22,2,23,-20,28,25,2,-40,18,4,-15,2,-6,-22,19,-7,-5,-41,-12,41,12,-6,-8,25,-12,10,-3,29,17,-27,-2,-5,-30,-13,31,-10,1,13,24,11,-4,36,2,6,-9,16,-2,21,16,13,0,5,-4,-15,3,19,8,23,12,-7,-1,-6,-17,-12,4,-2,3,3,-28,7,12,13,16,15,-1,14,-2,15,17,43,1,7,-18,21,7,8,5,15,-1,-14,13,-3,15,20,4,2,38,0,-8,45,3,26,-5,51,-13,-14,-11,-8,-15,11,0,-4,-16,-9,35,0,9,-17,23,-16,9,25,0,-5,-26,17,3,0,0,0,0,0,0,0,0,0,0,0,0,0,0,0,0,0,0
-256,0,16,8,-9,-32,32,9,-22,15,-13,13,6,22,1,3,-18,-24,-9,13,2,-7,9,8,-2,-11,0,-9,-9,27,9,9,11,-29,10,15,32,-5,-36,5,13,10,7,-17,-39,-26,-51,-31,28,48,-30,-40,29,-52,55,-37,5,12,22,-22,-12,9,10,8,-20,-2,11,13,-9,0,23,24,4,7,-14,-3,8,-1,-2543,-2522,-2570,-2539,-2481,2543,2504,-2515,-2475,2255,-27915,-23089,-28039,-25510,-25064,25305,25074,-25338,-25072,24836,-24834,24831,-25063,-118,20,27,7,13,10,22,-3,35,-2,3,28,-36,45,15,36,-20,12,24,16,-4,-24,39,26,5,31,-27,-26,36,8,2,18,-28,22,-4,18,-22,-7,6,-7,-1,1,-2,5,-10,8,0,37,-10,0,23,13,27,-14,25,6,7,7,3,7,-11,-7,10,-16,8,0,3,4,13,-11,14,1,12,-17,-10,-11,13,30,4,-19,12,-7,-13,-15,-3,-11,16,-10,3,6,-13,6,8,-15,-4,6,-17,-5,-25,2,-9,-11,1,1,2,17,0,-3,28,-15,10,8,10,2,0,-24,-17,6,22,-9,22,11,17,18,20,0,6,16,13,-3,-9,0,0,0,0,0,0,0,0,0,0,0,0,0,0,0,0,0,0
-256,6,5,-5,8,1,-2,2,15,-23,8,16,-5,36,-3,4,19,-19,-1,-7,2,0,1,19,-10,-22,10,14,3,-13,-1,26,-2,-3,3,-17,17,-8,-5,31,-14,4,-2,-43,-52,-39,-44,-46,44,61,-41,-21,44,-38,46,-24,-69,-18,-3,-11,-3,9,22,14,4,-11,24,-1,7,22,-10,8,36,-34,-7,-1,-31,-22,-2523,-2549,-2558,-2520,-2507,2527,2482,-2504,-2523,2246,-27874,-23096,-28058,-25574,-25002,25296,25074,-25297,-25050,24852,-24858,24825,-25057,-100,-13,-32,38,-17,0,-17,3,-19,42,39,41,42,20,0,-15,60,13,-1,4,-13,29,13,19,-33,10,-9,-3,7,-33,61,10,-16,-13,10,-23,-8,18,15,-19,35,-1,37,-2,25,-19,13,0,-1,4,-25,-9,27,7,-3,-13,12,-1,3,34,3,-11,-3,-9,-9,3,-12,-6,14,1,13,24,8,-29,-16,4,12,-14,-8,11,-22,-7,5,10,15,-3,-10,-4,-10,34,-5,4,11,-9,-4,3,-6,12,28,2,33,16,6,29,8,28,3,-6,21,-33,-6,-5,13,17,-1,7,-19,-10,9,-2,16,19,-19,-12,17,6,13,5,14,2,-1,0,0,0,0,0,0,0,0,0,0,0,0,0,0,0,0,0,0
-256,7,6,12,-4,19,7,-12,2,-7,24,7,11,-17,-3,23,-25,7,15,11,-6,5,-7,17,7,-12,8,8,-5,-3,19,8,17,23,0,9,-24,6,-7,21,3,12,-11,-26,-15,-37,-23,-40,48,58,-48,-32,34,-47,34,-22,25,7,2,21,-11,-8,1,-26,-1,20,-17,-11,2,12,12,46,22,12,15,-13,9,-1,-2519,-2534,-2576,-2531,-2499,2527,2515,-2506,-2503,2232,-27938,-23096,-28034,-25553,-25066,25337,25066,-25296,-25040,24838,-24813,24858,-25075,-99,-9,15,2,-10,25,-2,51,29,3,40,15,2,10,-30,-12,-4,35,17,-12,-30,-38,29,42,-19,34,19,-2,-8,10,10,-5,-5,5,1,58,-22,5,-12,13,7,5,17,-21,-17,32,22,-3,-8,26,-24,16,19,-29,18,32,13,-21,-8,9,23,-8,9,1,-7,14,23,0,36,-10,-14,12,-17,22,19,-4,-2,8,-6,16,-4,-20,-7,13,4,-4,6,6,-6,12,12,14,-13,-22,-1,17,16,0,-7,30,9,-1,23,12,16,-4,0,-8,-10,-16,10,9,15,-7,14,-4,4,-10,23,-6,5,15,4,-1,14,12,-11,17,-7,6,-4,0,0,0,0,0,0,0,0,0,0,0,0,0,0,0,0,0,0
0,20,-3,-2,18,23,8,27,37,14,-14,4,1,7,-22,17,4,8,-1,7,-3,4,1,15,-7,-10,22,11,6,-4,-3,-3,11,-4,-33,0,-5,-13,14,-10,-10,18,-15,10,-41,-21,-12,-44,54,26,-26,-50,50,-17,18,-57,-15,-23,9,9,16,10,-4,39,25,-8,14,16,18,24,17,12,-13,33,44,-27,43,-6,-2544,-2538,-2577,-2576,-2497,2550,2514,-2530,-2499,2240,-27912,-23094,-28045,-25583,-25024,25282,25037,-25296,-25075,24831,-24809,24836,-25079,-102,3,28,8,-5,-12,-25,1,-20,17,-24,23,19,22,-7,-24,-49,-16,0,-3,14,19,-27,-11,25,64,9,20,40,-17,9,-10,0,15,1,52,-22,-7,-13,-13,24,16,17,21,8,21,4,7,-3,-4,-12,8,-27,30,4,-5,-1,-3,1,6,0,2,2,5,4,-12,16,-6,7,-6,8,20,7,2,-1,13,9,-2,-10,-6,21,13,7,29,5,15,-14,-13,-27,-28,8,11,10,3,20,-31,20,2,-5,-12,8,4,16,3,-10,-14,-2,22,33,-1,-9,6,-2,24,-14,14,-6,7,3,14,13,26,26,3,30,-11,1,10,19,-13,6,0,0,0,0,0,0,0,0,0,0,0,0,0,0,0,0,0,0
0,20,15,3,20,16,10,15,2,7,14,10,5,8,-3,-7,10,-18,32,19,-34,15,5,-6,4,2,3,-29,7,33,-3,-41,12,9,6,17,28,0,30,14,9,2,13,-51,-28,-30,-45,-38,34,25,-10,-31,28,-45,32,-30,7,1,0,24,0,19,3,-21,7,9,24,7,16,39,36,-1,26,-12,6,-9,1,-44,-2514,-2555,-2553,-2547,-2474,2521,2535,-2571,-2517,2204,-27908,-23080,-28041,-25517,-25063,25349,25032,-25327,-25050,24855,-24816,24812,-25078,-133,3,9,31,17,2,35,16,-11,-7,1,-7,11,26,12,17,27,38,-11,2,-14,-13,16,-17,9,-41,28,18,-28,46,8,23,1,-28,7,17,16,19,-38,4,-7,-6,17,-6,-3,12,7,9,12,2,30,34,10,1,16,42,-16,26,16,24,-9,-6,-8,-5,12,31,-9,11,13,7,-3,14,14,-18,12,12,-1,-11,-40,6,-22,-9,-3,-11,9,13,12,-6,26,1,7,-2,3,5,9,15,-8,-9,1,-5,30,9,-17,26,-1,2,16,23,-7,2,21,-1,0,32,29,7,-19,-4,-2,7,-9,11,18,22,18,3,6,29,1,3,9,0,0,0,0,0,0,0,0,0,0,0,0,0,0,0,0,0,0
-256,6,-1,0,28,-6,-5,6,-1,-14,2,9,10,1,-3,-5,-9,14,-17,-13,25,13,6,17,-15,-10,-1,24,26,-6,4,18,6,-26,12,-2,-14,12,-11,12,12,14,6,-59,-55,-16,-9,-34,29,46,-14,-41,52,-16,50,-27,3,-22,6,23,-1,24,-12,6,-21,-19,-13,2,5,-20,-4,11,9,19,6,-8,-15,-36,-2544,-2541,-2583,-2524,-2467,2531,2494,-2500,-2504,2217,-27918,-23039,-28018,-25533,-25040,25345,25063,-25268,-25033,24838,-24812,24820,-25027,-77,26,0,-14,43,45,18,3,47,6,3,2,53,21,6,18,23,34,19,19,26,25,-9,-5,-13,20,-17,4,18,21,-16,39,32,-1,8,-14,32,-5,-2,-17,-6,19,1,1,16,20,-6,19,7,23,27,10,4,18,-7,-24,-12,-1,44,8,-1,32,13,0,34,31,-1,24,7,10,14,-1,16,-14,3,18,-1,-7,4,22,-7,12,-7,5,-3,-16,4,-25,33,-10,-22,13,-7,-7,19,-7,-18,-1,-6,0,20,-18,-4,-11,12,7,10,6,36,11,11,-9,11,9,11,8,-1,5,1,19,34,0,10,2,1,6,-9,1,21,8,-22,0,0,0,0,0,0,0,0,0,0,0,0,0,0,0,0,0,0
0,11,4,0,5,-4,10,16,18,10,22,-14,20,1,-9,-6,-23,3,-8,-21,1,9,-6,0,7,-15,26,5,15,4,-8,9,-4,4,13,4,-23,16,1,8,-2,12,13,-23,-44,-41,-15,-29,48,46,-16,-34,36,-34,36,-25,19,18,5,3,42,-12,8,14,-8,-19,8,-4,-3,-17,-7,2,-8,-28,6,17,-13,-49,-2523,-2552,-2538,-2557,-2504,2493,2502,-2512,-2503,2214,-27883,-23085,-28080,-25542,-25084,25355,25049,-25305,-25057,24832,-24818,24857,-25071,-94,45,1,-4,-14,7,24,-8,14,14,56,-15,-12,2,-17,-14,13,12,49,20,-19,17,-20,12,-4,26,24,20,-36,19,33,-11,9,-48,20,-1,-10,20,12,43,8,0,35,-2,26,-3,10,-1,-14,14,8,-15,-6,14,12,16,-7,19,-11,32,-9,9,-9,24,6,10,42,16,3,4,3,19,17,-7,-14,10,-1,35,13,15,-5,-8,1,13,24,2,-13,-18,17,28,20,22,23,-11,1,3,6,-12,17,-10,1,-25,-5,-3,-4,3,-2,-15,0,9,1,9,1,17,-13,-4,3,18,-6,8,22,5,6,7,-2,0,16,-15,8,-14,-13,0,0,0,0,0,0,0,0,0,0,0,0,0,0,0,0,0,0
0,-10,-7,5,18,-17,-3,6,22,2,30,7,0,-2,-3,-23,23,15,5,5,-14,-9,-2,-9,14,5,12,29,-5,38,-5,-2,-8,6,7,-6,-4,34,-24,-20,10,20,17,-16,-5,-28,-4,-25,44,38,-33,-19,37,-34,32,-11,12,9,31,-7,7,12,-14,-7,2,1,16,0,9,11,-8,7,-21,-4,11,-40,10,-18,-2579,-2585,-2583,-2546,-2486,2543,2483,-2560,-2519,2280,-27902,-23027,-28032,-25521,-25041,25339,25049,-25318,-25020,24824,-24826,24834,-25069,-67,-1,-22,-22,-8,0,6,28,-10,4,7,0,-7,28,31,-30,-20,27,42,47,5,-32,68,6,22,21,46,-22,21,-47,83,3,-2,-16,-10,-5,1,-25,4,-18,-9,11,-6,-3,22,-20,16,46,-16,28,-3,6,30,-4,-14,-3,-5,14,-7,-10,-16,-16,-25,13,7,2,-8,14,10,-25,-2,-12,-8,25,-15,15,-19,10,1,24,5,-8,14,-12,37,-3,-5,-8,11,2,-3,-1,2,17,14,10,-6,-19,-15,-1,-9,-4,-16,-16,22,19,-14,8,-1,21,11,18,-4,9,8,5,-2,-3,11,-21,15,17,7,17,20,23,7,3,2,3,13,0,0,0,0,0,0,0,0,0,0,0,0,0,0,0,0,0,0
0,-1,8,14,6,25,-14,-4,15,10,10,-2,-8,13,6,20,25,1,-1,22,17,4,25,7,-4,31,-11,2,-19,-9,-2,19,33,-16,-2,-20,-7,-3,30,-21,-12,-4,-13,-50,-17,-35,-45,-22,81,45,-11,-27,50,-26,27,-13,24,-17,7,23,2,2,-4,27,1,-15,1,22,3,35,-25,-4,-5,12,-20,3,2,-22,-2526,-2538,-2538,-2568,-2519,2538,2459,-2508,-2482,2231,-27924,-23048,-28032,-25608,-25012,25295,25079,-25321,-25034,24835,-24831,24837,-25071,-98,30,24,-8,30,22,-11,-3,8,28,-13,33,18,5,45,-25,5,-33,-15,-9,3,9,2,-36,-3,0,-16,15,38,46,-4,14,20,-10,2,-47,-7,38,10,-7,13,19,-37,-19,-6,-3,20,-5,22,-12,-14,9,7,-6,10,17,-7,-5,-8,-16,-4,-30,-12,6,10,12,0,13,28,5,8,7,-4,-10,25,-9,-6,-2,31,16,-4,3,3,-18,8,-14,3,-15,-9,-26,-19,1,0,25,-1,17,-1,1,36,20,-16,-18,-5,-18,-6,-22,2,20,9,-2,18,3,30,5,14,-4,-2,-13,1,-2,-15,21,-6,15,17,37,20,33,18,13,9,0,0,0,0,0,0,0,0,0,0,0,0,0,0,0,0,0,0
-256,16,21,-28,12,26,17,21,3,36,38,-1,11,-6,-33,0,15,-17,-9,28,4,-4,5,-7,-15,4,23,19,7,-3,9,35,-21,3,-11,-5,9,28,18,8,0,3,25,-40,-18,-44,-51,-41,24,32,-43,-24,28,-56,51,-23,9,16,14,-8,37,-6,15,-2,20,36,6,39,-9,13,21,28,-2,6,7,19,9,-33,-2520,-2588,-2541,-2565,-2478,2583,2488,-2574,-2541,2226,-27885,-23047,-28030,-25557,-25036,25346,25011,-25331,-25075,24828,-24825,24808,-25042,-91,-31,12,-5,18,-24,7,5,44,-3,10,-2,5,-5,-9,-28,-34,37,-12,15,-7,9,-22,22,25,6,55,-24,19,-7,4,3,-6,30,-8,5,-2,1,20,12,2,27,0,-22,-6,14,-9,-17,4,-12,7,7,-1,19,1,-7,13,24,8,41,38,14,5,11,-2,36,24,13,7,1,-1,14,12,-3,8,15,-13,-11,-21,6,-13,-8,5,6,-2,5,24,19,-3,-8,-12,25,-18,-14,-2,0,0,7,-11,-12,-6,21,22,-28,-10,-1,26,6,25,11,1,2,26,-11,20,-9,-19,-3,3,-9,-15,-1,11,-21,2,9,2,23,2,-18,-5,0,0,0,0,0,0,0,0,0,0,0,0,0,0,0,0,0,0
0,11,0,-5,-5,-15,-9,33,13,-16,3,-9,-29,30,-4,-10,15,1,18,-4,31,-26,-17,14,-7,-27,5,4,12,28,0,-3,-28,-25,7,-5,0,-20,-7,6,0,5,16,-40,-29,-44,-24,-43,27,46,-21,-17,39,-40,51,-59,-4,12,-22,7,-3,9,28,9,10,35,30,14,-10,4,22,0,-20,22,44,-7,14,14,-2551,-2564,-2531,-2564,-2481,2516,2497,-2507,-2490,2268,-27919,-23073,-28041,-25527,-25055,25315,25046,-25296,-25090,24822,-24815,24800,-25052,-118,9,-25,39,-15,5,-19,3,9,14,1,4,-22,0,5,-14,-6,24,9,-27,-33,-7,-22,-21,24,-13,22,-6,-31,17,-30,24,29,13,28,14,22,-1,-25,-5,-19,-12,-4,-20,-20,1,2,6,27,-12,24,-5,-36,12,-2,16,14,-26,-1,33,21,-9,5,25,10,3,-8,5,12,26,-1,5,20,10,-9,-14,3,-5,-17,12,13,-15,-11,-29,9,2,11,-18,28,3,23,-5,20,0,14,2,0,9,4,7,-6,5,20,23,18,-11,-1,9,6,20,-8,12,1,23,3,-11,0,-7,8,8,-7,13,9,-21,-1,-20,-10,5,-1,1,-8,0,0,0,0,0,0,0,0,0,0,0,0,0,0,0,0,0,0
0,-16,12,-11,21,20,13,12,-10,-30,-3,-35,2,25,19,8,38,16,4,0,-12,16,12,15,10,29,-2,17,-15,-5,8,-4,-8,-9,6,15,15,2,2,-28,-1,4,-2,-30,-5,-14,-59,6,42,66,-13,-31,49,-29,39,-63,-21,24,-43,7,-5,-11,2,0,20,15,-1,19,7,32,5,8,-3,5,0,-23,16,-2,-2514,-2532,-2540,-2519,-2518,2532,2490,-2565,-2475,2222,-27946,-23056,-28046,-25559,-25031,25310,25049,-25258,-25026,24815,-24839,24795,-25064,-86,12,12,18,6,16,33,-6,58,35,12,14,-5,20,19,2,16,11,24,43,-31,-6,10,9,2,0,-8,-17,4,2,5,27,-12,2,2,-29,-29,-14,-1,-15,-11,3,32,-13,-11,-26,-2,2,4,-4,-38,10,-27,1,15,-2,11,31,6,9,-1,-16,38,1,17,15,-20,7,10,-6,-18,0,25,0,9,-6,2,-10,6,32,34,-21,3,-14,9,3,25,3,10,-1,-25,4,-8,4,25,10,4,-9,14,1,11,-1,21,-4,-14,13,15,7,-19,-9,-11,-5,22,-6,8,-4,8,-26,6,1,6,4,33,14,1,-4,14,30,11,-15,-6,0,0,0,0,0,0,0,0,0,0,0,0,0,0,0,0,0,0
-256,8,0,0,29,11,26,-4,0,10,21,18,21,-16,-23,-6,-1,9,-2,6,-9,1,-6,8,20,-17,5,13,10,-22,22,11,13,13,4,18,11,21,-11,8,-22,-1,30,-7,10,-28,-26,-32,45,35,-32,-23,37,-32,12,-41,-6,-9,-4,2,1,19,18,21,-9,14,-21,-12,14,-5,-10,-7,3,-9,38,6,36,-23,-2549,-2543,-2538,-2504,-2466,2523,2510,-2574,-2503,2261,-27949,-23063,-28058,-25562,-25062,25299,25062,-25351,-25063,24810,-24803,24784,-25037,-132,-3,18,27,1,8,-16,39,-24,0,48,19,10,0,17,28,22,9,-17,-9,8,3,20,-14,21,-15,-4,16,-19,35,29,15,-2,0,15,22,7,12,3,16,-3,20,-2,6,-19,8,4,-8,13,-6,11,-2,20,-1,0,-6,0,19,-6,-2,12,4,0,0,5,8,5,-9,7,-18,1,-2,36,-17,-9,-5,31,-13,9,19,11,-5,-1,4,31,12,-5,19,27,12,13,2,7,-7,-6,15,8,-16,-9,-3,13,-5,34,1,14,-11,-10,32,16,2,5,5,13,-14,19,-9,-8,11,2,10,10,-5,7,-5,-3,13,5,8,20,14,-7,0,0,0,0,0,0,0,0,0,0,0,0,0,0,0,0,0,0
0,-3,13,10,1,7,0,14,-5,-11,8,3,13,9,18,11,-2,-5,-14,-6,14,-10,17,17,25,6,21,4,-9,-1,11,31,4,15,-4,-16,3,-20,15,24,-8,-18,10,-15,-55,-18,-16,-14,58,48,-23,-31,28,-25,65,-32,3,51,12,12,-23,-16,8,-11,-5,13,12,1,-11,21,-19,2,-16,-9,42,-21,16,-26,-2549,-2521,-2563,-2523,-2456,2552,2450,-2495,-2518,2226,-27907,-23032,-28042,-25585,-25097,25298,25037,-25319,-25024,24832,-24773,24851,-25088,-118,-9,-33,11,-57,5,11,37,3,-4,1,-3,50,-1,9,-65,-14,19,12,21,-15,14,21,22,0,2,1,20,-14,27,32,17,35,15,0,0,-27,-12,10,-6,22,-8,11,-20,-4,-14,24,11,-30,17,-11,-5,-7,14,-1,9,10,2,-3,-2,-8,-3,12,5,11,-13,25,23,18,12,34,2,29,14,13,-13,-11,6,4,-3,20,-5,-3,-9,-22,14,12,-7,10,4,-2,0,16,7,3,-2,5,30,27,5,10,-3,9,-6,12,-5,8,18,-2,-13,-16,12,6,-9,0,19,23,-19,11,16,-16,-32,4,-5,-5,-9,-3,-3,1,-18,1,0,0,0,0,0,0,0,0,0,0,0,0,0,0,0,0,0,0
0,14,18,16,14,7,11,18,1,-8,-2,2,15,-20,-23,-13,9,-27,17,38,9,24,-13,-4,-6,-10,37,4,-5,17,16,7,6,-1,9,-9,17,2,15,11,16,-2,6,-38,-33,-24,-8,-33,34,30,-42,6,53,14,59,-19,7,36,3,-24,-12,-8,3,-2,-9,-22,1,-24,-3,43,7,7,1,19,30,26,-12,-5,-2545,-2575,-2495,-2557,-2475,2514,2499,-2508,-2501,2260,-27931,-23030,-28039,-25550,-25047,25310,25053,-25308,-25070,24819,-24820,24819,-25073,-110,-4,54,39,7,-14,10,9,-16,32,16,19,-30,-11,3,-7,9,9,-10,-11,17,-20,22,23,-20,4,11,-8,7,32,-31,21,40,4,-31,-6,-46,-4,42,16,4,22,-8,15,7,3,5,16,13,7,8,-25,-13,37,27,0,24,12,18,-26,-19,7,-9,9,38,7,18,20,9,14,10,19,8,20,8,-11,-10,11,-28,-7,2,-25,-1,7,-5,13,12,24,-17,-7,-18,28,0,0,1,-17,-23,9,30,12,-15,-14,-11,23,6,1,13,7,-10,36,5,22,7,-10,24,13,19,1,17,-1,-27,-13,-5,19,17,20,20,-12,8,23,8,0,0,0,0,0,0,0,0,0,0,0,0,0,0,0,0,0,0
-256,-2,-9,-1,19,0,-23,-1,0,-17,18,-5,22,15,-12,-9,9,-5,-11,-26,-4,18,-3,9,8,9,-2,-23,3,-6,-13,-6,-12,-19,14,7,-8,-6,15,31,-11,-17,-17,-50,-52,-20,-20,-7,53,36,-64,-38,53,-61,31,-61,33,3,16,1,30,21,-9,1,-11,9,6,22,-15,22,24,0,25,-32,40,21,-5,-12,-2544,-2527,-2557,-2552,-2489,2515,2533,-2529,-2514,2203,-27912,-23066,-28067,-25559,-25057,25331,25087,-25331,-25029,24815,-24824,24816,-25043,-109,-6,5,18,4,-5,-5,-28,-16,9,28,-5,-6,-20,2,13,19,7,-7,-16,17,33,-26,-7,34,11,7,8,-1,26,13,-38,23,0,29,40,-4,41,24,-19,13,6,8,30,-7,2,-7,21,38,-2,-8,-19,19,8,-3,6,-28,3,-30,-8,-16,3,6,-9,-9,-6,30,30,42,12,12,-3,14,10,23,-18,13,1,39,-8,-2,20,-11,9,23,26,-14,-2,38,-2,19,20,2,-21,9,10,4,2,10,8,-22,-15,17,7,-6,30,18,13,-7,-9,-12,9,-10,1,0,-11,6,-6,13,3,-4,-20,36,29,26,-23,7,-4,13,11,0,0,0,0,0,0,0,0,0,0,0,0,0,0,0,0,0,0,0
0,1,-11,-3,4,-27,-16,-26,8,4,20,-4,-1,6,15,10,10,-4,-19,-2,9,8,10,-16,11,9,14,-10,-5,-9,-6,3,-4,10,-14,37,10,3,10,4,6,34,-15,-37,-28,-36,-46,-7,53,40,-48,-35,45,-51,20,-14,-11,-16,1,-9,43,-1,16,13,13,9,-7,-32,5,13,-8,-13,2,-7,13,11,-2,2,-2567,-2537,-2547,-2575,-2488,2503,2484,-2531,-2498,2251,-27879,-23085,-28039,-25591,-25044,25319,25070,-25318,-25051,24834,-24814,24801,-25033,-115,30,10,-23,-38,40,8,18,-59,7,-6,25,12,49,-2,14,41,26,26,-13,24,6,-18,16,16,5,5,-5,-14,48,-15,8,49,29,-7,-15,25,5,6,23,35,-10,11,-9,-15,-12,11,20,18,12,33,-8,9,4,6,2,-3,0,20,-8,-6,14,5,2,3,31,-11,1,17,11,-2,-5,29,15,1,40,-13,19,34,0,-20,-10,-7,16,-2,-11,14,6,-10,-4,16,22,18,12,-13,-2,0,35,-16,2,-4,11,6,-2,-17,8,28,-28,-6,14,6,8,13,14,16,-9,1,1,2,-1,19,-2,-4,-6,-10,2,-24,-10,29,13,12,0,0,0,0,0,0,0,0,0,0,0,0,0,0,0,0,0,0
0,-22,20,27,12,-15,2,21,-3,21,4,26,0,-9,25,-1,40,6,13,9,-3,17,6,6,-4,-33,-7,-9,-10,14,2,8,12,-12,3,11,18,1,1,-2,14,-11,15,-36,-19,-49,-21,-40,45,20,-27,-17,18,-38,57,-15,29,21,23,4,20,-3,-17,-8,35,10,-19,11,25,-12,46,17,20,-11,4,1,3,-44,-2534,-2537,-2534,-2550,-2456,2518,2514,-2515,-2513,2251,-27892,-23079,-28060,-25568,-25091,25278,25064,-25320,-25054,24845,-24794,24837,-24999,-136,37,-24,1,40,18,14,44,18,-10,-56,4,-17,-26,43,22,8,-23,12,12,9,11,-27,0,10,8,16,18,-1,10,2,-54,35,17,-9,17,4,-32,18,12,33,24,-5,-3,6,-10,-8,-4,9,-18,5,11,11,46,2,-25,4,35,1,-1,24,-10,3,4,3,11,14,0,45,5,4,15,3,17,14,-12,26,9,5,6,-7,1,-10,-20,-20,-9,2,2,0,5,6,5,-6,4,-2,-17,0,-21,-12,10,-6,-9,30,36,2,21,6,9,-1,-25,2,-22,17,-11,20,24,20,17,-1,9,-7,14,4,-11,-19,8,16,27,3,-13,-2,0,0,0,0,0,0,0,0,0,0,0,0,0,0,0,0,0,0
0,13,25,-9,-8,24,17,6,9,32,-36,-3,4,23,-1,-14,5,-3,18,-7,-6,-6,-14,9,11,-25,-39,-4,15,42,26,29,17,-7,22,16,0,-9,-2,15,-12,17,-1,-53,-45,-17,-12,-38,29,57,-46,-28,24,-41,36,-36,-17,0,-9,26,2,28,5,-4,-5,10,11,4,-6,6,-16,-3,25,-35,24,-6,-25,-35,-2568,-2519,-2565,-2528,-2462,2525,2567,-2520,-2477,2238,-27874,-23061,-28058,-25537,-25029,25331,25033,-25307,-25064,24801,-24803,24822,-25073,-117,4,-19,-20,-7,-10,-37,2,-10,-23,1,-3,5,-11,-1,-1,4,-46,-3,35,-14,25,-16,24,-31,14,-9,-27,13,-6,8,7,7,-8,-5,-36,-63,28,-13,58,24,-2,-34,35,-6,-18,3,-2,9,0,7,19,-2,-32,39,-13,15,15,15,-5,18,1,-10,8,-2,8,-6,-8,5,-16,-13,23,0,6,8,5,7,-10,-8,6,-7,12,20,-9,30,-9,9,10,9,23,15,5,-29,2,1,-24,4,-9,27,20,13,8,25,-2,-19,-7,-4,1,21,13,26,-16,5,-14,11,1,8,-4,-6,1,9,6,2,8,31,25,-2,20,-11,0,-3,0,0,0,0,0,0,0,0,0,0,0,0,0,0,0,0,0,0
-256,-6,0,27,6,-8,17,-14,-4,7,8,21,-6,-10,12,2,-1,17,-1,16,-10,10,4,44,-11,1,-4,0,-23,3,-7,19,-7,16,5,-9,18,0,-11,10,4,13,37,-33,-24,-23,-39,-75,49,29,-30,-36,30,10,41,-20,10,2,23,9,-7,16,3,23,6,-11,4,-6,-25,10,-1,-24,-42,33,45,-6,16,3,-2539,-2513,-2546,-2546,-2484,2536,2503,-2495,-2470,2232,-27890,-23080,-28012,-25574,-25044,25308,25095,-25332,-25038,24831,-24796,24825,-25086,-134,19,37,9,45,21,0,-32,-29,1,7,31,49,5,3,13,-14,3,20,-1,16,-22,-41,64,13,3,-4,0,-11,44,14,31,36,-2,-43,-10,-5,-8,34,-12,14,-5,-3,-15,-2,11,1,-1,6,18,-30,-6,-19,-3,10,15,-30,6,3,15,20,11,-3,9,-10,14,4,8,32,21,18,-9,1,1,-4,-9,4,15,18,-25,14,18,11,21,9,29,-10,8,-20,-13,6,10,-1,20,4,19,18,-7,20,22,-13,8,30,-3,5,-4,27,-18,-4,38,-7,-1,7,-3,25,27,12,17,-27,-26,-16,8,-8,0,-9,20,-17,-17,-6,0,54,0,0,0,0,0,0,0,0,0,0,0,0,0,0,0,0,0,0
0,-9,-7,10,-4,-20,-25,-5,-14,3,1,-2,-21,7,24,30,26,10,23,5,10,-3,7,2,-7,9,15,-7,1,10,6,-18,3,-6,17,10,-26,-9,-15,-6,9,4,4,-49,-31,-35,-19,-41,54,20,-4,-15,37,-29,26,-2,20,-23,5,33,25,-4,18,1,-7,28,-6,-3,25,9,9,-6,16,25,12,43,-20,5,-2535,-2512,-2553,-2534,-2532,2547,2516,-2512,-2497,2242,-27884,-23032,-28018,-25585,-25038,25321,25007,-25309,-25048,24796,-24801,24849,-25064,-90,1,3,-18,14,35,29,30,23,-8,-14,8,27,-30,20,41,27,32,47,-18,-23,54,36,33,13,12,28,36,-18,5,-8,31,-15,3,8,-33,13,-23,-7,-3,34,2,-7,13,16,3,-9,28,37,13,-23,8,7,21,7,33,-30,12,20,-24,2,26,-5,8,38,21,15,30,19,-11,0,-14,16,22,4,31,13,10,8,36,9,-9,19,26,16,3,9,23,24,21,5,-3,-9,7,13,6,24,-16,-1,6,-1,10,-2,9,-1,30,-14,24,31,-3,6,31,1,-11,-10,26,17,15,-13,-12,17,-4,7,56,9,29,3,24,-6,22,16,0,0,0,0,0,0,0,0,0,0,0,0,0,0,0,0,0,0
-256,-10,19,5,8,-14,18,-2,15,4,31,-9,-7,16,-16,2,14,5,-5,8,-1,10,-9,3,14,12,5,23,39,4,-13,30,12,24,0,16,24,20,9,1,-23,8,18,-41,-26,-11,-7,-42,39,96,-42,-46,28,-7,70,-45,4,-15,18,29,-6,-13,14,-15,10,9,3,3,11,19,-4,27,3,24,-7,-13,-7,-40,-2540,-2557,-2559,-2547,-2512,2530,2492,-2521,-2508,2234,-27917,-23030,-28049,-25536,-25088,25331,25042,-25311,-25070,24806,-24757,24854,-25051,-113,-18,10,9,44,21,4,3,8,21,45,2,13,6,-18,22,-33,-17,-13,-2,0,-40,-2,20,23,-1,44,57,-17,15,-17,33,28,18,-4,-6,-3,8,8,-11,37,-28,14,-6,-15,-11,3,7,40,7,23,8,22,3,-27,-15,14,-19,5,8,14,-3,1,25,23,-10,-31,3,36,2,10,26,7,-4,36,8,28,7,33,36,8,23,25,21,-8,9,1,-12,7,8,16,0,15,-19,23,-10,-11,3,-12,-16,8,3,9,7,-21,3,10,10,16,2,12,2,-4,-14,32,7,15,-4,6,23,27,23,-1,1,3,5,-1,-22,-14,19,6,0,0,0,0,0,0,0,0,0,0,0,0,0,0,0,0,0,0
-256,18,14,19,13,-23,22,-2,11,10,26,6,-17,4,-6,9,-3,6,-2,-15,-3,-3,1,10,9,13,20,2,0,4,-16,24,5,-13,17,24,-2,-1,9,-3,-11,14,-7,-36,-30,-46,-31,-29,24,42,-37,-38,28,-33,35,-57,-5,0,5,1,12,2,-5,26,-1,15,-6,-2,-3,-16,18,8,1,5,25,7,-23,-18,-2554,-2553,-2553,-2552,-2519,2532,2506,-2504,-2508,2219,-27947,-23071,-28024,-25548,-25021,25330,25096,-25343,-25046,24837,-24819,24815,-25060,-138,-30,-12,5,4,23,-37,47,19,29,17,11,8,-10,-11,53,-3,-20,6,1,-38,-3,-17,-17,16,-8,9,-19,-3,6,13,17,17,-22,-45,16,-11,-26,10,6,4,-20,-22,33,0,-4,-24,26,29,-6,15,1,0,9,-5,6,0,19,15,-1,20,19,-4,0,-1,-25,1,14,2,-5,36,17,-7,22,-33,24,-14,-24,-7,2,12,-1,-13,-4,-8,22,-3,-16,18,-3,28,9,-3,19,12,7,-2,2,13,-19,3,7,1,29,-17,4,22,6,-19,-12,9,30,33,-6,1,-9,-4,-3,8,-14,-17,20,31,8,7,62,-2,23,-8,20,3,0,0,0,0,0,0,0,0,0,0,0,0,0,0,0,0,0,0
0,-2,-15,22,-32,7,11,4,2,9,17,-4,3,-3,-11,15,4,11,-7,-14,-6,19,-10,7,13,3,17,17,9,11,18,28,-9,36,27,1,-11,-10,14,20,1,-7,3,-31,-30,-30,-41,-7,66,62,-37,-30,11,-50,39,-20,-9,18,-6,-9,3,-34,3,-15,4,-16,-4,3,16,30,35,16,17,1,14,34,-8,-22,-2541,-2560,-2551,-2553,-2522,2502,2525,-2524,-2493,2227,-27909,-23056,-28047,-25588,-25033,25354,24988,-25329,-25054,24805,-24820,24846,-25079,-112,10,23,26,-33,18,-44,38,-4,8,1,10,21,3,-2,5,4,-34,-7,-1,22,-22,-1,-28,13,22,0,-13,-14,-59,7,11,1,-4,-37,26,-19,5,4,-4,12,-10,23,15,9,-21,-15,18,-13,4,3,9,27,0,-12,29,-4,-19,14,19,-26,9,41,25,26,12,21,34,-3,1,20,20,1,3,20,20,18,35,-7,4,-4,25,-2,7,7,13,15,1,-11,14,-6,21,4,4,7,-23,10,13,7,-17,19,9,12,11,-4,-6,-21,43,30,-4,12,-12,17,24,-25,7,11,-26,32,-6,7,16,-8,14,0,-18,13,-5,18,-13,-2,0,0,0,0,0,0,0,0,0,0,0,0,0,0,0,0,0,0
0,-4,-4,1,-10,25,1,3,7,-1,6,32,-18,34,24,-22,22,14,24,-5,11,1,-1,17,-5,11,12,8,9,1,0,8,7,0,-29,-3,13,13,1,8,11,3,-2,-27,-34,-45,-18,-47,32,32,-31,-28,51,-36,46,-15,33,17,11,21,17,20,-19,10,5,18,-5,8,-9,32,-12,-11,20,22,4,10,22,-19,-2545,-2521,-2535,-2536,-2463,2514,2519,-2538,-2472,2226,-27889,-23072,-28044,-25537,-25024,25323,25078,-25319,-25061,24827,-24824,24829,-25064,-99,-14,-32,31,-20,-7,27,-48,10,24,6,-18,0,-45,11,-1,36,-21,18,-15,14,39,-5,16,13,-15,-14,6,3,11,-4,0,-18,-4,19,-3,41,23,6,0,-3,-10,11,-7,37,18,-8,10,-1,-8,19,5,14,20,19,-6,-7,2,24,-11,29,-12,0,-31,6,-3,16,-8,2,5,5,-16,2,25,34,27,8,-2,3,10,-5,-1,-25,17,-6,14,17,-3,3,17,28,-9,33,5,-2,6,5,4,2,-25,-10,-9,13,1,16,-13,20,14,28,-12,-2,24,6,7,-13,6,-8,22,-15,42,-2,9,-6,21,15,5,-3,13,10,14,10,0,0,0,0,0,0,0,0,0,0,0,0,0,0,0,0,0,0
-256,4,-5,6,1,16,-6,-10,4,-21,8,15,21,-7,9,-27,-25,18,-8,-11,-6,10,-18,7,1,12,-11,0,-7,-41,-2,-13,1,-10,-18,-2,-8,-6,30,18,16,4,-15,-48,0,-19,-31,-24,24,76,-36,-33,38,-31,49,-14,-6,-11,10,-9,9,-7,5,0,-29,24,-10,-3,10,-9,43,-15,2,-14,21,4,7,-27,-2533,-2555,-2541,-2563,-2478,2528,2499,-2516,-2481,2233,-27930,-23092,-28019,-25596,-25075,25328,25041,-25343,-25040,24797,-24779,24802,-25075,-76,6,-8,42,22,3,-35,9,-22,-10,-45,34,-23,-17,-5,-6,19,0,27,-17,-24,3,2,14,8,13,17,-6,6,7,-14,37,-10,54,-7,-1,4,-21,0,17,-25,26,0,15,2,-2,48,7,30,25,30,26,-8,-13,-3,9,17,11,10,14,-3,4,-5,4,23,9,-15,-4,-4,6,9,22,-10,14,19,30,5,-1,-24,17,-1,20,12,8,-11,5,5,15,25,7,-1,12,12,27,-18,-20,-11,-19,14,2,8,-3,27,22,-21,10,0,-2,-22,25,2,-20,5,-2,-11,10,5,12,11,-17,12,8,-14,5,-5,11,-6,-19,12,9,12,0,0,0,0,0,0,0,0,0,0,0,0,0,0,0,0,0,0
0,-9,-15,6,6,1,-5,3,10,15,20,13,9,2,-19,19,17,-3,-2,4,1,23,-29,-6,17,30,22,19,4,13,-7,11,-7,-2,-6,15,-6,-14,-6,8,16,-38,-10,-36,-35,-28,-15,-68,32,15,-17,-15,1,-54,25,-25,-10,13,-1,7,23,0,9,10,5,14,9,2,-16,-28,-23,37,29,-12,12,10,-5,-13,-2536,-2565,-2527,-2534,-2453,2559,2515,-2560,-2522,2243,-27932,-23028,-28025,-25604,-25001,25324,25078,-25276,-25052,24849,-24807,24801,-25030,-100,26,4,-31,-30,-30,18,15,-28,31,-26,1,11,-7,-15,8,-6,18,-7,24,-10,-26,33,2,-13,6,10,-8,14,34,37,2,12,45,-13,7,-2,4,-12,54,25,10,7,3,20,1,-14,-1,24,-11,8,-24,27,-2,12,17,-9,-14,-12,3,-1,27,24,-4,22,28,11,0,3,-24,39,-8,16,12,-6,-10,25,10,8,2,-8,23,25,27,10,26,34,-1,0,10,23,25,8,28,-10,17,46,18,4,15,-9,5,-9,18,14,25,-5,-3,-1,-12,8,17,7,8,3,20,-8,-1,-7,2,22,-2,-3,-9,14,11,3,20,16,-16,13,0,0,0,0,0,0,0,0,0,0,0,0,0,0,0,0,0,0
0,0,-1,-11,2,-21,13,-1,19,20,8,4,4,1,1,-11,-4,1,-8,-7,7,15,-18,-27,-6,0,1,11,12,5,-10,-1,10,-8,2,7,-3,2,-1,-12,-8,-9,-24,-56,-45,-21,-42,-23,73,60,-22,-50,54,-41,48,-20,-2,31,35,39,3,19,-1,24,-24,4,-4,0,8,16,8,20,24,9,4,9,-9,-50,-2554,-2531,-2561,-2571,-2493,2519,2493,-2525,-2487,2217,-27908,-23053,-28086,-25544,-25058,25287,25037,-25350,-25078,24826,-24826,24854,-25051,-135,2,15,-10,-10,-24,2,-33,-5,41,3,-1,32,-10,-29,-11,-13,23,-10,-9,21,-1,13,8,31,-15,44,28,25,25,-6,49,-20,31,-6,-25,13,26,21,20,10,23,-30,-14,5,-16,-10,1,23,-13,3,15,-5,-29,-4,29,-5,14,2,40,36,-12,21,-22,-6,30,4,31,14,-1,-7,-11,-6,-1,7,-2,12,9,-2,11,0,-39,8,-17,13,-5,5,19,11,31,14,28,24,9,30,-3,-15,9,-44,-4,2,9,-9,7,2,0,23,-1,-7,-17,-12,21,15,29,18,-18,14,5,12,-8,3,3,-11,29,2,-2,11,23,23,6,3,0,0,0,0,0,0,0,0,0,0,0,0,0,0,0,0,0,0
-256,26,20,-11,18,13,8,-4,-16,25,-3,17,17,4,4,9,27,9,11,36,20,19,10,-7,-3,14,4,17,-15,8,11,-8,18,-4,-21,-11,36,11,4,-6,-12,5,-8,-28,-47,-26,-56,-41,33,29,-21,-37,42,-34,48,-10,-6,8,21,-1,28,25,36,19,5,12,-18,17,25,4,-23,-14,32,15,-6,-16,-37,-34,-2522,-2560,-2579,-2548,-2520,2528,2511,-2533,-2496,2274,-27901,-23025,-28045,-25505,-25016,25307,25074,-25347,-25019,24846,-24824,24806,-25063,-101,6,-5,-3,21,10,-3,-4,8,-34,6,13,14,10,-11,8,-18,9,1,24,-22,28,5,13,19,-18,-48,-30,3,0,8,42,-21,-14,2,11,20,3,7,9,-10,8,-4,5,1,19,15,27,15,1,-22,17,24,9,-3,11,2,6,-14,16,5,33,-4,-21,-18,22,7,2,12,-8,-12,3,11,14,13,10,7,-8,-24,19,9,23,21,20,1,0,-6,-6,-5,13,-29,-14,-8,-5,2,11,10,11,14,0,5,-23,6,1,14,10,-20,-1,-13,7,-16,17,-14,6,19,12,-2,22,0,-11,47,5,10,11,20,48,9,2,1,18,-9,0,0,0,0,0,0,0,0,0,0,0,0,0,0,0,0,0,0
0,28,-14,-5,18,7,-9,7,4,-6,-5,5,17,19,7,14,4,-14,-10,3,27,19,8,-3,-32,2,0,3,-4,16,32,9,39,4,-18,-5,28,-19,31,23,-1,-11,-22,-22,-56,-53,-11,-20,29,32,-47,-26,63,-33,47,-22,10,2,3,1,5,6,28,7,0,27,22,10,14,18,-6,20,16,-7,-10,8,-24,-39,-2499,-2554,-2516,-2534,-2495,2495,2532,-2556,-2523,2215,-27864,-23094,-28056,-25556,-25054,25282,25085,-25315,-25055,24816,-24796,24819,-25063,-87,12,-9,22,-19,-20,47,-33,0,-44,-15,35,22,1,17,26,-13,3,8,9,14,-4,1,-2,14,7,-3,3,-4,5,-4,23,-39,-28,6,30,-10,2,-29,2,-23,23,37,11,14,-20,4,-11,-5,19,4,19,-7,20,19,-9,-1,8,16,23,0,14,-8,-6,12,-23,2,-17,-18,22,-12,20,-2,20,30,42,3,0,-2,-2,-7,-22,-2,4,-3,15,-19,0,6,-16,15,-11,-25,26,12,-3,3,-1,-7,4,25,7,4,7,-10,12,-10,19,2,17,0,-1,6,12,6,6,17,-2,7,-2,22,18,-8,-9,11,18,-4,14,-6,5,-16,0,0,0,0,0,0,0,0,0,0,0,0,0,0,0,0,0,0
-256,35,7,27,-5,13,22,3,-2,15,-3,-3,2,9,17,23,-15,-23,26,-10,15,17,13,-10,-17,-4,-6,16,-7,-6,6,-5,-16,5,16,6,-22,6,-16,8,-1,-25,-9,4,-19,-34,-45,-42,35,51,-37,-22,45,-18,44,-68,27,1,34,-18,8,6,30,6,7,-5,21,14,-21,-2,-20,32,22,6,40,44,7,-1,-2543,-2536,-2584,-2590,-2500,2506,2522,-2484,-2497,2237,-27932,-23076,-28064,-25560,-25050,25326,25057,-25324,-25007,24843,-24796,24832,-25056,-97,7,19,39,2,13,-17,27,28,52,17,3,0,-5,5,-21,-1,28,32,16,15,27,32,16,10,44,45,-16,-57,-4,-18,12,29,27,17,1,-1,37,18,-19,14,-8,7,-11,-9,-5,6,13,-3,43,-6,-5,23,-2,10,14,-6,11,-10,26,18,-6,24,1,19,33,-6,2,18,6,11,3,-13,6,24,-2,3,27,-6,15,14,2,5,0,-11,-9,-7,12,-11,13,20,10,-24,27,-15,0,9,-6,-7,-7,34,9,-2,27,0,10,-4,-9,21,-26,-9,16,-1,8,19,-8,20,1,-2,2,-8,37,18,20,27,2,2,24,0,31,-7,0,0,0,0,0,0,0,0,0,0,0,0,0,0,0,0,0,0
0,-9,6,12,-5,-17,-2,6,15,-4,5,14,-2,6,10,14,-1,-10,17,7,13,37,14,-24,9,4,23,6,-7,-6,11,10,19,5,-5,30,22,-13,8,-12,4,-12,24,-40,-10,-18,-36,-32,49,34,-36,-21,28,-36,43,-23,9,11,16,19,26,14,-30,19,3,34,24,-23,27,-8,13,-21,26,16,14,-5,-18,-28,-2533,-2560,-2563,-2529,-2506,2526,2539,-2520,-2523,2211,-27880,-23045,-28048,-25547,-25055,25352,25100,-25324,-25057,24864,-24814,24822,-25072,-145,0,-7,-4,-17,23,-7,-35,20,11,14,15,1,22,-9,-40,2,-46,-14,14,-14,-27,-4,-17,24,24,-22,-25,6,-15,-4,9,-21,-3,-17,-3,10,6,14,36,11,-11,7,6,15,22,-15,15,8,-4,1,-2,15,7,-3,3,9,15,0,0,9,33,-7,6,-2,1,4,3,25,-20,-13,10,-5,17,-3,-16,1,-9,13,10,22,5,-22,2,3,-1,5,-12,26,-3,18,21,-10,2,5,-5,40,-7,26,-2,-6,7,-1,5,-1,21,22,25,-1,11,11,-1,6,7,9,10,-3,-3,19,-4,19,17,-1,-1,-4,13,5,5,-2,13,6,0,0,0,0,0,0,0,0,0,0,0,0,0,0,0,0,0,0
0,17,4,-15,16,-22,13,6,0,8,-2,33,4,18,20,-1,-6,19,-31,16,-5,8,26,18,-3,9,2,-21,-7,-1,14,16,-2,-9,-18,1,1,-21,-1,21,-7,2,-11,-41,-21,-38,-26,-25,35,65,-42,-31,41,-51,36,-55,7,19,7,10,0,-25,-1,-17,-11,17,-5,-8,10,17,-18,-2,9,42,13,18,9,-26,-2565,-2530,-2546,-2555,-2486,2521,2498,-2529,-2485,2256,-27924,-23063,-28031,-25578,-25059,25307,25027,-25294,-25063,24839,-24753,24813,-25085,-87,-7,-27,-3,9,58,20,-6,18,-5,1,-19,-6,21,-3,-12,-40,-11,-9,27,30,33,20,12,18,-24,16,29,7,-22,22,16,-4,19,-11,12,-4,45,-18,36,32,-17,-22,16,1,1,-21,14,0,4,5,21,-21,10,11,-27,-4,14,18,12,-10,29,6,4,-51,41,-29,-2,-9,-1,6,11,14,19,3,15,9,16,4,21,12,31,11,-4,-6,-5,9,11,-22,1,23,26,8,35,-7,13,0,3,-4,10,-18,26,-1,20,14,12,18,25,11,2,-3,14,20,2,1,-3,12,-15,30,7,-14,-1,11,14,17,19,11,17,9,-4,18,0,0,0,0,0,0,0,0,0,0,0,0,0,0,0,0,0,0
0,1,31,-12,16,28,-8,-5,5,2,2,7,-2,4,12,22,15,10,-7,5,28,0,-9,-11,11,10,17,-3,-4,13,-7,-3,18,14,16,-25,2,-29,-15,12,-13,33,-15,-64,-35,-34,-5,-25,29,77,-42,-40,44,-16,37,-30,2,-1,30,-12,-20,20,29,0,23,26,-4,15,7,3,-15,23,10,10,5,-8,-25,-39,-2552,-2569,-2555,-2556,-2546,2530,2484,-2513,-2480,2242,-27897,-23062,-28044,-25575,-25038,25314,25032,-25306,-25065,24798,-24786,24832,-25100,-128,32,22,-8,6,14,20,16,52,2,40,10,18,9,10,34,18,22,3,-1,-3,27,38,-1,-17,-74,1,11,-2,68,-25,35,14,28,-17,23,3,-20,-2,32,5,31,15,10,-16,-8,27,-12,-5,-12,-17,2,27,8,-3,-9,-14,29,-7,-10,23,0,-21,10,-3,-5,22,-9,12,-6,-15,7,23,4,-5,2,-5,2,0,-6,3,15,19,14,11,31,-3,29,-9,-18,0,5,-18,17,17,-14,-8,-5,20,4,-4,-2,6,-7,26,-6,-16,-1,1,7,39,11,-17,2,-2,0,-3,-1,-7,23,-5,12,-24,-4,7,23,16,11,22,-8,3,0,0,0,0,0,0,0,0,0,0,0,0,0,0,0,0,0,0
0,-5,17,6,-5,26,11,-23,6,-18,21,8,8,12,1,9,-22,4,-8,5,12,-11,-26,-1,12,24,1,14,-17,10,16,13,10,16,6,8,0,8,20,-5,-16,4,-7,-6,-12,-39,-18,-31,63,17,-45,-5,47,-30,32,-24,34,-3,-1,-6,9,-3,-37,5,15,37,-22,-38,3,13,-23,-6,-28,15,-31,-5,15,-33,-2547,-2540,-2559,-2563,-2519,2549,2508,-2511,-2486,2267,-27931,-23053,-28090,-25513,-25042,25336,25059,-25309,-25007,24823,-24823,24800,-25087,-97,6,-16,10,-46,-30,6,26,-16,13,-3,-19,7,-2,2,8,-2,12,2,-39,33,34,-7,-6,12,3,11,22,-1,-16,-11,11,14,-12,-43,12,24,-7,13,-7,5,24,1,-6,1,-26,21,-1,-18,10,-34,29,-2,0,26,17,0,29,25,21,32,3,-1,10,9,36,2,10,1,-8,-5,1,2,-12,8,-20,5,25,23,-11,3,-7,29,28,4,23,7,-2,-3,-11,-2,10,1,2,19,-9,2,20,-2,31,2,-4,-11,7,-5,22,1,21,22,28,-11,-10,20,-23,-13,1,19,23,-3,10,2,18,-22,-7,-14,19,13,0,-7,8,4,0,0,0,0,0,0,0,0,0,0,0,0,0,0,0,0,0,0
-256,-18,0,-18,-17,16,-14,13,3,-10,-12,-17,34,8,-10,-4,1,-1,18,18,0,11,17,-14,-23,45,-2,-22,-5,-1,-4,-16,-17,-12,3,-4,13,-7,-15,8,16,-5,-10,-27,-40,-17,-52,-34,48,69,-45,-47,40,-48,44,-39,4,13,13,-3,-3,16,-7,-26,32,-9,35,-3,-3,-4,-6,5,6,-25,-26,9,19,1,-2502,-2535,-2560,-2556,-2517,2558,2484,-2579,-2514,2207,-27899,-23069,-28053,-25571,-25016,25328,25052,-25300,-25045,24833,-24777,24815,-25071,-115,14,5,28,-21,-28,10,-10,17,20,-25,18,3,15,14,28,-4,-7,0,1,15,6,14,-13,28,4,-15,-44,15,9,-9,-16,-15,10,-25,-9,3,9,2,35,-13,3,9,7,-8,17,10,15,9,8,5,10,1,17,-15,12,11,28,18,-1,-18,17,24,13,45,-10,17,-9,5,-4,-3,-3,-8,-3,8,3,-6,-15,-36,1,-6,2,20,14,15,0,11,21,10,12,39,2,7,-8,25,16,7,23,2,-14,-11,7,24,23,12,5,-21,0,16,-6,-8,-5,-10,-3,2,7,-24,9,-8,8,-5,4,-18,21,-3,26,12,8,-3,7,-4,0,0,0,0,0,0,0,0,0,0,0,0,0,0,0,0,0,0
-256,-1,3,6,8,-4,17,6,-12,9,11,-7,-2,0,11,-13,-18,1,0,-2,13,10,13,0,1,-17,6,11,-20,17,3,39,-1,15,27,4,10,6,16,22,-22,4,18,-22,-13,-19,-9,-21,60,30,-24,-8,61,-62,44,-7,3,1,19,23,13,4,-18,20,-33,5,11,-4,18,-8,7,-4,12,26,42,6,3,4,-2518,-2550,-2559,-2597,-2496,2525,2510,-2506,-2473,2263,-27917,-23109,-28072,-25588,-24989,25305,25086,-25324,-25054,24833,-24804,24829,-25071,-127,18,-18,-17,21,12,7,32,12,-1,13,-41,1,21,21,14,52,-18,37,37,-25,50,2,-19,34,33,4,-11,13,17,2,-16,-7,23,2,-7,6,3,-14,13,17,29,52,2,8,22,-9,-8,7,-3,15,-2,3,3,-11,13,0,-1,-4,8,-16,5,9,17,4,22,25,-4,38,8,-18,14,-12,10,6,-5,-8,-11,16,30,11,21,-10,18,-16,20,18,3,19,17,-6,10,2,-28,-3,-6,20,2,16,-9,-34,-2,13,18,21,10,7,8,-8,19,14,-12,18,-5,-9,-14,9,-13,-8,-1,-7,-11,-16,17,19,-11,5,1,14,15,-13,0,0,0,0,0,0,0,0,0,0,0,0,0,0,0,0,0,0
0,37,-17,-3,-4,22,-1,-4,9,15,5,12,-12,18,19,12,-3,23,-16,3,19,-5,12,-13,7,-9,33,25,1,25,22,-20,-9,28,6,5,13,-3,17,3,-19,-9,1,-28,-41,-23,-8,-1,41,46,-37,-54,4,-57,22,18,-4,20,-26,-10,4,3,0,7,13,0,28,21,0,36,-1,22,15,-29,17,-13,13,-69,-2540,-2538,-2534,-2554,-2484,2538,2476,-2541,-2515,2194,-27904,-23065,-28011,-25527,-25041,25322,25049,-25257,-25063,24825,-24834,24810,-25093,-113,49,-13,-16,-6,-19,-2,-1,-32,2,-21,-29,-3,-15,0,20,13,16,14,-9,19,28,-8,4,-32,-18,14,32,10,4,-1,4,3,-12,20,-2,6,-1,11,-10,-14,-4,-15,6,16,-31,-35,-14,32,14,16,22,2,-15,2,-10,10,1,20,10,-7,6,4,2,-5,-3,-13,1,-12,23,14,19,5,-1,-9,4,10,0,-11,1,17,3,6,-6,6,2,22,-4,21,-17,-21,-28,6,9,20,-8,24,10,19,10,3,13,10,-7,-5,2,25,-6,17,7,-1,15,-17,42,-17,11,15,5,23,-9,11,42,-8,5,-7,-1,16,-2,16,-1,1,0,0,0,0,0,0,0,0,0,0,0,0,0,0,0,0,0,0
0,-3,9,0,-10,5,12,-2,4,-2,24,-2,0,17,7,7,14,-2,9,4,14,-2,6,8,3,8,8,28,11,35,38,6,6,8,-11,-8,17,6,17,20,-9,19,11,-25,-1,-40,-19,-27,46,23,-29,-25,37,-36,55,-3,23,7,9,25,30,23,-6,23,4,44,37,-18,32,14,36,-14,21,-11,9,4,-10,-15,-2512,-2551,-2576,-2535,-2467,2504,2484,-2505,-2512,2241,-27879,-23061,-28056,-25613,-25028,25329,25070,-25321,-25054,24799,-24838,24826,-25085,-100,16,40,-12,-7,-10,4,-9,6,6,51,49,74,14,-11,30,38,25,11,17,-33,48,-6,-31,22,0,-15,8,8,-21,12,2,23,-31,-20,17,-4,-21,36,12,7,-25,-12,18,5,-22,23,20,16,18,-3,2,-6,-8,26,24,21,29,8,7,0,2,7,-1,-10,25,0,31,40,5,7,6,4,-3,19,4,16,23,-16,19,7,26,-5,-16,18,32,-29,27,-32,-6,6,2,19,-25,-9,6,-2,-1,-1,10,3,-1,-10,-25,-10,-21,11,16,-2,1,-16,-8,-11,-10,5,18,-2,-7,7,6,26,-7,7,-9,-13,31,5,6,1,8,-5,0,0,0,0,0,0,0,0,0,0,0,0,0,0,0,0,0,0
0,-17,-17,15,14,-8,2,22,5,0,1,-14,10,10,12,-6,15,-5,-11,7,18,8,7,-10,-26,0,2,49,6,1,6,-19,15,14,-19,7,13,-4,13,3,12,26,19,-23,-19,-36,-23,-1,44,42,-45,-57,51,-46,28,-15,25,18,10,6,12,20,25,30,4,-4,-8,5,-22,-12,-10,-4,24,-34,-3,-18,32,-9,-2581,-2560,-2554,-2544,-2475,2557,2528,-2539,-2447,2248,-27928,-23069,-28001,-25575,-25057,25347,25052,-25336,-25041,24846,-24785,24820,-25066,-90,-20,-22,22,-17,-28,-11,41,18,23,18,-16,-38,-16,-18,31,15,4,3,11,-6,-24,16,14,-6,20,1,-5,6,16,18,26,1,13,-2,31,9,19,-1,-11,12,10,-18,-7,-31,9,26,19,4,4,-10,15,-9,16,15,-22,-7,-4,11,-7,5,-15,-13,16,1,18,15,5,5,14,-7,0,1,-4,-17,-9,-29,8,8,-27,22,-18,31,24,11,19,15,17,-1,21,8,7,15,-9,8,44,0,18,25,-22,-4,-2,14,7,-11,-24,-3,-8,-11,17,13,-16,12,5,-4,18,-11,37,0,-15,6,16,33,7,10,35,1,4,0,36,-4,0,0,0,0,0,0,0,0,0,0,0,0,0,0,0,0,0,0
0,-15,11,17,-19,-2,30,14,-7,29,1,-4,-2,18,12,32,21,-1,11,33,11,9,24,-2,-1,-14,-22,23,-9,-21,29,12,-14,24,5,31,16,-34,32,45,-6,2,-16,-21,-42,-30,-11,-51,22,62,-52,-12,37,13,44,-62,1,14,1,13,-33,-15,8,-34,11,-14,-12,-12,-13,20,8,15,0,-12,-12,40,-17,-12,-2558,-2559,-2579,-2544,-2530,2517,2503,-2564,-2491,2262,-27871,-23080,-28055,-25556,-25001,25306,25048,-25329,-25045,24794,-24780,24823,-25072,-73,-23,29,-10,21,3,9,7,12,6,2,-7,26,6,12,-12,-20,19,-15,-20,18,-16,-28,-15,16,18,-1,35,-27,44,33,-10,24,19,47,15,3,25,31,18,-3,-3,21,4,18,-17,16,-3,8,-13,8,-9,16,28,13,20,5,-26,2,9,-15,35,9,6,2,-28,27,12,15,8,-16,5,15,15,0,-18,-2,2,6,1,-4,11,-23,-3,7,9,7,-2,11,16,20,23,3,-6,29,-11,19,4,-12,36,4,-9,13,36,2,5,9,-1,8,12,-2,23,21,-25,1,19,16,33,-13,17,-2,24,35,36,-9,1,20,-35,-19,31,31,0,0,0,0,0,0,0,0,0,0,0,0,0,0,0,0,0,0
0,28,-12,-8,11,15,-10,7,-10,2,9,-15,21,23,8,4,7,-8,-27,9,-9,12,5,1,25,3,-29,-14,11,-16,16,-1,-15,11,7,25,17,6,-14,18,-30,-11,-1,-32,-21,-41,-33,-50,42,43,-40,-51,26,-38,24,-31,31,-17,-3,20,-24,10,-22,36,-9,-4,18,5,4,23,5,3,11,-22,2,0,4,-10,-2552,-2517,-2526,-2562,-2531,2497,2482,-2544,-2481,2245,-27892,-23080,-28003,-25580,-25024,25346,25019,-25369,-25023,24817,-24774,24790,-25034,-139,34,-3,-5,4,-5,38,-10,-47,12,40,5,-7,9,27,27,38,-5,-30,-56,-22,14,-3,-1,-42,11,46,6,4,-15,12,7,-1,-9,18,11,12,-17,2,1,12,-50,9,13,-9,-16,-11,-15,8,23,22,5,2,-17,-5,12,15,14,-9,0,-1,-4,12,4,19,-17,7,8,8,10,10,-19,-33,10,2,4,26,-1,-6,-8,-4,-3,28,-22,-2,-8,26,17,-12,20,2,8,0,-12,16,24,20,0,-6,4,20,-10,-5,7,8,-20,22,-17,16,-8,-3,3,25,32,-2,-10,28,26,5,17,15,8,14,4,-9,2,-16,-13,29,8,19,0,0,0,0,0,0,0,0,0,0,0,0,0,0,0,0,0,0
-256,-5,-36,9,25,-5,13,-12,-21,-5,20,0,-1,9,-3,-25,5,6,-14,27,-17,-14,-6,-3,0,4,12,10,33,9,-1,23,24,-7,8,3,1,4,-7,10,-11,-26,-9,-12,-27,-55,-30,-55,44,42,-21,-16,29,-16,62,-55,1,-18,9,-7,-21,13,15,14,3,-15,14,8,7,19,16,-2,7,7,-25,-10,11,-32,-2568,-2550,-2569,-2549,-2520,2572,2477,-2527,-2506,2278,-27911,-23067,-28039,-25555,-25019,25312,25027,-25328,-25044,24837,-24806,24786,-25105,-101,11,12,48,11,17,55,-12,36,50,-9,-9,41,24,-5,18,9,8,-1,-9,4,8,-4,22,3,-29,13,-18,-9,-31,29,34,45,37,11,-19,20,-13,-15,11,4,22,-24,-11,10,4,5,-4,18,-1,0,11,5,8,16,-30,20,11,10,1,28,28,15,15,-6,3,4,18,13,26,11,-27,-6,1,10,16,22,-14,9,29,24,24,22,15,8,31,21,29,16,-2,17,18,-19,-20,11,1,-7,9,-11,25,6,0,-5,-7,12,26,6,14,1,22,22,3,-25,3,6,14,-4,8,1,30,-16,-5,-17,8,-1,11,0,34,-16,18,-12,0,0,0,0,0,0,0,0,0,0,0,0,0,0,0,0,0,0
0,-20,-12,-3,12,-8,-8,-1,14,10,-4,26,29,-10,23,-1,-14,-21,0,10,7,-12,13,-12,23,26,17,2,-5,25,13,-2,5,4,34,6,0,27,15,23,3,21,-15,-10,-38,-12,-50,-22,21,29,-21,-41,21,-4,46,-33,8,9,27,-24,20,21,16,-16,-1,-12,-20,-17,-6,30,8,-1,16,-14,23,-22,-11,4,-2512,-2549,-2535,-2575,-2534,2559,2524,-2574,-2511,2244,-27916,-23057,-27993,-25523,-25071,25272,25076,-25270,-25036,24826,-24775,24816,-25087,-112,13,-18,24,29,-10,5,-13,10,13,29,0,-3,-9,37,-8,48,23,32,22,5,-2,-24,41,15,-5,-13,26,-7,-9,17,-13,-5,40,16,29,22,1,-12,21,5,0,15,-6,-1,-16,-9,-2,-2,2,3,2,14,23,22,6,-1,1,-9,-18,9,-7,-2,26,-2,11,18,-2,29,-4,8,20,4,-34,-15,-19,6,1,31,17,0,19,19,22,2,-26,18,6,5,7,35,5,-10,-22,12,-8,-1,3,20,24,29,7,7,-7,0,34,-24,-2,12,3,-12,18,19,1,-18,12,11,14,6,16,1,2,19,-9,13,19,1,26,10,17,8,0,0,0,0,0,0,0,0,0,0,0,0,0,0,0,0,0,0
-256,5,-14,-7,1,-19,-7,-4,-8,-12,0,21,-6,10,32,5,18,-2,-19,-20,-1,-17,9,10,0,-8,-31,5,24,6,11,-7,18,-1,1,-22,10,20,2,2,-16,12,22,-43,-43,-15,-25,-36,48,7,-49,-23,38,-25,50,-27,7,2,3,-7,-16,-11,5,-20,-6,6,-25,-7,12,19,23,29,-19,-12,25,11,-8,-18,-2527,-2536,-2552,-2545,-2519,2543,2499,-2534,-2485,2218,-27928,-23050,-28045,-25553,-25041,25334,25024,-25290,-25024,24820,-24828,24791,-25052,-117,17,2,11,-8,-39,-15,4,0,-30,-17,-59,-18,5,-10,5,38,17,20,-12,2,33,9,-14,21,-30,0,36,-6,-9,-19,-30,40,4,22,37,3,17,-16,-7,39,34,6,11,-7,2,-6,0,1,16,10,3,13,-11,27,15,3,27,5,-1,18,31,-10,10,-15,7,3,16,2,4,13,5,-1,-9,-2,27,-8,-8,-12,-11,27,-3,6,22,22,14,4,7,11,0,-12,-16,1,-3,19,9,4,9,9,16,-13,0,-1,-6,6,13,35,-3,15,5,9,-5,13,33,26,-4,7,23,3,16,27,-10,8,21,-6,7,40,11,-6,3,-3,0,0,0,0,0,0,0,0,0,0,0,0,0,0,0,0,0,0
0,-2,-6,10,18,18,17,12,-19,11,4,21,15,20,1,15,5,-8,31,21,5,7,1,-19,-6,23,20,-33,-2,4,1,-4,9,12,0,12,2,18,19,17,13,-21,15,-30,-18,-6,-48,-43,45,59,-60,-51,50,-23,28,-33,5,5,-14,6,11,0,-14,10,1,12,-13,-14,16,-30,-4,13,11,-3,-14,44,29,-15,-2544,-2555,-2564,-2528,-2491,2534,2517,-2510,-2504,2239,-27882,-23051,-28031,-25562,-25052,25342,25044,-25277,-25072,24880,-24822,24830,-25057,-141,-1,-8,32,-9,-2,13,8,3,-4,-6,14,-12,-26,-13,26,-1,11,25,-24,-34,3,23,40,-22,-15,4,-10,-21,23,25,17,-37,7,34,-9,-2,-15,-6,24,7,22,-10,1,22,3,-5,-24,6,-4,-18,16,38,-11,-7,-7,0,24,-2,17,20,7,-15,-2,-15,0,19,2,-17,26,15,-11,-13,19,11,7,31,7,-10,7,16,17,26,22,13,35,15,13,15,2,11,1,2,2,6,8,6,-5,3,-5,12,-4,15,3,24,-1,7,16,-30,-3,1,-22,-15,25,-19,-13,4,-5,5,13,3,19,-23,11,15,1,7,4,-2,-14,0,0,0,0,0,0,0,0,0,0,0,0,0,0,0,0,0,0,0
-256,-21,8,15,10,7,1,-2,-9,14,0,-3,-14,-3,20,-3,5,-16,18,24,6,0,0,4,1,-4,5,-15,-6,-11,-4,-5,2,7,22,2,11,2,9,-6,-6,4,-19,-8,-41,-22,-22,-36,54,30,-41,-12,46,-41,53,-37,-13,-18,9,-2,36,12,38,21,26,-16,32,10,15,23,-20,50,-25,-16,-10,16,19,-39,-2524,-2552,-2539,-2537,-2534,2557,2510,-2537,-2495,2247,-27916,-23072,-28044,-25552,-25034,25358,25025,-25319,-25118,24790,-24843,24812,-25054,-119,-33,9,-22,-15,-4,18,6,-16,11,-11,11,-7,-2,29,2,12,38,36,-5,28,-41,-10,-13,-17,-10,-7,8,-26,17,23,38,14,-10,1,3,-24,-32,-28,30,24,-12,8,-14,17,-9,-3,32,21,-12,27,-3,15,-5,8,-2,-12,38,13,15,6,-7,-3,-3,-3,-10,7,1,27,-15,12,12,6,2,38,5,11,8,21,20,-9,5,0,19,4,2,17,-13,17,0,-7,-6,-20,4,4,6,0,2,7,13,-19,14,24,-3,-6,-1,-5,26,-6,5,11,-23,11,4,-10,6,1,1,-1,-12,-36,26,12,29,13,4,8,7,-12,13,17,0,0,0,0,0,0,0,0,0,0,0,0,0,0,0,0,0,0
-256,-3,3,25,4,12,-3,-6,18,20,1,17,-2,-4,-5,16,-12,-15,13,-34,-12,21,7,7,-2,1,16,-6,22,5,7,3,-7,5,4,20,11,2,1,-2,3,-7,-20,-46,-22,-43,-22,-14,53,16,-12,-30,25,-31,38,-35,13,2,14,-3,-24,-1,2,-1,-28,15,-2,-9,-8,-11,35,46,35,-13,44,17,5,-10,-2523,-2547,-2563,-2517,-2491,2522,2503,-2519,-2488,2223,-27925,-23071,-28061,-25523,-25069,25314,25098,-25347,-25055,24811,-24841,24782,-25042,-108,22,11,-18,11,1,7,-17,6,22,49,-2,-8,8,30,3,30,11,-6,-26,-2,10,37,-3,8,15,-8,4,-10,19,5,26,-5,0,-10,39,-24,43,-21,8,21,48,31,13,27,7,-8,21,41,-22,13,-5,22,8,14,5,-1,-9,9,-1,3,9,3,-7,-2,-36,8,-10,-3,6,-23,22,25,-9,4,17,-7,26,13,20,12,6,4,14,20,17,30,-2,-9,-9,32,3,-7,38,-13,13,-24,-6,3,16,8,18,-20,-10,25,17,6,-18,11,31,1,21,-5,3,18,-19,12,20,10,21,13,3,5,-7,-28,10,21,4,-1,-14,15,0,0,0,0,0,0,0,0,0,0,0,0,0,0,0,0,0,0
