-256,-9,18,5,-7,13,4,8,-3,-1,-2,7,0,13,27,-8,-4,17,12,-4,2,4,-11,-28,8,-13,1,-11,-34,7,-20,-7,21,19,-2,553,27483,27036,27036,27066,25997,-27876,-25986,27914,25982,-26812,26824,-26811,27374,-414,-27,-14,18,2,13,5,-6,-10,-24,-1,11,16,-17,1,17,12,30,-21,-12,-36,-29,3,8,26,4,17,14,-29,11,30,-15,137,112,120,122,85,-74,-102,107,94,-106,1127,868,1289,13226,12459,-13422,-12479,13420,12484,-12893,12894,-12874,13157,-192,-5,12,-21,29,-24,11,-3,16,5,-31,-20,-5,-2,-34,2,27,2,9,0,-8,8,4,26,16,-33,-13,-18,-8,6,-19,16,6,-5,-17,-9,-1,-17,-2,-22,13,-7,3,-28,-8,-8,2,-20,-5,-6,-25,-15,-8,4,27,-15,-30,-32,-2,-7,4,24,-15,4,2,9,-3,-19,6,-19,18,13,-17,9,-4,-46,-1,2,-9,14,5,-16,-31,19,-7,-17,9,-26,-10,-19,18,11,7,12,-10,-19,-10,-23,3,4,8,16,-22,-8,-34,16,13,14,3,-33,-17,-18,0,2,4,-8,-9,26,1,11,-1,11,-14,-11,-27,8,17,-11,-1,-1,-2,-1,-2,-2,0,-1,-1,-1,0,-1,-2,-1,-2,-2,-2,-1
-256,-3,2,-6,13,-3,-10,18,-6,7,-7,-12,1,-5,14,-17,18,16,22,-8,-9,-14,12,19,25,24,-1,-12,-2,9,0,-1,-11,4,16,510,27509,27045,27048,27071,25974,-27917,-26002,27889,25996,-26829,26819,-26824,27361,-435,6,-30,-5,-8,16,6,-1,0,-6,-1,-21,-5,23,-8,-19,-9,-9,33,3,-26,-19,12,-20,22,6,10,13,0,23,14,21,-49,-75,-58,-51,-108,60,9,-68,-84,-525,-30622,-30037,-30141,-30094,-28883,31026,28897,-30480,-28347,29278,-29258,29286,-29868,445,-17,-10,-17,11,-5,-38,-42,-32,-47,-1,-18,-15,-15,23,26,-4,-10,-9,40,1,7,-34,30,-40,1,-16,-3,14,-19,13,10,-18,-2,1,25,17,0,-24,35,18,13,4,25,-17,-9,0,-6,12,6,-20,-9,1,18,-18,-10,17,-8,-4,-8,-8,31,7,5,-9,8,13,-8,-11,-2,9,-15,2,7,9,19,7,-17,25,5,11,37,38,10,-14,-13,10,2,-1,12,15,16,2,-18,-20,19,3,-27,-15,-44,-5,1,0,10,35,5,12,-30,15,-31,-4,-14,-10,-18,12,35,2,-12,-4,-8,15,8,15,-16,-16,13,8,19,-1,-1,-2,-1,-2,-2,0,-1,-1,-1,0,-1,-2,-1,-2,-2,-2,-1
-256,1,17,12,10,26,-6,26,18,26,-11,-6,3,4,-19,5,12,-9,29,-8,6,5,-8,9,4,17,-11,-2,-5,-20,-10,-10,1,8,6,523,27472,27025,27050,27045,25957,-27893,-25974,27895,25974,-26822,26828,-26841,27349,-439,-13,-7,8,11,-22,25,4,-32,-10,-2,-10,-19,15,1,5,-18,-14,5,42,3,23,5,13,12,10,4,-35,1,-2,2,-4,-57,-34,-30,-32,-29,-10,35,-1,15,431,21113,20900,20764,20796,19985,-21455,-19950,21448,19939,-20577,22932,-22988,23438,-397,-8,-9,5,7,12,10,22,13,0,2,19,4,4,10,-49,34,4,-4,18,-30,8,-23,10,-36,8,-4,-46,11,30,-6,-23,-20,34,26,-32,-8,15,8,-13,15,-6,31,-11,-4,-6,3,-25,6,3,6,19,3,-25,6,-6,21,-4,-2,-4,-2,-3,6,0,32,-3,1,-5,5,-5,-20,9,20,0,0,-7,-6,11,16,-13,-11,-31,3,-32,-16,-1,16,25,-12,2,1,-5,8,-22,-11,8,19,16,-7,-4,-10,13,-16,11,-8,16,-18,-10,-17,-14,-35,12,-4,-10,-5,-13,-21,4,40,-5,15,18,-26,-17,-14,0,-1,-8,-1,-1,-2,-1,-2,-2,0,-1,-1,-1,0,-1,-2,-1,-2,-2,-2,-1
-256,-6,-15,29,3,-5,0,6,-16,-16,7,-12,-11,-42,2,4,-17,-20,-15,-10,-2,-6,-5,6,31,-11,-9,13,-2,2,15,-2,-5,10,4,532,27481,27057,27059,27065,25987,-27943,-25992,27923,25985,-26814,26821,-26828,27360,-433,-4,-14,5,-22,4,-3,-14,-42,8,-37,-7,-7,22,-1,8,-16,6,20,-6,19,2,-32,6,2,13,-10,-10,6,-3,21,25,83,104,87,72,94,-64,-88,106,99,-16,4739,4493,4657,4594,4399,-4711,-4422,4728,4400,-4581,4517,-4512,4639,-75,41,-12,6,-36,24,10,15,-2,-12,-34,-36,-30,1,-8,8,-7,11,-2,-1,-1,-20,-4,5,15,-1,-10,4,9,14,-26,12,1,3,11,5,21,4,8,-19,-4,21,3,-11,-9,-4,-11,35,-10,-16,27,-29,10,-33,-3,-8,-1,-16,32,8,-6,-5,7,12,17,-12,-22,5,18,4,-2,12,15,-17,-30,10,-15,-7,24,15,-7,-7,11,57,-15,13,-18,-25,-5,1,-42,19,1,4,-5,-11,20,29,1,-28,3,-32,1,-8,1,-8,19,35,11,-4,27,28,-21,22,2,12,9,31,19,6,-23,12,-1,-16,12,-46,22,-24,-1,-1,-2,-1,-2,-2,0,-1,-1,-1,0,-1,-2,-1,-2,-2,-2,-1
-256,-4,4,21,-5,-13,13,6,22,-24,18,-24,11,8,11,-11,26,17,-6,-41,14,-25,7,6,9,20,-24,13,-5,7,-4,-15,-17,-24,2,540,27504,27064,27052,27054,25971,-27889,-25986,27912,25994,-26828,26816,-26813,27343,-440,-16,-6,-13,-5,15,-5,19,11,7,10,-17,26,-5,16,-9,-4,36,-13,5,27,11,27,2,-15,-7,20,-3,24,-11,-32,-5,-107,-76,-42,-68,-52,119,68,-90,-83,-441,-26880,-26318,-26512,-26439,-25417,27285,25376,-27258,-25385,26161,-26211,26177,-26718,401,51,35,17,-56,27,-17,-8,3,-24,17,22,-15,-11,-20,-19,-14,-10,5,25,-10,-18,-16,-13,-11,14,4,0,-6,5,6,-12,10,21,-12,-23,-27,-21,12,-12,26,12,8,36,-9,-8,-22,-2,9,-3,-6,-7,-11,-12,8,4,-5,-7,-25,-20,-4,26,-15,12,-7,-4,-11,-18,1,-16,24,19,17,-29,-21,-1,-13,-4,3,-1,6,-16,-11,17,12,6,-3,-18,2,-17,0,-4,19,-31,9,6,-7,21,-22,36,0,11,16,-2,0,4,31,-17,15,0,9,4,-2,-6,-12,13,36,22,-2,2,-1,-4,-17,-9,-20,2,-4,-20,-1,-1,-2,-1,-2,-2,0,-1,-1,-1,0,-1,-2,-1,-2,-2,-2,-1
-256,-26,-1,-12,-18,10,21,16,10,-17,36,-12,-9,10,10,15,-24,-16,12,7,5,-24,7,-16,-11,-20,11,29,0,-7,3,13,-24,6,2,522,27464,27036,27045,27072,25967,-27899,-26002,27923,25967,-26826,26827,-26835,27360,-428,4,-40,-3,31,-10,-2,-26,4,18,36,-13,-14,5,-1,8,11,15,34,-10,-28,-30,7,-4,8,6,2,-15,-8,12,33,-2,0,29,-18,-27,15,-16,-46,10,-7,517,26714,27815,27799,27802,26662,-28671,-26697,28666,26689,-27593,27576,-27527,28094,-471,9,-11,-3,-7,-21,1,9,-10,-13,-21,-21,-10,27,3,-13,6,6,-10,-15,-9,14,14,8,10,-37,29,-6,31,14,-30,43,-21,-4,10,17,-4,-20,5,-18,11,-12,12,-3,9,-31,33,27,-7,-11,19,-22,-2,-27,14,16,3,27,-27,15,4,22,11,-8,-13,-13,-22,-31,-16,10,2,-2,-5,-13,11,9,-17,9,-25,-4,-14,0,-14,-16,-5,6,-13,-14,11,-22,-10,4,19,-21,5,-11,11,35,6,-6,-10,12,-3,-9,-11,-4,-23,10,8,4,5,4,-15,-9,-3,2,9,-14,-3,19,-4,-16,-7,-2,-10,-7,-2,-1,-1,-1,-2,-1,-2,-2,0,-1,-1,-1,0,-1,-2,-1,-2,-2,-2,-1
-256,-26,-15,-2,1,-14,5,6,-22,-1,15,23,11,-7,-14,1,4,-15,-2,0,-21,16,-7,-7,-10,21,-12,-13,-22,-12,-11,22,-4,9,4,546,27475,27038,27062,27077,25970,-27930,-25977,27935,25979,-26834,26840,-26847,27381,-416,8,3,7,4,27,-10,-2,0,-16,32,1,1,-15,-18,37,-17,6,-4,6,-1,-3,12,-6,17,17,28,-2,-28,28,-11,-3,43,84,80,77,95,-100,-75,103,93,-185,-4209,-4311,-4158,-4218,-4009,7823,7378,-7906,-7335,7599,-7564,7566,-7736,107,-22,-10,26,-4,-24,-5,-31,-44,17,-12,18,4,21,-21,1,12,-4,6,3,5,-16,-1,14,-7,-19,25,28,8,9,7,20,4,23,21,22,12,-21,-2,20,-1,-28,0,11,4,-2,0,-3,3,1,-2,-7,6,2,6,9,14,23,-6,9,9,-22,1,12,-21,13,19,13,-5,13,15,-5,22,-22,14,-17,-8,8,-9,15,-19,-14,-4,17,5,17,8,3,20,-4,15,24,-5,-24,18,26,-6,18,13,-12,-21,19,3,18,5,20,-17,-31,14,15,-19,16,14,24,19,12,5,1,-4,18,7,3,-16,-20,-6,4,-16,-6,-1,-1,-2,-1,-2,-2,0,-1,-1,-1,0,-1,-2,-1,-2,-2,-2,-1
-256,-14,28,-9,-2,4,-30,19,-10,-1,7,4,7,1,-12,-9,-30,-16,11,15,-25,-6,-5,-9,35,-2,-3,3,-32,-10,5,-10,-1,3,0,563,27467,27037,27061,27048,25960,-27894,-25984,27905,25974,-26816,26836,-26831,27365,-426,-15,1,7,1,1,-16,2,-3,-18,17,-3,11,-7,-3,14,19,21,7,1,7,-3,19,-10,30,-13,17,13,1,0,6,16,-33,-23,-62,-40,-46,29,30,-66,-57,-372,-21434,-21027,-21096,-21037,-20204,21716,20187,-21649,-17628,18256,-18246,18250,-18630,263,-14,32,-3,-18,5,17,19,11,35,-30,5,37,9,-1,0,20,-7,8,21,-33,11,21,-50,-13,-20,-32,-11,11,13,14,4,-35,-4,-7,-16,13,-17,14,6,15,-12,-15,-5,17,3,-8,-1,-12,12,-2,11,-5,-4,-5,33,12,-4,9,-11,-1,-18,19,5,1,36,15,-1,-28,20,-6,-9,12,2,-7,24,-7,19,0,-10,-7,3,-7,-8,-22,-5,-25,-22,-4,-22,-33,9,6,1,0,27,-19,-7,20,5,-5,-13,-1,-36,15,13,5,-4,-12,-31,3,13,-4,17,-11,3,-13,1,5,-4,0,15,-11,18,18,11,-10,-31,-1,-1,-2,-1,-2,-2,0,-1,-1,-1,0,-1,-2,-1,-2,-2,-2,-1
0,-14,6,7,19,-2,8,-5,11,-8,7,9,-4,9,-18,3,-4,-4,-14,9,-5,19,11,-13,-22,-9,-15,-23,-7,2,-4,37,-6,9,36,525,27504,27042,27068,27046,26000,-27911,-25952,27909,25964,-26809,26815,-26806,27356,-413,2,-5,7,17,27,23,-38,-12,6,-27,17,-12,18,-8,-3,11,9,-12,14,-22,-4,-10,-20,14,-12,27,-4,-12,-6,4,-17,19,70,106,99,56,-123,-111,85,120,523,30594,29957,30110,30057,28864,-31011,-28845,30973,28867,-29800,29790,-29780,30558,-484,-20,-26,-22,-5,-2,-37,-5,44,38,37,-1,0,17,15,13,-1,12,-26,7,6,-2,-12,-7,-41,19,5,11,42,-1,-1,-18,-36,2,19,17,14,-24,18,37,33,-12,11,19,1,-5,29,-14,-17,21,-13,-6,8,13,-1,-15,-16,-14,-1,14,14,38,-4,-3,7,-4,-18,1,13,13,-18,-2,-10,-8,-23,-21,-18,-15,-36,19,-20,0,-12,20,7,-20,11,0,-1,-20,9,2,0,-24,-15,6,-8,-25,22,-18,-9,-12,-4,33,1,-16,14,20,12,-2,4,7,-6,-5,11,-3,-2,-3,-17,-1,-27,-5,18,1,-15,25,-18,-19,-1,-1,-2,-1,-2,-2,0,-1,-1,-1,0,-1,-2,-1,-2,-2,-2,-1
-256,26,5,21,-26,-11,9,0,12,22,5,9,-20,0,8,20,5,13,16,-12,-15,34,-3,11,4,4,-9,2,26,-23,16,21,-6,-4,5,531,27504,27067,27034,27061,25990,-27909,-25966,27915,25982,-26835,26832,-26827,27376,-447,18,-6,-1,9,12,-11,9,-1,5,-33,1,-1,-42,-15,-3,-22,-28,-1,3,-27,21,5,-14,6,1,4,-6,11,-27,10,-24,-7,5,6,-3,18,-59,-28,26,61,-395,-15983,-15819,-15722,-15726,-15154,16255,15118,-16258,-15126,15620,-15656,15644,-15977,270,23,-30,-44,-16,16,31,10,21,4,19,13,-27,13,-37,8,21,12,17,19,18,-14,-14,0,-6,-1,6,37,58,6,42,17,12,-26,-20,-9,0,7,31,-13,-14,-25,-7,-4,6,3,5,-5,-12,-34,8,6,-8,-10,9,7,-25,-22,18,4,8,-10,-2,-15,6,-22,-13,2,-19,-5,-15,-19,-11,6,2,10,14,-25,-16,-18,3,14,-4,13,-3,-1,4,13,28,23,15,22,9,-3,-21,14,15,-26,7,-10,-18,9,-12,12,-4,-1,2,-6,12,-11,-20,32,-11,2,4,-7,-3,-6,4,38,-12,14,-23,0,14,10,0,2,-1,-1,-2,-1,-2,-2,0,-1,-1,-1,0,-1,-2,-1,-2,-2,-2,-1
-256,17,-6,-10,-21,15,-1,-2,-4,-11,2,17,3,2,19,7,7,5,-8,-6,-2,1,-14,-9,-4,15,-1,-5,-9,-7,23,19,1,16,9,556,27468,27084,27073,27059,25988,-27924,-25991,27935,25991,-26814,26789,-26850,27370,-445,-8,9,-1,1,28,-2,4,12,-19,15,-23,-15,17,2,17,5,-12,-5,17,20,20,18,-1,-15,-30,10,14,18,-31,-12,-38,-86,-74,-119,-118,-116,82,60,-114,-99,-159,-10977,-10612,-10829,-10716,-10297,11065,10285,-11092,-10259,10616,-10640,10638,-10838,139,-3,-15,-4,12,4,42,-14,-21,-6,-13,-13,-38,25,19,44,-2,13,1,-12,11,-17,41,7,-16,-14,-14,-4,0,-41,4,18,17,20,11,1,-21,-1,8,-16,25,13,-15,-7,-2,5,4,-5,1,-20,-23,18,39,-4,26,-14,4,-9,4,-10,-5,-13,10,-21,28,-18,-10,-22,-6,-31,32,-31,-3,10,-10,-1,-16,-10,2,-48,9,-35,-18,-21,-16,-17,-29,-26,-13,-12,-19,8,-16,4,26,-15,-11,-15,4,-4,-1,7,-24,-8,-13,-8,-21,-2,12,-1,2,2,19,-1,4,-10,-5,-13,5,1,8,-16,9,2,4,-19,-3,15,-1,-1,-2,-1,-2,-2,0,-1,-1,-1,0,-1,-2,-1,-2,-2,-2,-1
0,-2,-15,-14,-16,2,-3,8,5,2,-11,8,14,-10,-4,0,-7,-1,4,-35,2,1,-3,1,0,12,8,-2,-28,-8,-13,-15,-12,-6,-20,509,27480,27044,27015,27028,25972,-27933,-25960,27919,25999,-26818,26806,-26845,27333,-438,-11,6,-42,-27,-15,-13,-10,9,23,-17,7,-21,-19,-14,6,-13,2,-20,-6,-31,-19,14,-11,-33,-15,12,19,13,-8,-5,1,55,74,64,77,53,-65,-41,79,31,527,30246,29683,29773,28890,27737,-29838,-27719,29773,27769,-28655,28676,-28682,29229,-430,0,-11,-38,-10,-9,-26,-10,3,11,-12,2,-32,17,-1,1,2,3,11,20,-34,-24,-5,8,31,0,-11,-32,-5,7,-22,-19,3,-25,-26,35,5,12,-39,-5,11,0,13,34,1,5,-6,-4,-28,5,9,-11,-1,13,7,-7,-13,-1,-31,-25,-18,19,-9,-20,20,-24,24,4,3,-15,-10,7,-1,-23,17,-14,-11,1,33,-12,15,-3,0,1,-14,-16,15,11,14,1,1,6,10,18,6,2,32,-3,9,-14,12,9,-7,-39,-12,-16,16,14,-2,-12,-3,-10,-28,12,1,20,-3,-1,3,-12,-1,7,9,-10,-6,8,6,-13,-1,-1,-2,-1,-2,-2,0,-1,-1,-1,0,-1,-2,-1,-2,-2,-2,-1
0,17,32,-10,-27,-8,25,12,-2,4,-15,33,-6,-17,4,-1,28,-2,-14,-1,3,-7,-3,-18,36,-20,18,12,-24,-6,-32,15,-3,4,-1,536,27482,27054,27079,27086,25982,-27899,-25966,27910,25969,-26848,26835,-26796,27390,-435,-24,21,2,18,13,-11,-12,0,-9,30,-33,-5,-9,-3,54,2,-11,-15,-15,7,3,-5,16,8,-39,28,27,-23,26,-20,-17,72,76,84,60,24,-77,-74,50,70,-519,-22847,-22598,-22498,-22592,-21650,23268,23766,-25522,-23730,24511,-24499,24478,-25013,381,-9,2,-11,-12,-6,-56,38,3,37,26,6,3,39,-17,14,15,-23,-14,-15,-23,-15,31,-2,19,-3,48,14,-8,-12,15,14,-8,16,-17,-27,10,-8,0,18,6,-24,12,-13,3,-5,-40,20,9,1,-11,-6,3,-9,-27,12,18,24,-16,-2,-25,0,10,21,2,-21,11,-30,-19,23,0,-20,16,43,-30,-4,14,-2,7,-2,25,-12,-5,28,4,-3,32,-15,3,11,4,-18,21,-6,-8,-2,3,-4,9,-7,-35,9,-13,7,2,-28,-1,4,9,28,-14,2,-7,34,16,17,-15,-7,-2,13,-26,-19,-12,9,-7,-6,-35,-12,-1,-1,-2,-1,-2,-2,0,-1,-1,-1,0,-1,-2,-1,-2,-2,-2,-1
0,8,37,-11,-2,-11,48,2,6,30,-4,12,33,7,12,-14,-17,-2,-19,19,-2,19,9,15,-16,-3,6,8,-19,0,19,18,-20,12,10,535,27486,27056,27055,27029,25986,-27907,-25969,27920,25950,-26843,26829,-26812,27381,-424,-2,-21,-12,-36,0,-1,25,12,-9,0,20,9,16,9,25,8,1,-20,0,-23,-8,-6,31,-18,-19,23,12,-15,-35,17,-8,-66,-84,-98,-136,-88,121,70,-87,-115,21,-2234,-2042,-2223,-2123,-2043,2143,1980,-2172,-2044,2140,1301,-1353,1403,-21,4,-3,-21,3,0,8,9,-24,-3,-8,-19,9,28,-6,-12,28,-4,3,-7,5,10,-8,-28,-1,-1,11,-10,-9,9,-18,-31,-1,-25,-15,7,3,14,6,5,-12,-8,27,17,-2,1,-1,35,-7,-9,-7,-17,-5,1,1,6,-8,-5,-2,-3,19,31,0,16,-3,-20,5,-7,-4,-9,-16,16,38,-8,25,-1,2,5,5,3,6,4,26,-25,3,7,3,-13,-2,-3,-3,16,-17,2,-1,-11,15,-20,29,-16,15,4,0,-17,17,16,-8,15,7,-5,-29,7,11,-12,-2,36,-9,25,-12,8,3,14,-24,-24,22,-39,32,36,-1,-1,-2,-1,-2,-2,0,-1,-1,-1,0,-1,-2,-1,-2,-2,-2,-1
0,-16,-3,13,-15,-12,13,23,21,14,2,-2,3,-34,8,4,17,25,11,-14,-10,0,-27,2,18,-18,-1,11,-1,-20,6,11,3,7,8,563,27481,27069,27068,27050,25957,-27936,-25975,27908,25986,-26824,26795,-26818,27362,-442,-1,-1,23,-5,5,-1,-29,20,7,-8,8,5,-17,3,31,25,-14,9,-21,5,9,-16,-20,-15,-9,0,-5,39,38,2,14,88,69,77,102,97,-65,-53,78,70,391,25606,25010,25208,25097,24130,-25938,-24115,25895,24102,-24891,24901,-24904,25396,-422,-2,-10,-15,26,2,5,19,2,34,-18,-14,-20,-23,-7,-21,19,51,-5,9,21,22,29,-6,19,48,-17,3,-15,-6,17,-10,15,15,0,52,3,35,3,4,12,9,20,1,38,4,2,-5,4,-18,39,5,-35,-15,-36,-34,-28,2,1,15,13,10,8,14,-5,34,-19,-11,-8,-14,-30,-10,-15,-25,22,29,5,2,11,-10,-7,-29,15,38,18,-6,9,-13,-5,-18,-7,-8,-1,20,9,-4,17,13,4,-11,23,-18,8,-16,-5,15,10,4,-9,17,-17,19,-4,-7,20,-20,-20,-11,-17,-15,12,1,-8,10,15,6,-14,2,-1,-1,-2,-1,-2,-2,0,-1,-1,-1,0,-1,-2,-1,-2,-2,-2,-1
0,25,-17,2,-24,-8,-7,-1,12,-2,-12,12,19,-6,-8,-13,8,-6,1,-15,-11,15,8,-12,-1,-18,3,-3,1,-36,11,-14,-10,10,-15,524,27484,27070,27064,27073,25983,-27933,-25955,27893,25954,-26827,26823,-26829,27374,-456,-30,-15,-20,5,-11,-17,1,-12,-43,15,6,26,3,-7,0,0,-25,-3,-16,-16,21,11,-7,19,-16,-32,2,-3,-8,4,14,35,-5,14,-9,-44,-3,-3,-26,-55,-517,-29121,-28616,-28670,-28706,-27566,29570,27514,-29603,-27557,28424,-28451,28462,-29011,479,-3,15,20,-9,-47,-15,25,42,-26,4,-15,19,2,-28,20,-25,30,-1,28,27,-22,40,-14,13,-10,21,-40,13,-26,-9,-11,-2,-35,-19,13,-7,-10,14,16,17,6,-22,-15,16,-3,15,1,25,-1,-6,28,18,18,11,-7,-23,8,-7,-31,0,20,-1,2,0,-12,12,-4,-5,-17,24,13,9,0,1,16,-6,8,-31,-10,-19,-33,9,-23,-2,-7,11,5,10,-3,-13,18,-11,2,7,3,7,21,-10,-10,19,3,9,20,-2,13,10,31,11,-15,13,2,10,-21,-8,-18,10,24,27,7,-12,17,-3,10,10,-31,2,-7,-1,-1,-2,-1,-2,-2,0,-1,-1,-1,0,-1,-2,-1,-2,-2,-2,-1
-256,-1,39,8,21,19,-6,24,7,-27,14,-10,-9,9,0,33,1,3,5,9,25,-8,-8,5,-16,-18,-5,12,-22,-1,-12,12,-10,-18,4,538,27469,27043,27016,27046,25987,-27907,-25977,27931,25991,-26844,26818,-26812,27343,-394,22,-28,-19,11,-4,11,-27,-13,5,-2,35,-11,-2,-24,26,11,-5,-10,-2,23,33,17,-4,-31,-35,11,-15,2,-19,5,-20,-60,-60,-69,-50,-69,44,59,-67,-57,245,6819,10159,9995,10039,9616,-10355,-9644,10370,9662,-9931,9964,-9955,10192,-137,-3,36,-7,11,25,-1,9,-7,0,-2,16,58,1,24,13,17,-31,-28,-5,40,-26,27,3,-16,-1,-18,-5,32,0,25,-10,22,-41,-20,-40,10,6,9,-8,-3,10,12,1,-2,10,36,-2,10,-13,-12,11,6,-3,11,-12,-7,-34,-11,-4,30,-8,20,-3,-15,-17,7,-1,14,6,19,11,-21,9,-23,22,-2,-27,-26,3,10,-21,-9,-10,6,14,-5,-24,-1,6,-11,-12,17,5,4,3,1,17,9,9,-7,-13,-18,13,12,17,14,-5,22,14,8,10,22,-3,6,7,-36,32,7,10,20,17,-4,18,-26,6,6,-8,-1,-1,-2,-1,-2,-2,0,-1,-1,-1,0,-1,-2,-1,-2,-2,-2,-1
0,13,-10,-10,-11,26,3,-12,-32,-9,-15,8,3,8,4,19,-1,-7,-2,-3,34,-2,-5,-10,17,5,1,-15,3,-24,-31,0,3,1,-36,533,27504,27079,27079,27063,25958,-27896,-25962,27883,25961,-26837,26846,-26845,27347,-416,3,45,-4,6,-13,5,25,9,-33,5,-27,-4,-2,-10,12,27,11,-17,-28,-47,-19,1,3,-6,3,2,1,-26,-5,16,-8,69,42,46,45,32,-73,-63,74,51,326,19548,19129,19228,18813,977,-1267,-1238,1282,1187,-1249,1271,-1245,1290,-16,-14,10,31,-13,9,11,-13,15,-53,-1,4,-8,-28,-16,12,-4,16,-32,1,1,10,0,-5,12,18,15,-21,-1,14,0,36,24,10,3,-5,17,5,-4,3,7,-17,17,3,-15,3,-1,4,18,23,-31,2,3,-7,2,6,-9,37,-10,-13,-16,-4,-1,4,-1,-2,3,7,3,-3,4,-22,-4,1,-1,-7,-8,-34,-6,-30,-5,9,-11,6,-21,0,16,-2,6,6,6,-5,20,-11,-6,-28,-11,-14,-30,-23,-26,-2,-11,6,-2,-10,8,3,-1,7,19,-8,-8,4,-7,28,-22,-19,-4,21,-7,-8,16,-13,-3,4,5,3,-1,-1,-2,-1,-2,-2,0,-1,-1,-1,0,-1,-2,-1,-2,-2,-2,-1
-256,4,5,10,-4,18,10,-23,-12,-6,-6,-12,-11,15,4,7,-15,-26,-35,-21,10,2,8,12,-28,-16,-16,-46,-1,-14,-9,-8,-19,-15,14,527,27490,27052,27072,27060,25945,-27922,-25978,27914,25983,-26842,26841,-26838,27377,-439,-18,7,-9,-10,-1,-3,18,-13,-4,30,2,-26,6,11,-1,-17,1,6,-3,5,16,-32,-22,-14,33,-53,27,-34,22,7,-13,-57,-59,-24,-35,-91,61,66,-2,-75,-546,-30771,-30155,-30299,-30199,-28972,31186,29021,-31162,-28891,29860,-29856,29858,-30434,429,27,-2,6,3,2,15,5,-9,2,-35,-38,6,17,-14,0,42,2,15,47,5,-15,-40,-4,-2,-4,11,2,10,-19,19,-14,6,-7,-6,-18,-22,-18,-23,11,8,-28,7,17,4,18,-1,-1,15,10,33,28,0,-12,-25,18,1,-32,-5,-16,-10,2,10,7,-32,26,-12,-14,-15,16,-22,-2,-9,7,-7,-29,16,4,8,-22,17,1,5,-9,-10,2,-13,-30,2,7,1,0,4,2,3,11,15,-18,10,-2,-31,-5,-9,-27,-24,-1,-11,12,-11,22,16,10,-26,17,-13,5,14,-7,14,-17,11,4,-5,6,-7,7,10,-3,-1,-1,-2,-1,-2,-2,0,-1,-1,-1,0,-1,-2,-1,-2,-2,-2,-1
0,-9,8,9,3,-5,-7,-9,14,5,11,-2,4,-24,-8,-15,25,11,3,-4,-8,-7,-2,-11,-1,14,-12,3,-3,-14,8,-3,6,20,-26,518,27497,27043,27045,27047,25940,-27897,-25967,27929,25975,-26843,26820,-26837,27352,-440,-6,9,-6,-14,-2,-19,9,7,16,-19,16,-13,36,7,-14,-21,-1,12,23,40,-4,-8,-19,29,7,-3,17,-6,-26,-11,21,-26,-20,-29,-23,-49,40,52,-77,-29,438,18085,17875,17781,17875,17125,-18388,-17117,18393,17114,-17684,17714,-17636,20699,-296,-9,32,-2,-16,-8,6,14,6,-4,-27,8,-4,2,-10,7,0,2,20,-18,11,8,23,-5,-17,13,9,-2,17,29,-26,-9,16,28,42,5,5,-26,10,-2,12,0,6,-5,16,34,10,16,23,16,-15,-13,1,14,-32,6,3,22,6,-17,4,-13,1,5,-5,5,-11,-27,5,-2,6,-9,28,11,-9,-6,-10,-1,-13,-26,-10,-1,29,16,-18,-17,-31,5,9,10,-2,-19,18,7,20,-15,-1,5,-42,-12,18,10,24,-2,2,-7,16,15,-12,-5,-3,-6,14,22,22,-12,21,-19,30,0,-3,-5,-18,3,-37,13,22,3,-1,-1,-2,-1,-2,-2,0,-1,-1,-1,0,-1,-2,-1,-2,-2,-2,-1
0,-4,-6,-16,12,-23,11,1,21,3,5,12,-19,18,-7,-12,35,19,11,-20,15,-4,-8,-19,-16,30,2,11,20,-3,-15,12,10,3,1,552,27497,27054,27059,27037,25970,-27916,-25998,27925,25959,-26830,26825,-26836,27360,-402,1,25,-18,-38,1,8,-8,-30,6,-23,17,12,12,-3,-2,-11,9,11,24,43,-2,13,9,13,14,-16,27,3,-19,-24,31,71,100,104,85,91,-61,-100,117,104,102,8557,8239,8433,8330,8042,-8617,-8006,8632,7999,-8285,8289,-8283,8440,-127,13,-2,16,-10,2,3,-18,-42,-21,-6,8,0,3,-5,19,28,37,0,-13,34,-24,-10,-37,-9,10,12,7,8,-31,-6,-9,7,15,-21,-6,10,4,-2,35,12,8,-22,-6,15,3,7,-15,-4,4,-25,-7,24,8,15,6,12,-36,-6,12,0,-6,12,16,-16,0,-13,-8,12,5,3,37,-7,-3,-31,28,17,13,-4,21,21,7,6,15,22,12,1,-9,13,-5,-5,13,0,-20,-1,18,10,22,-6,-14,28,1,23,5,-6,-7,4,2,20,-8,-14,-1,32,21,-12,28,1,-1,-3,5,17,13,-5,17,-16,20,19,-12,-1,-1,-2,-1,-2,-2,0,-1,-1,-1,0,-1,-2,-1,-2,-2,-2,-1
-256,-7,24,11,10,-17,7,0,-11,16,9,14,-13,-14,-1,34,-1,2,-6,3,-8,0,3,24,-22,7,23,38,13,-4,16,-12,14,9,-20,546,27460,27055,27059,27038,25972,-27885,-25952,27932,25963,-26816,26817,-26841,27379,-433,-10,16,-23,-6,6,22,-12,-3,-15,24,-1,-20,14,-1,-9,-26,2,-28,-27,40,26,-26,22,-3,2,14,-10,-11,-5,-1,16,-51,-81,-69,-84,-87,66,92,-83,-88,-507,-28577,-27957,-28154,-28067,-26945,28937,26949,-28952,-26970,27830,-27791,27824,-28410,466,4,1,-51,-8,16,23,1,35,-16,7,-27,-30,-2,-10,-3,6,-6,9,23,-40,-7,-8,-11,-5,-32,-4,3,31,-3,-24,-17,-42,-13,-5,27,-16,8,-8,14,10,4,-3,-22,10,-41,22,10,23,-10,6,-19,6,14,10,3,0,-3,-12,3,5,10,-4,9,3,1,24,-21,0,7,0,13,-20,17,-14,9,-3,4,-1,8,-33,17,-15,16,16,-2,8,-3,-25,-4,-6,1,-14,16,-16,14,-2,17,-5,7,12,32,-18,-9,13,10,18,10,24,-3,16,-12,-4,-4,-15,-13,3,-2,8,-1,-28,-22,-5,2,18,3,-2,-1,-1,-1,-2,-1,-2,-2,0,-1,-1,-1,0,-1,-2,-1,-2,-2,-2,-1
0,35,18,-2,27,-1,-2,4,-21,12,4,-4,-9,-16,-8,7,2,18,0,-18,6,-11,11,-23,-13,-13,21,5,8,-2,-11,-1,18,22,13,522,27469,27044,27060,27057,25986,-27900,-25959,27906,25982,-26804,26810,-26837,27364,-429,-20,17,21,23,15,0,-18,3,8,0,-22,-5,-13,3,-16,-9,-23,-12,14,-6,-16,-8,-6,-12,17,4,-32,-27,2,6,-2,-46,-77,-31,-53,-40,76,50,-66,-11,529,24464,24214,26111,26094,24984,-26914,-25014,26884,25044,-25872,25832,-25833,26375,-399,-30,45,-4,38,-8,-19,-24,6,13,-4,26,-15,-18,12,-20,4,0,-21,-30,31,4,-10,-28,-5,5,14,-7,5,-7,2,11,18,-22,-20,-18,15,19,14,-22,-15,7,-30,17,-45,33,23,-7,-24,-7,-7,-6,-5,19,8,-11,-5,-7,-4,6,-20,5,-1,-5,-21,-7,-8,-23,-25,22,7,-2,-18,5,6,20,-4,-19,-15,-8,12,8,7,0,-31,4,7,3,36,8,1,2,-3,2,-17,10,-7,6,3,5,16,-8,36,-5,21,6,-20,-20,24,3,-4,15,2,6,4,-11,-4,-28,10,-3,-4,0,14,7,6,-9,11,7,-1,-1,-2,-1,-2,-2,0,-1,-1,-1,0,-1,-2,-1,-2,-2,-2,-1
0,-7,-2,24,-3,-2,13,11,9,25,-5,2,-7,-20,-1,-15,5,2,5,-1,19,7,-12,-3,-6,18,9,-19,14,3,8,11,-2,9,13,543,27481,27052,27053,27067,25945,-27940,-25980,27925,25965,-26813,26804,-26847,27370,-422,-15,-9,-19,-10,26,-23,-12,-30,13,-3,9,-15,-8,-11,15,5,7,6,-16,28,-15,-3,11,0,4,7,32,12,21,-20,-4,70,68,99,58,100,-100,-70,102,92,-119,-340,-520,-333,-414,-387,430,3771,-4024,-3700,3823,-3801,3845,-3903,45,12,25,-26,-17,4,-31,-29,-37,12,-7,-2,2,-5,-60,11,40,40,-21,27,-38,6,21,18,-3,36,-12,-1,-31,10,-16,-15,-5,-42,14,24,27,-7,17,1,-28,1,14,14,-2,-20,-4,-5,-17,-1,4,11,28,-3,-10,9,11,5,0,-10,22,20,-16,9,-22,0,-18,17,5,10,17,0,-14,0,-7,-3,2,8,11,14,-9,-3,8,-29,-11,0,19,13,-6,14,6,-7,16,-20,20,-7,7,15,29,12,-13,-19,2,7,-21,-9,-18,21,24,-13,-22,13,0,-3,-13,-5,7,6,1,-23,4,14,-7,27,3,8,-16,-8,-1,-1,-2,-1,-2,-2,0,-1,-1,-1,0,-1,-2,-1,-2,-2,-2,-1
0,-9,1,-6,-8,0,-3,19,14,-12,-5,6,3,11,43,7,-17,0,25,5,10,0,-6,5,-11,-6,-19,-10,1,-22,-3,-6,20,-5,-4,545,27487,27053,27055,27079,25954,-27904,-25980,27904,25982,-26849,26822,-26840,27373,-441,6,-3,4,10,-8,-7,-21,10,-1,4,-8,-8,22,15,-4,5,-18,18,1,-24,-21,-14,-3,-18,-16,-32,-35,21,-3,-17,-47,-101,-98,-67,-81,-78,90,97,-102,-84,-390,-24091,-23529,-23719,-23621,-22675,24354,22689,-24400,-22737,23477,-21182,21142,-21533,326,11,12,-9,-28,6,-2,-25,8,14,2,-12,12,-28,-13,-2,3,-17,12,3,1,24,25,-2,-21,-4,-4,-10,-2,8,-50,41,4,-1,-2,-3,-19,8,0,9,24,1,15,2,2,14,21,-3,5,-4,15,-23,-35,1,-3,1,-8,5,7,-6,21,7,-3,-1,4,1,6,-26,-11,14,7,7,-11,1,5,9,9,14,14,-2,5,7,3,5,4,21,10,-8,-16,5,9,-1,-5,14,-2,-4,-44,35,2,16,0,-12,9,15,-9,-21,-16,-7,4,6,16,-9,8,-7,-10,32,10,0,7,-7,17,8,21,-14,25,-7,-3,-37,-1,-1,-2,-1,-2,-2,0,-1,-1,-1,0,-1,-2,-1,-2,-2,-2,-1
-256,14,21,-7,-4,7,-11,6,-5,10,16,-13,-9,-41,15,-17,-19,0,27,1,-1,1,-9,32,9,25,15,19,-6,0,-6,-2,11,-26,21,549,27456,27082,27051,27037,25984,-27917,-25994,27923,25947,-26843,26820,-26829,27382,-419,12,-7,5,-19,-13,5,-1,15,-10,-10,10,40,10,-3,29,-32,-37,-5,-10,-21,9,-5,-3,7,-22,-5,-3,-3,15,5,19,-18,-6,43,39,1,-8,-45,83,44,547,29914,29356,29393,29375,28180,-30292,-28203,30292,28189,-29169,29160,-29106,29701,-462,-28,-25,23,-9,38,-35,14,2,24,2,9,-44,-17,14,-7,8,-23,9,-18,4,29,25,15,-13,27,25,6,-30,-27,-5,30,5,24,-20,5,0,41,-13,16,11,-9,-1,10,-62,-18,4,-22,21,-41,0,-5,15,-10,-11,-2,-14,-2,-15,-22,-22,3,17,7,9,13,3,25,8,8,-10,8,-17,-10,0,6,16,13,2,-7,8,-8,-22,-6,-16,12,-10,-11,17,5,-35,-16,-3,-1,7,-24,-2,2,-19,-6,-8,-14,9,17,11,-2,10,5,-7,-13,-5,-8,4,21,7,25,0,-4,12,-24,2,-4,28,11,-21,3,-13,-18,-1,-1,-2,-1,-2,-2,0,-1,-1,-1,0,-1,-2,-1,-2,-2,-2,-1
-256,-3,-25,-28,11,15,7,11,12,-5,-6,-22,11,-1,0,-6,16,10,-14,-17,-17,6,-11,-24,11,0,-6,-7,-4,-8,-10,20,-21,26,-18,513,27479,27075,27055,27062,25975,-27881,-25968,27930,25978,-26802,26797,-26811,27375,-420,18,-35,-11,1,25,-10,12,-22,16,-14,7,-2,-2,-4,13,8,6,23,1,-27,1,0,-29,21,-8,-11,-43,5,12,-18,-16,35,104,30,71,85,-63,-90,-10,33,-538,-27925,-27430,-27477,-27525,-26382,28381,26359,-28373,-26361,27255,-27230,27250,-27761,431,7,3,-45,-8,-21,-1,14,9,-13,-9,-6,-3,-1,-8,-14,20,-13,-23,11,20,6,37,-28,-18,16,13,-3,32,11,-2,2,-6,-26,-13,2,-16,-7,-8,-5,14,-28,-16,-12,-30,-2,-16,-7,-14,6,-9,-5,-24,1,24,16,23,-4,14,-2,-2,-3,-31,6,-9,16,-6,-10,-9,-4,18,-9,-16,9,16,-5,-1,-5,18,-29,-13,28,-2,-12,4,-9,0,-24,-7,20,1,14,-8,6,18,-18,15,-16,4,-19,23,-2,-2,-13,-22,3,24,-3,4,-1,2,1,-13,-4,6,5,7,17,9,21,-15,-12,-1,2,-25,-15,4,15,-1,-1,-2,-1,-2,-2,0,-1,-1,-1,0,-1,-2,-1,-2,-2,-2,-1
-256,5,-8,-10,-9,17,-3,-9,1,3,1,-3,8,7,2,10,-3,14,15,-11,7,-5,0,-5,5,13,-32,13,-3,-1,1,-11,17,3,9,524,27505,27073,27070,27062,25935,-27912,-25976,27895,25980,-26852,26802,-26854,27357,-453,-25,-13,-33,36,-4,-21,16,7,29,-16,11,7,11,-8,16,9,8,-23,18,-13,-24,-19,-13,-30,-17,2,-10,2,-15,-6,-15,-61,-60,-46,-59,-73,55,59,-59,-60,-239,-14526,-14113,-14343,-14203,-13621,14671,13657,-14669,-13636,14114,-14101,14058,-14366,182,-33,18,-20,-33,-7,8,-16,34,-11,-2,6,20,8,58,31,-11,7,10,26,18,-25,3,4,-15,-17,-7,9,-24,-2,-32,-46,5,-5,-9,-11,1,-42,28,-28,-3,27,24,-4,2,-17,29,3,-1,-8,17,4,-24,-16,11,20,19,24,8,-10,3,11,-7,12,1,8,11,-13,-20,7,4,-11,10,13,-5,-16,-4,-12,18,-5,-17,-30,-21,-4,11,-15,-1,-17,-10,6,-22,11,-13,2,-31,14,-13,7,-1,-2,8,-15,-5,7,16,3,22,3,1,-3,12,-8,6,-10,-13,4,-14,1,-3,22,-9,20,-4,1,15,-3,-8,6,-1,-1,-2,-1,-2,-2,0,-1,-1,-1,0,-1,-2,-1,-2,-2,-2,-1
0,15,21,25,13,31,0,21,9,12,2,-12,6,15,6,17,16,-18,4,-28,-9,-8,-6,-9,-4,-9,-10,2,-19,-25,-3,-35,-2,-20,4,536,27493,27075,27037,27060,25950,-27916,-25984,27904,25983,-26817,26807,-26841,27349,-424,-6,7,16,-17,22,-1,0,-3,-1,-17,-22,8,-19,6,33,3,-11,10,3,-24,-23,-29,9,3,-14,11,-37,-22,18,-51,32,67,13,36,23,80,-60,-16,62,47,559,30716,30119,30273,30153,28571,-30712,-28598,30731,28589,-29502,29549,-29504,30153,-425,26,-74,-48,13,2,-1,57,5,33,-20,-15,45,-4,55,-18,5,44,-8,-11,-13,34,51,12,21,6,-12,-20,-13,16,-42,-9,-2,1,-5,5,11,-25,16,11,36,10,-14,-16,3,7,14,-22,7,7,-8,1,-3,-3,3,9,0,-5,-20,-16,-5,9,-24,-13,7,22,-17,-20,-7,9,1,14,-24,5,1,22,6,-24,15,-3,-20,-24,3,29,-24,-3,3,-15,-19,-5,-5,14,-12,33,4,1,6,-30,-27,0,-4,1,11,-1,-7,-11,17,4,1,19,14,-21,16,18,24,27,3,19,-1,-20,15,34,-9,-19,-17,-8,14,-7,-1,-1,-2,-1,-2,-2,0,-1,-1,-1,0,-1,-2,-1,-2,-2,-2,-1
0,25,11,9,-27,1,-9,-26,-12,-7,3,7,-7,0,19,1,-10,-22,-7,25,7,7,-3,7,12,23,-6,0,10,-8,-4,18,27,-22,3,530,27487,27064,27040,27074,25974,-27906,-25946,27940,25968,-26852,26805,-26823,27353,-424,-19,-9,-23,-1,-10,6,0,-8,10,16,-29,-27,4,-4,-39,-19,-19,-24,23,-22,22,17,8,6,-9,-27,-4,3,-26,-26,1,50,45,-9,33,68,-38,-5,5,8,-418,-20081,-19820,-19786,-19846,-19019,20409,19026,-20480,-21426,22106,-22078,22107,-22580,330,20,22,24,-18,11,15,22,13,-2,-22,-15,43,16,-17,9,-33,-25,-1,8,-25,25,31,16,-27,-20,-31,18,-4,-3,-10,-7,-1,17,-10,-8,-16,2,1,-8,-13,9,19,9,-16,-24,-19,2,10,21,14,13,-25,-7,5,-7,8,8,11,14,7,-3,-13,-17,2,1,6,-10,-6,-11,8,-1,18,-46,2,9,-14,-6,-2,3,3,4,0,11,15,4,-27,-18,-3,-11,-19,5,-13,-22,0,11,1,-4,12,17,-14,18,-2,20,24,-25,24,2,6,11,8,-4,-6,13,1,-3,25,10,12,4,32,29,9,18,24,-11,-30,-3,-1,-1,-2,-1,-2,-2,0,-1,-1,-1,0,-1,-2,-1,-2,-2,-2,-1
-256,-8,0,-9,10,8,2,-22,11,24,-27,3,18,6,-14,16,-7,29,-2,-23,2,18,2,18,-15,-2,-13,18,-16,8,-14,4,0,34,0,555,27485,27085,27057,27052,25936,-27875,-25992,27896,25948,-26837,26824,-26801,27356,-420,-31,-34,14,15,-34,-7,-13,-11,-16,30,4,-12,10,-18,-15,-15,7,-26,3,-14,22,-18,-22,4,5,-25,6,-3,9,6,-3,-123,-96,-76,-127,-96,81,99,-82,-89,-5,-6096,-5806,-5973,-5915,-5620,6129,5691,-6095,-5712,5869,-5924,2496,-2491,22,9,32,-8,35,-10,-8,2,-39,0,-41,-14,22,16,4,9,19,20,0,-31,6,-10,11,-6,-6,-21,9,-8,27,-15,-10,35,5,-30,-18,-26,12,22,-15,20,27,-13,10,13,-13,4,-15,1,-8,-17,-18,17,24,-3,-6,-18,23,-14,18,-2,5,2,-4,-35,-1,16,-10,-14,16,-5,1,1,3,-31,-1,11,1,-5,-24,-2,31,-6,7,4,19,6,-5,-1,22,17,2,23,17,-14,6,10,24,-15,-9,0,6,19,-11,-10,10,-11,-16,-15,18,1,18,24,-1,9,-2,-16,22,3,9,1,-3,9,-19,-15,2,-17,-16,-4,-1,-1,-2,-1,-2,-2,0,-1,-1,-1,0,-1,-2,-1,-2,-2,-2,-1
0,-5,5,-14,-15,-7,-22,5,-9,-9,-8,-13,2,-9,10,-26,2,-12,-37,-3,-9,26,-21,-6,-30,11,21,7,7,5,3,17,11,8,7,576,27475,27075,27049,27079,25991,-27910,-25952,27932,25976,-26834,26850,-26857,27374,-424,-7,-16,12,-10,7,-11,-27,4,33,-22,-20,-29,-23,-5,7,19,-12,11,23,16,-17,-4,-31,2,-4,1,21,-19,10,-15,3,54,70,82,83,82,-91,-103,104,40,485,27572,26977,27132,27069,25958,-27886,-25966,27890,25957,-26804,26825,-26843,27365,-410,26,19,-28,11,13,23,24,-10,8,1,-1,5,-9,-8,-18,0,21,26,-18,-31,9,-11,18,19,-53,31,-32,-1,-2,30,32,14,10,-16,-9,-29,-2,20,5,5,-6,-40,5,17,5,-11,-17,4,-2,-20,-26,-16,6,-4,-21,7,23,-7,-24,-13,-22,-12,-24,-27,14,7,0,-7,-4,8,5,-28,-10,-1,33,13,-6,17,7,-12,-8,-5,15,12,3,-12,-5,14,-6,-12,-15,9,-20,-13,0,33,3,2,15,3,0,-6,12,3,-16,7,-21,21,-13,5,7,24,0,16,19,3,27,33,4,18,-4,16,4,-26,-1,5,-14,-1,-1,-2,-1,-2,-2,0,-1,-1,-1,0,-1,-2,-1,-2,-2,-2,-1
0,-13,-12,-28,18,-20,-13,-32,1,-16,16,-9,-3,-1,18,-1,-6,-15,-4,29,-3,-6,42,-2,-3,10,6,-4,25,26,0,-11,2,-14,-25,548,27495,27079,27059,27073,25958,-27902,-25966,27883,25984,-26848,26831,-26809,27359,-418,24,18,29,-12,5,-16,19,10,-21,15,-31,21,-5,16,-8,-12,14,4,4,4,5,-27,-4,-5,5,-13,20,-14,-25,20,-21,28,43,55,23,80,-47,-47,34,-32,-539,-27679,-27219,-27233,-27255,-26149,28089,26152,-28104,-26177,26988,-26990,26987,-27563,416,-30,7,16,20,-19,8,26,2,5,-4,49,14,-10,15,28,-26,6,4,-34,23,-13,-12,-5,5,-3,-9,27,-15,-10,-12,4,2,1,34,-17,10,-9,28,5,0,-7,-5,-10,2,13,27,-1,12,-32,-13,8,-2,-24,0,16,8,4,10,-28,-8,21,-6,-24,11,-37,5,15,-1,19,0,-4,15,25,24,-6,-10,5,14,-10,-6,-9,13,-12,-5,5,-9,-21,-15,6,20,2,-5,-23,-7,31,-2,10,-15,7,-5,3,-15,0,17,-16,8,-2,11,-18,17,11,5,-20,15,11,-3,5,13,13,10,-8,-26,12,-10,-26,-5,-12,-1,-1,-2,-1,-2,-2,0,-1,-1,-1,0,-1,-2,-1,-2,-2,-2,-1
0,-15,-27,-6,-3,2,15,-10,-7,44,1,-2,8,-1,-2,2,-6,12,-27,14,8,5,31,16,10,4,-2,13,-3,14,2,5,9,-1,2,552,27483,27053,27073,27074,25976,-27915,-25956,27931,25965,-26824,26825,-26818,27368,-430,-7,16,21,-13,-5,-14,10,-6,-12,-11,7,-35,-10,-21,-10,3,-26,-5,-5,-3,17,-20,9,-18,12,-15,-28,-21,13,3,-7,-76,-78,-89,-84,-69,58,47,-90,-73,109,2889,3068,6343,6379,6092,-6550,-6060,6518,6073,-6274,6308,-6310,6415,-98,3,4,26,1,27,51,-19,7,-19,-15,-2,-1,11,6,50,-23,8,-30,0,3,-39,-16,-16,45,-16,12,-18,31,-24,14,-22,31,1,17,29,37,17,-29,0,-21,17,-38,8,2,-28,-8,-16,-10,-4,9,7,-11,10,15,-33,11,-1,6,-14,1,4,-1,-9,-27,-17,-12,1,-15,-17,-14,-15,11,-23,15,14,-10,26,3,-10,-10,15,13,-30,11,-9,-12,24,-12,8,3,8,-1,11,12,-4,9,5,-17,31,11,-6,21,12,-29,-2,-18,-1,13,-2,10,-3,-3,-3,32,-9,-11,12,-7,-19,-9,27,7,6,-7,5,26,-15,-1,-1,-2,-1,-2,-2,0,-1,-1,-1,0,-1,-2,-1,-2,-2,-2,-1
-256,2,1,7,-19,-36,-17,-8,-13,-26,10,-4,-17,12,26,26,28,-11,1,14,-4,-12,24,10,12,-16,-3,-7,-9,-21,-24,15,-8,5,-21,545,27487,27057,27046,27069,26000,-27885,-25959,27916,25978,-26845,26832,-26782,27362,-404,33,-32,3,26,2,4,-19,-21,-4,14,14,-12,14,6,-20,20,-12,5,-3,-12,-6,14,0,27,-4,30,-17,-11,-15,-6,19,140,102,111,143,72,-59,-92,110,129,345,22461,21873,22109,22028,21217,-20124,-18678,20078,18717,-19303,19325,-19309,19675,-287,-3,52,35,-24,-16,-17,19,-21,59,6,-12,-18,-1,-3,-8,-23,-8,4,10,-8,15,-41,11,-6,16,-14,-12,0,9,12,20,-8,-3,-8,-12,22,1,-21,-19,-12,-16,-12,1,-19,12,-37,32,-15,-2,-11,6,42,1,9,13,16,-7,5,-4,-3,-1,-10,14,5,-18,-2,25,18,13,-30,-42,-1,-6,15,-21,-2,-26,24,-3,-36,12,-12,2,24,15,-11,16,7,-31,6,3,-19,-21,-1,0,7,-16,22,-5,-14,-9,-25,-7,-3,12,-6,-6,25,-24,-26,25,-34,0,-20,4,-3,26,-32,15,-7,-7,-29,38,-1,-3,-11,-8,-1,-1,-2,-1,-2,-2,0,-1,-1,-1,0,-1,-2,-1,-2,-2,-2,-1
-256,-1,-16,-9,-19,-14,-29,4,-10,-20,-1,-3,-14,8,-21,-12,0,11,-12,20,12,7,20,-7,12,12,42,-5,-39,-18,14,-16,23,-21,10,560,27471,27060,27054,27041,25999,-27929,-25964,27899,25963,-26858,26810,-26829,27358,-433,-13,3,21,6,-2,36,-18,2,-16,4,27,-1,0,-11,32,-5,-7,18,-3,-11,21,19,9,-1,-22,-24,7,18,-21,2,27,-42,-25,-18,-49,-26,37,31,-56,-60,-549,-30380,-29835,-29903,-29860,-28649,30822,28665,-30807,-28700,29963,-29964,29929,-30552,437,12,22,-42,32,-11,-40,-3,8,11,7,6,20,-9,26,-4,32,24,17,1,-4,1,-16,17,-19,-5,-21,-17,20,-11,24,-28,-57,-17,7,15,1,-5,-60,24,-1,4,10,16,-6,-4,20,-1,11,-6,-9,15,20,9,3,-8,-19,-12,0,-14,0,-6,25,-1,-2,21,-2,7,-9,13,-4,-4,-14,-7,12,-9,4,-6,-8,23,-25,-19,18,0,-32,-10,-32,19,4,-2,-12,0,-3,-6,41,29,18,-8,-16,-35,15,10,8,22,8,8,-3,6,-5,-1,-10,-5,24,-22,12,13,11,13,-14,5,4,-6,-7,12,16,-4,5,20,-1,-1,-2,-1,-2,-2,0,-1,-1,-1,0,-1,-2,-1,-2,-2,-2,-1
-256,26,3,-19,7,-31,11,25,-9,-19,4,-28,-1,-4,2,12,12,11,9,-12,-4,4,12,-16,-2,-26,8,0,24,-9,-4,2,12,9,10,547,27502,27032,27087,27073,25989,-27910,-25967,27917,25974,-26833,26819,-26829,27378,-429,-33,-9,-4,-3,-23,-20,-1,26,20,15,-1,7,-21,16,-11,-16,5,-14,10,12,-20,13,21,6,-10,2,31,-25,-26,5,15,-1,8,-39,-45,-85,61,45,-33,-51,649,30177,29745,29663,29725,28516,-30655,-28529,30649,28567,-29458,29448,-29486,30061,-464,-30,6,-19,-25,-8,-14,22,-10,21,-23,8,-12,13,9,21,-31,12,-31,10,-10,-25,17,-3,-9,23,2,-17,-4,6,16,6,28,-10,32,18,37,-22,2,-12,-11,-33,2,13,-12,-19,-6,-2,4,-14,-1,11,-16,10,-1,2,-20,-9,14,-37,-16,-3,-19,-3,-7,6,-4,14,-1,-6,4,-8,0,24,15,3,18,-4,32,40,-13,10,-32,-10,13,-11,-20,-12,1,6,6,-19,-9,10,6,-5,3,0,14,11,0,0,-3,-20,-5,-1,10,-10,6,-6,8,6,-15,-5,17,-13,3,-1,-8,-18,8,-11,12,-6,-7,10,4,-14,-1,-1,-2,-1,-2,-2,0,-1,-1,-1,0,-1,-2,-1,-2,-2,-2,-1
0,-6,-6,-12,13,-7,26,-14,-9,0,0,4,-5,3,15,5,23,5,15,9,9,-26,-11,-4,0,18,-10,11,3,-13,38,2,-5,-17,-7,524,27485,27042,27046,27064,25943,-27910,-26001,27894,25958,-26838,26825,-26789,27359,-420,-12,5,24,21,-12,15,-16,2,-13,-6,9,-20,-3,-17,22,-26,9,3,15,-6,-9,-10,-17,13,5,-28,28,16,2,-14,-22,95,91,85,118,110,-118,-110,96,97,120,12211,11869,12058,11966,11535,-12320,-11496,12329,11471,-11859,11844,-11844,12056,-200,-49,12,-39,-16,5,-2,-13,-3,-21,38,17,41,35,-10,13,8,17,9,0,3,17,-3,-38,25,-12,-17,-26,-15,7,-4,-41,13,-39,-1,0,-34,-21,-16,-13,5,12,1,-2,-17,4,-17,-8,28,-12,9,8,3,23,-5,-13,13,-7,4,-4,1,-8,-1,16,-6,12,-3,-4,-21,2,16,-3,-30,-6,11,-12,-4,11,-3,-2,11,37,-12,-32,5,20,-5,-11,16,-14,15,-16,-2,-13,-9,-12,0,-5,-2,7,-18,14,-8,6,3,8,-15,9,12,-21,15,-17,-2,3,-25,-22,20,-22,6,-18,8,18,5,-10,7,17,10,28,-1,-1,-2,-1,-2,-2,0,-1,-1,-1,0,-1,-2,-1,-2,-2,-2,-1
0,10,-4,-12,-8,25,11,-9,8,20,6,-9,4,27,18,0,2,-19,5,-16,0,-12,-12,6,-17,2,-14,15,11,-4,3,15,-25,13,-1,549,27484,27051,27057,27078,25931,-27932,-25964,27926,25984,-26808,26842,-26831,27381,-439,-6,27,7,-9,-2,-1,-3,10,-10,7,13,6,1,28,13,3,5,14,-47,5,2,22,-12,-27,33,18,4,-24,16,2,-15,-82,-48,-39,-65,-44,66,64,-76,-90,-538,-29806,-29191,-29326,-29255,-28072,30188,28081,-30189,-28108,28981,-29047,29022,-29581,462,-35,-5,5,-15,-17,-8,-26,-28,34,16,17,-29,-9,13,18,-3,-5,-12,-8,-16,3,44,27,-7,0,8,21,41,-10,-9,2,12,-27,-7,-2,-1,-30,18,5,-9,-6,2,-14,24,-6,13,13,11,-12,9,1,15,-4,30,-22,13,7,0,7,-1,16,-11,5,-4,-11,7,2,4,-19,8,-26,14,5,-14,0,10,-26,-9,-3,-5,21,-2,8,4,2,2,3,24,-47,13,22,8,-9,12,18,-27,-5,31,-3,-21,-5,16,-9,-20,-29,-17,-3,7,4,5,1,5,2,8,-2,29,-10,9,-16,-10,-33,15,-1,-9,-13,27,-11,-1,-1,-2,-1,-2,-2,0,-1,-1,-1,0,-1,-2,-1,-2,-2,-2,-1
-256,-23,-1,-7,-11,15,-11,13,8,2,29,7,-9,-15,27,8,-10,-3,29,-19,24,-24,7,13,0,16,15,-1,-1,1,11,6,-10,-5,9,519,27495,27063,27055,27058,25994,-27906,-25970,27890,25946,-26824,26812,-26839,27348,-387,-4,-32,-24,6,18,8,-26,-12,-3,-16,-13,-7,-7,-11,8,12,8,8,7,-10,8,-5,8,-34,2,2,14,46,-10,5,15,-71,-64,-59,-79,-93,71,43,-53,-62,491,21920,21666,21596,23960,22955,-24692,-22935,24675,22967,-23692,23720,-23684,24191,-395,13,-16,17,2,-25,12,-6,-27,-6,17,3,14,19,-14,-1,-34,-52,-5,13,-2,-27,17,-12,19,6,-18,-1,23,20,6,15,-10,-1,24,-34,-9,19,0,-4,-1,7,-11,-7,29,-13,-2,14,-22,16,22,-6,20,-19,-14,-1,12,-9,5,11,9,-24,-7,-9,-11,13,-8,3,-6,-11,-23,-16,-14,14,-5,-6,-28,4,-24,-25,-6,23,-4,21,12,8,36,8,3,-26,-18,25,-5,35,24,20,-4,5,18,26,-8,6,8,14,17,12,1,-20,-11,-1,5,6,-6,1,17,2,18,-1,7,-14,36,1,8,-2,-15,5,-10,12,-1,-1,-2,-1,-2,-2,0,-1,-1,-1,0,-1,-2,-1,-2,-2,-2,-1
0,-5,-36,-10,-4,-1,10,-27,18,13,-9,-39,-3,-12,11,7,-7,-1,0,-3,8,-3,-6,-13,6,11,-4,-29,2,18,-7,-21,-13,-19,-1,534,27508,27062,27070,27085,25979,-27892,-25963,27923,26003,-26830,26837,-26824,27334,-409,1,-6,17,-3,14,1,1,23,-10,-22,0,12,-3,-39,34,5,8,3,13,7,-8,-8,11,8,-6,2,5,-13,-16,10,-9,117,63,83,119,114,-98,-129,106,78,-17,3552,3338,3547,3489,3280,-3569,-3358,27,-5,27,-27,70,7,-25,0,3,-34,10,5,26,-1,34,-14,-16,-26,25,-14,-2,8,0,-1,-29,-21,-30,21,19,16,11,-5,30,23,17,-51,-6,-2,-19,8,-4,4,-2,-13,14,21,0,-5,-19,-4,-3,0,10,7,-4,14,-18,29,6,-1,-2,-4,-4,-16,2,2,-44,0,-5,8,-14,-8,-24,-7,-32,5,-1,-5,20,-14,-37,-19,25,-7,-1,27,1,31,22,-1,-11,-16,12,17,26,-8,-24,-3,0,10,-11,0,2,20,25,-22,21,-17,-15,10,6,5,5,-24,7,-1,-9,-8,-18,-2,14,-20,20,15,-4,1,-12,15,17,-3,30,11,16,-13,-1,-1,-2,-1,-2,-2,0,-1,-1,-1,0,-1,-2,-1,-2,-2,-2,-1
-256,-12,-4,24,18,6,13,2,3,6,15,-1,-10,-17,-30,14,-4,-13,12,-6,14,-16,-13,-17,29,-14,-20,-23,-12,-8,-13,20,-3,-3,23,513,27454,27028,27065,27064,25959,-27913,-25980,27908,25990,-26822,26832,-26826,27355,-438,-21,-22,18,10,-12,-7,20,-13,8,-10,-4,-16,10,5,22,10,-18,43,20,-22,-20,-41,-13,-17,-5,-1,18,5,-5,-24,16,-139,-99,-92,-80,-71,40,86,-87,-68,-437,-26327,-25749,-25888,-25831,-24786,26649,24777,-26641,-24804,25599,-25660,23682,-24124,354,-38,70,-16,-23,28,-42,12,-6,-20,2,-7,-8,17,-4,-15,1,19,28,-27,21,-25,8,32,-6,-20,-11,12,22,4,-58,8,20,-11,-28,12,-16,-9,10,-5,-3,6,-29,14,6,-28,30,12,17,22,13,3,-27,13,4,-18,2,-3,-11,-13,-11,9,-13,-22,17,13,4,-18,-1,-1,-14,-19,12,7,-18,9,-5,-22,13,32,12,17,-12,4,-2,22,8,2,18,-32,-14,11,15,-2,-1,-1,-14,40,14,14,-19,20,-15,-20,-29,5,12,25,-10,-10,-18,1,-27,-28,5,-28,-15,18,4,-12,-24,-25,9,-4,10,0,27,13,-1,-1,-2,-1,-2,-2,0,-1,-1,-1,0,-1,-2,-1,-2,-2,-2,-1
-256,-1,-9,10,11,7,-11,-7,-12,15,4,-2,-1,-3,4,-16,-8,17,10,17,-26,-16,-14,5,13,-5,-11,-3,-10,-9,-3,4,-11,-39,20,551,27486,27054,27071,27058,25967,-27909,-25957,27903,25941,-26798,26815,-26838,27343,-430,-32,-16,17,13,-5,15,37,0,8,-2,-18,3,-13,11,-21,0,21,7,4,6,15,17,3,-10,19,12,10,-25,-22,-30,-20,35,5,-9,-12,32,-49,-24,9,19,505,28726,28252,28250,28255,27097,-29118,-27121,29120,27111,-27991,28015,-28001,28575,-440,-21,-10,20,-44,4,12,-10,-11,1,27,-20,6,-15,-24,-4,12,-23,-18,24,-23,18,15,-5,-19,6,-1,9,32,12,9,-7,-6,31,18,17,11,-35,1,6,6,-12,-27,-7,-4,6,24,-1,2,8,9,-20,10,20,-23,20,-6,-1,9,5,-13,0,-8,15,-10,-16,10,0,3,-12,4,-20,29,10,11,-22,30,-22,-4,0,-3,2,19,6,-5,-8,-14,2,18,-31,-34,22,32,8,-22,6,2,-17,-10,-7,-6,-11,-2,21,-8,-11,-7,-4,-2,-7,21,17,-16,-7,11,-23,-13,-7,-17,16,0,1,-5,6,7,6,-3,-11,-1,-1,-2,-1,-2,-2,0,-1,-1,-1,0,-1,-2,-1,-2,-2,-2,-1
0,-17,12,-16,-21,10,3,31,8,-31,-3,3,21,-6,8,-7,43,15,-19,41,0,6,34,2,-27,-32,2,4,-9,2,9,15,-14,-5,13,505,27489,27054,27040,27083,25966,-27913,-25965,27899,25973,-26836,26802,-26807,27358,-437,14,-6,1,3,4,3,-2,16,27,-28,4,-1,4,-19,6,-13,-4,-5,7,27,-4,16,-23,4,16,20,-22,-10,10,-38,-7,77,29,57,29,82,-62,-53,87,77,-275,-8802,-8829,-8711,-8773,-8384,9026,8423,-9021,-8393,8672,-8678,8702,-8872,122,28,-40,28,-21,48,9,-1,-11,18,6,2,12,-32,-27,12,2,-1,15,-15,17,-10,26,-13,27,12,11,0,10,-14,14,-8,-21,4,-1,10,-7,15,-7,1,6,-2,3,-22,2,9,-22,-2,8,23,0,6,-9,1,7,38,-8,16,21,-6,16,14,-33,3,-18,-1,-12,-3,11,16,5,-29,-6,18,-11,-2,5,13,13,-5,-3,19,5,-25,-34,-6,9,8,-13,-21,-18,-13,3,12,-9,-26,19,-6,1,12,6,-13,14,4,-7,-6,9,5,-2,33,-4,-22,3,-8,7,17,-10,8,-6,-16,33,18,18,8,-9,-13,-5,1,-1,-1,-2,-1,-2,-2,0,-1,-1,-1,0,-1,-2,-1,-2,-2,-2,-1
0,30,-1,-6,-4,8,-35,-9,-12,28,15,-7,35,-5,12,-2,20,-17,-1,4,-16,-8,4,7,3,-2,-22,15,23,16,-14,-17,-5,-3,-12,541,27493,27072,27052,27047,25971,-27918,-25959,27876,25963,-26849,26824,-26801,27341,-406,-36,15,9,6,32,21,48,-14,15,-5,1,28,-33,13,9,17,21,-34,-9,-27,19,-11,8,19,9,28,0,-11,4,-16,-6,-49,-54,-61,-43,-52,54,67,-63,-29,-351,-20196,-2025,-2397,-2379,-2300,2461,2287,-2425,-2272,2367,-2349,2352,-2390,23,8,27,14,-39,29,-13,16,0,9,-22,-20,-7,28,14,-18,-10,-8,23,31,6,4,-7,19,11,-35,-10,-19,16,-54,-6,-15,21,27,-2,-7,13,-11,16,-20,-9,0,-13,11,24,-15,-3,-12,15,1,-8,-6,2,-9,-15,13,15,13,27,8,11,19,8,1,-18,-11,-2,11,-3,-44,7,1,-13,-10,13,1,-28,-22,-3,3,-4,4,8,21,3,-4,-22,11,-10,11,-4,-36,-2,11,25,10,5,-4,8,-18,9,-1,9,-37,-14,-11,-7,18,-27,-20,4,-28,-12,-4,-11,-16,12,-21,5,-14,-16,-7,-26,-10,-16,-5,6,1,-1,-1,-2,-1,-2,-2,0,-1,-1,-1,0,-1,-2,-1,-2,-2,-2,-1
0,-9,7,16,10,-12,-24,22,-23,-24,16,26,-32,23,8,-4,-3,34,9,-6,8,-39,-4,-16,-4,-33,34,-7,-16,3,26,-21,-17,-17,0,539,27492,27057,27062,27042,25977,-27937,-25985,27910,25977,-26828,26833,-26823,27350,-438,18,-46,17,19,-6,-5,29,-17,42,24,23,-1,-6,5,5,-1,-29,-56,33,-18,-9,13,3,-10,8,7,22,26,-25,10,17,105,83,103,134,96,-89,-84,131,83,473,30717,30046,30237,30109,28926,-31172,-28993,31176,28972,-29965,29926,-29931,30543,-482,9,29,-4,17,3,-24,9,-43,-11,-12,8,3,16,-4,-8,0,17,9,3,-25,24,10,-27,11,60,20,-8,-28,-19,-21,25,-8,21,17,-5,0,-20,32,-24,6,-23,-13,27,-17,-2,-19,13,4,1,-12,-4,8,5,2,-6,16,-8,-1,-10,21,-15,-17,7,-19,9,19,11,-6,21,-20,0,9,8,23,-12,29,-29,3,21,-22,17,-4,12,7,-14,16,-15,-18,-14,30,29,18,-32,-4,13,21,15,-6,-30,20,11,-25,7,-2,6,-13,-3,-9,11,25,6,-4,12,40,-11,-33,-4,17,-5,1,3,-2,0,-12,12,-23,5,-1,-1,-2,-1,-2,-2,0,-1,-1,-1,0,-1,-2,-1,-2,-2,-2,-1
-256,8,-11,-7,16,-3,-20,-15,9,-19,3,0,5,2,3,-16,-1,-9,7,13,-9,25,8,-10,-15,16,20,12,-3,-6,-14,1,-5,-3,-1,578,27484,27046,27038,27041,25968,-27900,-25958,27901,25944,-26826,26802,-26850,27401,-430,-15,10,-3,3,-5,8,-10,20,-25,9,4,19,7,4,-25,-6,-16,-37,10,45,-18,-38,0,-2,12,-23,-2,-3,5,11,10,72,37,64,26,53,-48,-31,91,41,-394,-16973,-16824,-16697,-16731,-16080,17286,16090,-17261,-16034,19324,-19336,19371,-19748,299,14,13,23,-5,-16,37,-6,-43,-15,20,23,-22,2,1,1,-14,-22,-8,19,-22,21,-2,-28,10,-19,-16,8,28,3,-8,0,16,-5,14,-12,-4,-1,-12,-26,-36,-4,11,-12,15,4,7,12,-22,-5,-16,17,12,31,-24,-6,-8,-8,-4,0,-2,9,-7,-18,-3,15,18,-18,19,9,0,-15,6,5,7,-43,-9,2,-1,2,10,16,3,16,7,-29,-35,3,-33,-14,-5,18,-8,18,-5,4,-5,-8,-1,19,9,4,7,27,-17,-12,27,-7,-5,22,-38,33,1,-13,16,5,-18,0,17,-6,-3,9,1,0,-23,-13,1,-4,-1,-1,-2,-1,-2,-2,0,-1,-1,-1,0,-1,-2,-1,-2,-2,-2,-1
-256,-21,-5,-7,20,15,25,-29,-10,33,0,7,0,15,-16,2,29,-16,-7,7,9,9,-1,-10,0,2,-17,7,1,-13,-14,-15,-14,13,-11,562,27494,27043,27043,27055,25955,-27917,-25985,27895,25963,-26824,26814,-26821,27347,-425,10,-13,-4,-1,-1,16,10,-3,13,-9,-25,-13,16,4,2,-3,28,-1,8,-6,8,13,-9,2,2,-11,-29,0,3,10,4,-97,-107,-104,-123,-90,92,105,-111,-75,-94,-9873,-9514,-9715,-9635,-9212,9917,9256,-9950,-9247,9551,-9559,9645,-6379,112,32,29,-2,1,-2,-17,18,11,-14,1,-13,15,25,15,-5,-19,-13,-26,24,-2,36,10,18,-25,-23,17,-16,6,-5,-14,-7,-27,-6,-40,-1,-18,-8,7,-11,-12,-9,2,-2,22,36,-26,-17,5,15,-4,3,31,-11,-26,49,18,22,7,20,-14,-16,2,-7,3,21,-34,4,-8,-4,-25,-9,1,18,17,-7,7,9,18,-25,-17,-11,16,-16,11,15,-19,-5,-8,-4,12,-4,-3,-8,-3,-12,20,-12,3,-17,8,6,8,-5,44,13,41,0,-3,-12,30,-6,18,-15,-5,-11,9,-21,-7,31,17,-29,3,7,8,4,1,21,-1,-1,-2,-1,-2,-2,0,-1,-1,-1,0,-1,-2,-1,-2,-2,-2,-1
-256,-12,8,15,-2,-19,17,18,-18,-9,28,0,-1,19,3,12,-12,-19,0,-4,17,13,14,-3,2,3,-16,1,35,7,16,-9,14,8,5,522,27454,27030,27057,27062,25989,-27936,-25988,27912,25956,-26827,26790,-26840,27358,-423,-9,-20,11,18,-2,-7,12,-42,14,-18,-27,-5,-9,22,-10,-13,-28,0,-17,-19,-19,26,-13,9,7,-14,-10,8,-9,-7,-7,68,66,69,114,35,-77,-101,82,91,478,29084,28465,28621,28548,27366,-29442,-27405,29453,27394,-28298,28263,-28288,28832,-440,-32,1,-5,48,2,37,-11,1,9,10,0,-13,13,9,30,7,3,-18,10,-38,-18,4,-2,-6,-7,8,-6,-12,-20,10,32,17,5,-21,0,-5,-3,4,-9,8,-1,-6,-16,4,5,5,5,27,-21,-6,12,13,2,16,15,21,-4,-16,0,6,18,-4,-7,8,25,21,13,15,16,5,-15,6,-1,24,22,13,10,2,-7,2,-23,-6,17,-13,15,0,-3,27,13,-2,-4,0,-9,-12,-2,4,2,-40,4,-8,15,18,-45,-6,36,26,-3,-10,10,24,-2,-8,18,29,8,-4,8,-4,1,-29,-27,-16,1,-19,7,5,-7,-1,-1,-2,-1,-2,-2,0,-1,-1,-1,0,-1,-2,-1,-2,-2,-2,-1
-256,-1,25,-5,-20,5,6,15,-3,11,19,22,-28,-4,-20,0,-29,-3,-4,8,-5,-2,-13,16,7,18,20,4,-16,-16,-4,-17,-11,22,3,527,27472,27069,27047,27055,25974,-27907,-25970,27916,25995,-26837,26839,-26848,27361,-425,15,16,-16,-11,-12,14,-14,0,17,5,20,-12,-19,-28,-25,-15,9,-25,0,25,-6,13,1,-10,-32,3,16,6,10,7,-6,101,58,49,65,30,-68,-37,78,62,-549,-25691,-25398,-25320,-25350,-24350,26143,24343,-26153,-24336,25135,-25124,25133,-25639,409,2,5,10,-11,2,-14,14,18,2,-9,0,1,-12,-42,15,11,10,41,-27,-37,-5,5,32,39,3,0,-29,-10,8,-12,-2,15,-13,-18,-8,-12,13,10,-30,-8,15,-21,20,10,13,-16,8,2,-9,4,11,-15,3,-33,-1,7,13,-12,-34,-3,9,3,36,19,7,-8,16,7,9,5,12,-17,-2,-20,-19,16,-2,-15,15,-9,35,19,-15,-2,-40,-16,-29,1,16,-1,-17,-10,14,8,20,-3,-28,2,-21,-20,0,-1,14,-16,12,-1,-17,7,0,0,-5,-20,35,-13,13,-9,-1,5,-2,27,-3,12,5,8,8,8,-10,-1,-1,-2,-1,-2,-2,0,-1,-1,-1,0,-1,-2,-1,-2,-2,-2,-1
0,-12,8,4,9,-25,-14,-15,6,1,8,-25,3,2,-9,-2,0,-1,-10,-18,-27,-5,2,-8,2,-1,16,10,-16,34,-24,11,0,13,-13,549,27490,27060,27063,27050,25958,-27928,-25986,27899,25946,-26787,26792,-26834,27386,-443,2,15,32,25,-17,-1,-39,24,-7,9,-9,9,17,-1,-17,1,21,32,11,21,-9,1,10,10,9,-11,-9,1,-9,-6,-9,-77,-117,-77,-57,-59,105,111,-61,-60,52,-1064,-837,-982,2569,2453,-2626,-2460,2587,2431,-2549,2511,-2526,2579,-41,15,-25,6,20,-13,39,45,6,0,10,16,-1,2,19,13,-21,19,9,-26,29,-28,-36,-31,-8,-31,7,26,-1,-3,9,-23,-7,3,22,2,-12,2,0,-6,19,7,-13,1,-9,0,30,-11,-15,7,-14,7,-18,5,-2,-37,-22,-32,-4,2,-7,-17,-3,-7,10,5,-16,-14,-10,-24,18,-6,14,22,-21,-9,4,-3,-9,28,12,13,9,16,7,-7,-4,22,11,-17,16,0,-6,11,10,3,10,15,-9,-21,15,-3,-8,-7,28,7,-12,-7,-3,13,-3,5,13,-6,13,-23,7,7,-6,8,-17,7,12,-8,-5,21,-2,0,-1,-1,-2,-1,-2,-2,0,-1,-1,-1,0,-1,-2,-1,-2,-2,-2,-1
-256,4,-1,24,7,12,10,4,7,-21,-10,-13,-21,-3,-1,-18,15,-4,-5,-14,-13,17,-21,10,14,-17,14,-30,7,21,2,-3,-25,34,-5,545,27535,27041,27068,27058,25963,-27901,-25965,27907,25983,-26797,26814,-26840,27380,-456,23,20,-17,5,5,-24,45,-23,8,-26,6,5,-19,-27,34,8,-1,-18,-8,-6,24,-32,-25,-47,22,27,15,-9,-11,-21,24,91,119,94,65,116,-92,-85,64,64,409,24932,24333,24524,24431,23470,-25266,-23508,22993,21325,-22066,22054,-22061,22524,-331,8,-36,20,-19,20,-53,3,-7,18,9,2,23,7,1,-12,24,-6,22,-3,17,16,3,-28,-4,33,68,-2,1,-28,19,-16,-9,-30,-5,-23,11,14,6,33,-10,28,7,5,13,10,-10,-20,11,-23,-9,-20,-5,-30,27,-6,-10,13,14,25,33,10,12,-7,9,-10,-11,13,13,-3,8,-6,15,28,5,-13,-32,22,-24,-12,-19,-9,-1,-26,22,7,-5,-12,-9,16,-17,-27,3,-6,8,3,8,-23,-32,-18,-25,-18,-41,-19,7,-10,5,-13,3,-24,-27,16,6,-2,20,-8,-5,-18,-36,-17,24,23,-7,9,-14,-16,-12,8,-1,-1,-2,-1,-2,-2,0,-1,-1,-1,0,-1,-2,-1,-2,-2,-2,-1
0,5,-11,5,-31,-20,11,-7,-1,-17,11,8,21,-4,-18,-9,28,15,6,3,4,-10,-28,32,-6,-17,23,15,6,-24,14,7,34,24,-2,547,27475,27051,27055,27065,25958,-27920,-25969,27923,25978,-26823,26839,-26814,27342,-442,1,12,15,6,5,-21,-11,0,-13,3,-6,-15,1,-6,-21,30,-7,31,26,34,28,-9,-45,-31,4,-11,-6,33,3,1,-14,0,-16,-7,-43,-34,19,10,6,-23,-552,-29491,-28987,-29062,-29055,-27850,29934,27870,-29930,-27882,28736,-29546,29577,-30159,467,-26,4,-6,25,-7,17,-30,18,-15,7,7,2,-6,-2,-11,18,9,-3,-5,20,53,36,0,-13,1,18,-16,-23,18,-8,5,-32,19,5,-16,-4,0,-19,-16,19,-27,-9,9,-8,-6,2,-15,9,2,4,28,-12,13,-2,15,29,12,4,-4,8,8,-2,0,12,26,9,-33,19,15,-5,10,-22,22,-18,-19,2,9,-12,6,11,0,14,-21,-27,-10,4,-2,4,14,-35,8,-16,-26,3,-6,-19,-7,5,-8,1,-12,-7,-15,-2,-11,-37,-10,-32,18,-17,-11,-7,-25,15,-26,4,26,4,13,-6,-6,-5,-8,2,-23,8,26,-1,-1,-2,-1,-2,-2,0,-1,-1,-1,0,-1,-2,-1,-2,-2,-2,-1
0,9,-1,-10,-3,32,2,10,-4,-10,-3,-5,5,20,10,23,0,-18,15,14,-19,5,2,4,-22,23,6,-4,0,-10,6,4,29,28,-2,520,27470,27065,27062,27067,25999,-27925,-25975,27915,25972,-26837,26841,-26825,27368,-413,15,19,-10,18,18,13,4,-14,-7,-21,19,-35,1,-12,18,14,-8,14,26,22,9,0,25,12,2,-24,-18,-36,-3,-12,1,-61,-79,-62,-78,-28,33,22,-17,-16,224,11295,11124,11105,11108,10678,-11474,-10687,11454,10661,-10991,11046,-11050,11218,-191,-32,12,-19,-26,-24,4,-8,-7,0,-9,50,11,-9,-15,-4,28,26,-33,26,-23,20,29,-15,-5,17,-31,3,36,9,18,53,18,15,27,-2,0,-23,-33,-16,1,-2,16,12,15,-8,11,12,-2,-5,1,10,-7,-1,6,16,-7,11,-20,2,-7,-11,11,-14,13,4,30,10,-14,-14,21,-1,5,-7,23,-4,-5,-4,7,-13,27,0,-4,15,-25,-30,-5,-36,12,33,-40,15,34,8,5,-8,-11,17,-11,6,4,-10,-13,-27,-3,-9,13,26,0,2,2,-5,-20,6,17,3,10,-1,3,-18,0,-2,-28,9,6,-19,-16,9,-1,-1,-2,-1,-2,-2,0,-1,-1,-1,0,-1,-2,-1,-2,-2,-2,-1
-256,-45,10,-10,1,19,3,8,16,0,-14,-21,-26,-8,19,-10,14,4,-13,-11,6,3,0,3,-19,-7,1,4,-17,3,-19,22,3,-12,14,557,27479,27066,27019,27065,25966,-27913,-25968,27908,25965,-26839,26822,-26827,27376,-425,-13,-5,-18,17,5,-4,-23,12,9,-34,14,8,-12,-18,2,-11,-1,-26,4,16,23,-13,-18,12,31,4,-16,19,-22,45,14,38,86,79,49,34,-63,-39,76,89,-82,372,150,391,287,273,-290,-252,299,269,-280,279,-249,284,3,-10,-7,49,-5,-9,15,13,-16,-5,-4,-2,-24,-3,7,-12,19,-21,12,-37,39,-12,35,1,2,-13,19,-21,22,-39,-10,5,28,39,-1,-1,25,-33,38,-14,-1,6,-9,2,-19,24,17,-3,-6,19,22,-5,21,23,-4,-7,-11,0,6,-2,-14,-25,2,21,-7,-10,-6,-2,14,-3,-3,-17,-6,-29,4,12,-17,12,-5,8,-18,19,9,-18,17,1,-17,-5,9,-28,8,-33,2,-8,-11,-19,-2,-19,3,-9,-5,12,-25,-11,24,15,2,-8,-1,13,-7,-15,6,4,10,4,23,11,4,-13,37,-5,22,1,-20,3,11,15,-1,-1,-2,-1,-2,-2,0,-1,-1,-1,0,-1,-2,-1,-2,-2,-2,-1
0,3,16,-6,2,11,21,8,0,9,-17,13,25,22,0,11,3,16,4,28,4,-1,-24,-3,3,-3,-11,10,-13,4,8,-3,-5,0,-8,556,27506,27089,27065,27051,25962,-27913,-25951,27897,25971,-26832,26819,-26806,27334,-417,-9,37,17,-1,29,-9,-14,-18,24,-17,-4,-23,29,9,-1,5,-5,21,-9,0,3,-4,3,8,-21,13,21,-14,-20,13,-34,-45,-59,-53,-52,-41,66,37,-83,-42,-555,-30722,-29914,-30031,-29951,-28797,30951,28806,-30938,-28768,29710,-29721,29728,-30320,461,7,-13,6,18,40,6,-27,20,29,-16,-24,-14,-7,23,-33,-28,-6,1,-8,-15,25,-28,-26,-16,-6,-2,3,-14,-22,4,-7,-24,-22,-28,7,-3,-10,13,1,14,18,24,-9,8,-21,-30,-21,17,3,-22,21,-6,-7,16,4,-21,-6,-4,-8,-14,-18,-19,-32,-14,-10,12,11,5,13,-6,22,-4,5,16,8,17,-8,-25,34,-11,-9,24,19,-11,-7,-16,13,3,-3,23,5,9,16,40,32,3,-25,19,-4,23,22,-19,-7,-9,7,-2,-16,-3,7,2,-19,15,8,-4,18,-13,10,8,-24,-26,-9,25,10,11,20,-16,12,-1,-1,-2,-1,-2,-2,0,-1,-1,-1,0,-1,-2,-1,-2,-2,-2,-1
-256,20,22,20,1,12,6,-13,18,10,11,-8,-13,-13,-17,-27,8,6,-8,-9,12,-5,5,-8,-5,25,15,0,-31,-9,-7,-16,-19,0,21,547,27476,27045,27052,27063,25966,-27901,-25940,27904,25970,-26841,26848,-26799,27351,-445,-27,7,11,-19,6,-17,-21,-1,4,-6,-3,-7,-14,-2,-19,32,12,17,0,5,1,9,-5,12,6,-25,14,-14,-13,-25,-22,-22,-47,-26,-18,-30,16,9,-23,-10,414,19038,18770,18721,18779,17975,-22005,-20512,22017,20480,-21201,21187,-21157,21618,-371,11,-1,-16,-26,74,7,-1,17,-4,6,-12,-11,25,-3,13,39,-35,9,27,14,3,-35,12,-5,-12,-23,14,7,-12,-17,29,-6,-17,-23,-26,0,3,-12,-2,-8,14,-39,5,16,2,14,6,-17,0,16,-19,17,-21,8,20,-27,4,-8,-7,-8,-4,-6,-2,11,-16,-8,-5,16,-1,-2,2,6,-7,-2,9,-15,-16,-8,25,11,22,0,15,1,2,-13,-3,0,-7,14,16,9,-18,-6,-14,-12,-20,15,27,3,-24,5,17,16,15,-4,-5,-18,-29,7,21,22,0,12,-4,-6,-29,-29,7,-10,-7,11,23,-11,27,14,26,-1,-1,-2,-1,-2,-2,0,-1,-1,-1,0,-1,-2,-1,-2,-2,-2,-1
0,-36,7,-36,20,3,4,2,2,-29,30,9,21,-23,-1,-26,6,22,-13,0,8,-6,-14,11,-9,-7,-21,-11,-5,9,-1,14,-20,3,-17,524,27473,27052,27065,27062,25986,-27920,-25986,27924,25985,-26831,26815,-26828,27358,-431,-8,-1,35,5,19,-33,-15,2,-10,-4,9,-11,11,-17,18,14,-12,-35,-6,11,-4,12,-9,-6,17,28,-13,-2,-4,20,-14,83,89,99,94,94,-112,-114,110,81,33,7449,7094,7337,7223,6937,-7482,-6942,7376,3587,-3780,3731,-3745,3853,-51,32,12,4,-35,3,-8,-17,-20,-2,6,-24,-10,-20,-6,-3,0,21,-18,-7,16,6,-8,-22,2,12,-11,30,-10,1,35,4,-6,-2,-33,-9,18,32,3,-27,-1,-14,-33,-28,-14,-24,14,9,9,-5,-15,-3,-30,10,-2,11,-5,15,-8,-11,-5,-12,0,24,15,-2,10,22,-6,5,-15,-21,-1,32,8,20,0,-11,-1,2,-7,-18,19,5,19,0,16,8,26,20,-11,-10,-5,-12,-3,8,6,-24,-35,15,13,-18,-7,-10,11,-3,19,11,4,-16,11,-17,-28,1,-24,7,21,1,14,14,-17,30,-14,-24,27,-10,6,41,-1,-1,-2,-1,-2,-2,0,-1,-1,-1,0,-1,-2,-1,-2,-2,-2,-1
0,5,-23,-7,-24,-3,35,-18,0,22,13,4,1,-4,11,-33,2,11,26,-9,13,-11,23,15,0,-16,-2,20,-28,-7,-27,-19,18,12,-3,550,27475,27026,27058,27048,25963,-27917,-25986,27891,25956,-26861,26814,-26837,27365,-440,0,2,-20,-9,-4,4,-21,-16,-10,-7,9,9,-31,-18,1,6,2,-22,-16,6,13,20,34,-10,-16,-1,28,11,-21,-13,-5,-96,-95,-69,-71,-73,55,40,-121,-110,-442,-28147,-27554,-27693,-27611,-26488,28468,26499,-28461,-26480,27401,-27373,27409,-26377,393,13,-7,-30,-2,22,6,21,12,0,3,-6,-37,-25,-20,44,-26,-8,23,13,0,13,-32,-3,-13,31,0,26,12,-30,28,-9,26,10,1,-27,5,-2,19,0,15,-6,-2,17,15,17,21,8,-10,-1,10,-15,-13,-2,-20,-7,13,-3,-14,5,-8,-2,8,-1,2,-7,32,-6,27,46,-15,-16,7,-19,-9,-18,1,13,-11,-17,26,-17,5,-6,-14,-11,-5,4,11,-8,2,13,19,-14,11,-19,30,-36,37,-18,-27,-4,1,-16,5,25,12,-13,-19,15,12,-30,-10,5,-3,0,5,14,5,18,24,13,7,4,0,-8,-7,11,-1,-1,-2,-1,-2,-2,0,-1,-1,-1,0,-1,-2,-1,-2,-2,-2,-1
-256,-1,-5,-10,-29,6,-6,5,-8,29,-10,13,-12,-2,2,14,-19,10,-7,7,-15,15,2,-28,0,-10,4,0,-5,20,15,-15,14,14,-17,578,27508,27040,27046,27068,25967,-27905,-25972,27901,25978,-26808,26824,-26815,27374,-406,-13,-18,-2,11,5,-3,13,-1,12,-8,-8,-4,1,-20,-39,27,25,-36,-1,-18,5,9,-2,6,9,25,12,8,37,-14,-21,-62,-68,-39,-53,-33,1,4,-14,-19,503,27048,26635,26647,26631,25566,-27459,-25522,27459,25577,-26416,26374,-26412,26908,-414,5,29,-22,-3,15,-1,-22,-24,-4,-2,26,-6,5,4,-11,14,-38,-9,-11,-7,0,-11,-39,20,48,28,-20,-18,-35,-15,-18,9,-2,-42,-3,12,-9,14,-6,-16,-4,-9,1,-15,-16,8,3,31,9,9,-15,6,32,-19,-13,8,-1,9,-4,-6,-7,-19,4,-13,21,-14,-16,16,-16,-5,30,-7,-15,-22,11,14,-22,-16,1,-25,9,-3,9,5,-8,37,5,-17,-17,-30,15,-17,0,27,-1,3,10,-1,-10,4,-14,-23,-8,-4,9,-8,-4,10,7,-13,4,-30,11,-2,4,22,-16,-8,-12,10,-8,0,-7,3,-2,21,-17,-1,-1,-2,-1,-2,-2,0,-1,-1,-1,0,-1,-2,-1,-2,-2,-2,-1
-256,-7,-19,21,-5,-2,-3,-17,-11,10,-6,-20,19,5,13,4,-16,16,8,-32,24,-12,0,-10,7,-4,1,-11,1,2,-7,-26,4,1,2,544,27488,27039,27079,27063,26000,-27909,-25970,27903,25942,-26843,26821,-26815,27359,-393,12,4,-18,-12,-7,-6,14,3,-17,-9,-9,-15,-14,-13,-3,-3,-19,-9,-9,12,-11,17,23,-14,-41,31,3,22,30,5,-15,95,91,94,91,47,-41,-96,67,67,-166,-5042,-5072,-4955,-5031,-4811,5187,4801,-5218,-4824,5004,-4972,4970,-5046,92,-7,-7,-8,15,-20,-28,-13,18,6,22,-1,-28,14,12,-4,-15,-28,-32,7,-20,25,-17,-28,11,13,-33,16,6,-10,-38,-34,-35,12,14,43,-9,13,1,30,-1,-6,14,4,-1,11,-10,15,1,-18,-7,5,23,2,-2,2,-1,22,-40,0,13,-13,-4,15,-20,-22,5,0,3,13,12,-6,-14,-44,18,-4,-6,-12,-7,13,30,11,12,5,4,-11,4,-6,-8,7,-5,-15,-24,19,-4,19,12,-20,13,4,-6,-13,-1,23,16,5,5,-9,9,28,8,-24,4,-9,2,3,-1,30,21,27,4,-11,-28,12,-2,5,1,19,-1,-1,-2,-1,-2,-2,0,-1,-1,-1,0,-1,-2,-1,-2,-2,-2,-1
-256,-9,-22,25,-17,22,-6,-8,-6,-3,-20,-2,-30,26,17,-22,-1,7,-7,-34,-17,-7,13,-5,-2,32,-11,-15,10,-13,-21,0,-4,-17,2,557,27488,27070,27056,27034,25963,-27909,-25960,27935,25980,-26811,26819,-26819,27378,-432,1,-13,16,10,0,-12,3,15,-2,-11,-5,20,-15,-9,-17,15,-12,-23,1,13,-13,25,13,-2,-11,13,20,-17,-23,-39,-9,-104,-87,-98,-80,-99,102,87,-108,-78,-347,-23389,-22780,-22935,-20424,-19653,21138,19667,-21134,-19675,20277,-20290,20322,-20725,333,30,7,25,-7,-16,-30,-35,-20,-2,4,-19,-27,21,-27,17,-4,1,-23,2,19,-53,3,21,18,0,31,2,11,25,-14,4,-11,0,-11,33,12,12,1,-19,-10,2,-9,-11,-10,-9,-7,-17,7,-16,-17,4,31,-26,-20,-10,20,34,0,10,12,-6,6,9,-4,2,29,22,-17,-10,-8,11,0,5,17,-2,-4,-13,6,-25,-13,0,-5,0,-8,28,-10,-4,17,14,22,13,-23,4,5,-5,2,-5,5,13,-17,5,-16,15,-19,2,-6,-3,-14,9,-17,-7,-8,12,20,9,9,9,45,-18,-9,0,13,9,-18,5,3,-14,-1,-1,-2,-1,-2,-2,0,-1,-1,-1,0,-1,-2,-1,-2,-2,-2,-1
-256,-21,17,3,-41,-11,-12,16,5,34,13,-6,5,-14,5,3,-9,-9,-20,-7,6,-5,23,-11,-6,12,22,12,5,-1,1,-13,-14,10,-28,534,27490,27052,27054,27051,25997,-27917,-25993,27925,25952,-26811,26831,-26837,27386,-423,18,-31,16,13,-11,-4,3,13,28,4,6,0,13,-16,-15,5,-8,-2,14,10,-29,-6,-17,-7,26,27,-5,24,22,-9,5,28,13,17,41,24,-53,-39,48,11,575,30102,29599,29700,29633,28443,-30555,-28879,31052,28911,-29867,29846,-29863,30487,-498,44,1,14,9,47,10,26,18,-16,12,35,30,17,7,17,8,-23,-14,3,-9,21,-33,0,-8,-15,-34,-17,-12,-19,-18,1,15,-10,-35,-13,-4,17,-9,0,-9,-14,25,19,10,18,2,-3,-30,6,14,-4,24,-17,30,6,17,35,17,2,6,-2,18,18,30,10,-18,-12,9,34,-5,11,12,-24,20,-15,12,-17,-11,-9,-10,15,4,-10,-4,7,25,0,-5,12,-21,-14,11,-38,2,16,-8,13,-14,1,-3,8,-30,-27,11,4,2,1,27,0,5,-1,-17,-4,-4,17,7,-9,13,-13,-6,-12,-2,3,17,15,-13,-1,-1,-1,-2,-1,-2,-2,0,-1,-1,-1,0,-1,-2,-1,-2,-2,-2,-1
-256,21,-1,-15,23,8,-21,-11,4,13,30,-12,-6,39,0,-24,7,20,-15,6,-3,2,4,39,-8,18,0,13,26,-11,0,13,-8,11,17,534,27478,27063,27062,27078,25983,-27904,-25974,27898,25957,-26850,26846,-26839,27378,-425,1,-26,14,-11,-9,0,-11,-24,2,-17,-30,-10,13,-9,-6,5,5,36,1,23,-4,-11,18,-4,14,15,-28,7,-29,-10,-19,17,-3,-15,42,26,-44,29,-21,12,-570,-28957,-28563,-28528,-28517,-27426,29432,27416,-29440,-27331,28552,-16493,16316,-16612,270,-55,12,2,-9,10,-24,13,3,6,3,21,-19,5,-32,4,11,-8,11,37,15,-1,37,11,15,-2,10,-9,-24,39,26,-25,-4,-29,-12,13,2,-11,1,-29,-8,4,1,23,1,10,-4,12,-7,13,15,-9,-1,4,-10,10,-8,5,-4,4,-6,17,-1,0,26,9,2,15,-9,-26,26,13,6,-8,0,35,20,-13,-10,-8,10,4,1,-14,-5,-16,4,13,9,-9,11,-9,17,5,12,-32,-20,-11,0,13,-23,0,-1,-15,16,-13,-1,-22,-1,-14,9,8,13,16,26,19,-27,15,25,-8,11,-3,-10,-6,-9,4,4,12,-1,-1,-2,-1,-2,-2,0,-1,-1,-1,0,-1,-2,-1,-2,-2,-2,-1
-256,1,11,-9,-8,-4,4,23,-4,-6,19,-5,-3,-16,5,15,-9,5,-6,10,3,21,-2,-11,4,-9,-1,11,-1,-16,15,-27,-1,9,-14,538,27469,27067,27058,27050,25969,-27922,-25980,27927,25960,-26839,26821,-26801,27381,-422,-19,28,14,22,2,-20,13,21,-16,8,3,11,-4,14,-11,-11,10,46,36,12,57,-17,-18,16,8,-4,27,-11,-12,6,-16,-75,-64,-44,-137,-101,85,66,-80,-126,-150,-13510,-13096,-13332,-13175,-12680,13628,12618,-13608,-12649,13032,-13039,13102,-13305,209,5,10,-36,18,-12,30,26,38,-2,13,17,8,6,-8,30,-9,-17,6,14,-25,-14,-10,-46,2,8,3,-39,20,18,1,28,0,6,7,9,-13,4,25,12,26,12,14,-20,16,-18,9,6,1,-23,4,26,-1,7,10,5,-5,4,0,10,15,1,-5,4,20,-33,-14,-2,-11,1,9,22,9,4,-16,-14,-5,-10,-10,-18,-28,2,13,-17,-22,-14,0,32,-3,-5,32,-3,-15,22,8,8,-15,-1,2,-24,-5,6,5,-26,13,2,-5,13,-7,-26,-13,-1,8,-17,16,-35,-3,-14,24,-5,11,-14,-13,5,8,21,-18,-14,-1,-1,-2,-1,-2,-2,0,-1,-1,-1,0,-1,-2,-1,-2,-2,-2,-1
0,-16,-5,-4,7,-2,9,17,15,13,6,-4,-14,-1,17,8,2,9,-8,-11,9,-2,-11,-9,-22,16,9,8,-13,7,-8,1,-13,-22,-4,543,27473,27059,27054,27038,25966,-27926,-25963,27908,25951,-26840,26798,-26831,27364,-428,-11,-5,13,-13,-15,-7,-9,7,-20,13,11,7,25,30,21,-22,-15,-18,-1,5,8,-24,13,6,-28,5,10,4,0,15,10,72,56,86,44,61,-83,-43,68,75,534,30099,29498,29652,29581,28370,-30487,-28425,30494,28371,-29367,29326,-29269,29925,-492,-5,-10,13,-4,-12,-13,-15,-18,-2,-15,3,4,-6,11,15,-6,-10,9,-20,1,-9,-17,-25,29,-18,8,-21,-1,21,2,-13,17,1,-16,-12,3,22,3,8,1,0,14,-4,2,-19,1,-23,28,13,-8,-2,-12,-9,1,-27,10,-40,-4,-13,-2,6,-12,3,-16,0,5,-5,1,-21,-13,-12,8,-17,7,6,2,-11,16,17,2,-22,20,-5,6,-19,-9,6,-18,-19,-24,7,-14,-8,29,-15,14,20,17,-11,12,-13,3,-1,5,-16,8,-28,27,-13,-20,2,-2,3,-4,7,6,16,-2,-17,16,-3,12,18,0,31,-11,-19,-1,-1,-2,-1,-2,-2,0,-1,-1,-1,0,-1,-2,-1,-2,-2,-2,-1
-256,2,12,23,14,-4,3,5,-12,-5,5,-1,13,-33,11,-20,19,6,-4,-18,3,24,-9,24,6,5,-12,0,-6,15,14,0,-13,4,-14,543,27480,27055,27044,27058,25965,-27891,-25973,27909,25973,-26852,26794,-26815,27372,-396,-14,-3,-25,8,-15,-27,0,-9,1,-31,-9,-4,15,-7,4,13,2,-4,15,16,-16,17,-16,12,-10,13,-2,-31,10,5,28,26,15,-6,17,5,-12,-24,27,-8,-472,-23352,-23150,-22978,-23080,-22141,23790,22133,-23800,-22130,22890,-22845,22853,-23330,373,-42,-38,-5,4,20,-6,2,14,12,9,-21,14,5,2,7,-50,-27,-27,12,23,-35,3,-35,31,37,33,14,20,8,11,-15,10,-12,18,-19,-9,-6,-6,-12,6,-9,4,15,31,9,17,-10,11,-12,-13,7,-16,-25,-5,12,-23,-1,7,-4,33,17,2,10,-2,-26,-18,-22,12,-4,-9,22,5,-15,18,-14,-5,-34,-6,2,25,-6,-27,17,15,2,2,-5,6,20,-3,26,17,-13,-2,2,-19,-32,14,-9,0,21,-15,-11,7,-2,-3,-8,20,-11,20,-11,-16,-20,7,4,15,-20,-7,0,5,-11,-21,-8,-19,7,-23,3,-1,-1,-2,-1,-2,-2,0,-1,-1,-1,0,-1,-2,-1,-2,-2,-2,-1
-256,2,5,21,4,3,-36,-18,6,15,-1,5,5,3,-17,10,3,-2,-17,-7,-9,-14,-1,-31,-8,18,-6,6,10,9,-1,23,11,-8,19,563,27487,27075,27046,27074,25972,-27901,-25985,27891,26003,-26826,26848,-26855,27381,-438,-15,10,5,4,7,6,-9,12,2,33,13,36,20,16,40,2,33,-7,11,23,6,8,6,-41,-14,-10,-1,-4,5,-28,-36,-103,-116,-69,-77,-76,74,80,-123,-104,-42,-4929,-4669,-4858,-4695,-1206,1347,1276,-1347,-1240,1302,-1285,1311,-1346,0,-66,8,-21,-7,-7,-16,9,25,10,3,-39,-23,-3,-13,45,6,-7,34,-5,38,-3,12,8,38,-2,-23,8,-14,4,23,9,39,-5,-12,15,-6,10,-5,-15,0,-12,-9,7,-16,-27,6,16,-3,-9,-15,-17,10,-24,-19,6,4,-2,2,-8,-5,-22,-8,14,-15,25,-18,-12,1,-2,-30,-3,16,1,-11,-1,-18,-6,8,20,0,-1,16,22,22,-14,21,39,-5,-8,16,0,7,2,-14,6,32,13,-9,12,15,1,27,13,-43,-12,-15,-9,15,-12,12,11,20,-39,8,-36,-14,0,-7,-18,13,-37,3,-10,-7,-24,14,-12,-1,-1,-2,-1,-2,-2,0,-1,-1,-1,0,-1,-2,-1,-2,-2,-2,-1
-256,-17,5,7,-7,5,-16,-16,-2,15,-15,16,-9,2,4,-4,-20,17,12,-11,3,-2,9,12,-34,-26,-7,-9,13,7,-24,-7,-11,0,14,522,27513,27037,27041,27056,25946,-27903,-25996,27915,25966,-26811,26852,-26814,27351,-424,-5,-3,-9,-9,8,14,-8,15,-47,14,-4,-22,-4,26,-35,28,-7,6,35,12,-24,4,28,-1,24,-1,-4,-21,7,-2,-18,95,89,130,67,108,-50,-53,83,97,479,27020,26390,26627,26509,25444,-27365,-25459,27316,23663,-24472,24477,-24432,24923,-381,-2,-8,1,-24,60,-33,5,-22,-21,-11,13,-3,-32,-8,28,22,6,13,4,-32,4,2,16,-19,-26,-22,14,-42,17,27,19,-11,7,-6,-28,-26,-1,33,-14,7,6,-38,-18,24,-10,17,3,2,-9,-11,14,16,34,-16,5,-3,-33,5,-9,-4,11,12,0,-30,16,8,-11,-5,12,-2,17,-16,-17,5,9,-10,-12,-3,12,-6,3,9,-11,9,15,13,28,-29,1,5,-4,-6,-6,7,-22,4,-15,-18,-1,-7,-2,16,-1,2,-2,-1,9,13,26,-4,16,-12,18,-16,13,10,-2,-9,-14,-8,21,-12,-6,-9,6,-16,2,-1,-1,-2,-1,-2,-2,0,-1,-1,-1,0,-1,-2,-1,-2,-2,-2,-1
-256,7,16,-1,-2,31,-3,12,15,-25,-7,3,-1,20,-8,2,35,2,-13,-25,20,3,8,-21,-3,3,3,-5,6,-2,21,-16,-3,1,7,545,27469,27055,27056,27037,25965,-27886,-26006,27910,25938,-26823,26819,-26852,27367,-419,-12,-17,5,1,5,-12,-3,12,-21,37,6,-19,-2,-26,15,18,14,-8,-15,31,-19,-3,18,19,14,-35,16,-6,23,3,19,-11,-17,-26,-15,-17,15,39,-4,4,-557,-28181,-27697,-27753,-27683,-26607,28600,26598,-28607,-26613,27459,-27471,28636,-29238,444,28,37,-19,46,-21,6,14,-28,-13,-19,-7,-28,-21,43,-20,8,-29,17,-27,27,26,-21,-17,-2,23,-3,21,23,3,-22,10,15,8,26,14,7,3,24,16,-20,-27,13,-12,-9,-3,8,12,20,-13,17,-12,-20,-17,-29,-19,-9,-14,-10,21,-26,8,18,-11,6,-18,3,-13,5,-11,-8,-1,-5,18,1,6,-15,3,-4,-6,20,-20,44,1,-21,-15,-21,-1,7,-20,1,4,6,-12,-8,5,1,-7,-35,14,1,-4,14,-14,-11,-9,-11,-16,-8,3,7,-12,-14,7,-11,6,3,21,-5,-8,6,3,-8,-2,17,-8,20,-22,-1,-1,-2,-1,-2,-2,0,-1,-1,-1,0,-1,-2,-1,-2,-2,-2,-1
0,-16,-30,4,-22,6,4,16,12,-15,0,3,0,-10,8,25,12,4,0,9,-8,5,-4,15,-9,-12,-22,-10,17,-22,2,0,-11,16,-13,513,27483,27042,27050,27084,25986,-27923,-25952,27910,25942,-26861,26816,-26838,27386,-421,-6,-3,-4,11,-24,-2,29,-12,4,-1,26,27,32,10,8,-22,16,-19,-26,20,-16,-47,-7,-2,-13,10,3,9,23,8,-38,-90,-80,-71,-111,-59,64,70,-71,-114,212,7505,7525,7391,7459,7180,-7729,-7176,7693,7184,-7406,7428,-7392,7539,-126,14,-30,20,1,13,3,23,-34,4,-21,-9,-3,-5,-4,2,-24,13,-38,-53,22,6,-9,-3,4,-19,-33,9,-23,20,1,16,1,-22,23,-18,-10,16,21,9,-11,-8,16,3,6,-10,17,-27,-1,-10,-16,-6,-15,-12,-3,2,12,22,19,9,9,5,5,3,-21,7,-1,7,-13,-4,-33,5,-12,16,-17,-15,-5,1,0,7,8,-9,8,-12,-4,8,-7,-3,18,1,-12,1,-22,27,-5,12,5,17,2,-12,-35,12,-30,13,0,-19,-13,-1,-30,-17,-9,-4,11,6,-6,-1,11,-5,4,-21,-11,1,-7,13,-8,30,-1,-2,-1,-1,-2,-1,-2,-2,0,-1,-1,-1,0,-1,-2,-1,-2,-2,-2,-1
0,-10,18,21,-15,0,-37,-14,19,24,-4,-41,-3,27,18,-15,-20,20,1,-13,8,-8,8,9,-9,-12,9,-1,13,30,0,-28,0,10,-14,539,27477,27054,27061,27046,25986,-27908,-25973,27898,25956,-26818,26806,-26809,27375,-426,-3,-19,-27,-5,2,-51,0,0,-19,22,10,-8,7,23,-22,5,0,1,23,-2,-1,13,-5,-13,0,12,6,29,12,-1,2,42,49,36,37,64,-47,-51,34,71,308,18914,18528,18615,18544,17787,-19186,-17801,19126,17817,-18411,18363,-18402,18779,-281,20,0,-25,27,19,11,0,23,26,-6,4,8,28,29,0,9,3,14,13,36,26,25,40,-21,7,17,13,-15,11,11,15,-4,16,7,19,22,-7,3,26,-19,12,8,17,-15,31,-23,5,-16,4,12,-6,7,8,5,23,-7,20,-46,17,8,7,2,-7,20,-14,11,-5,19,-3,-20,19,27,19,-30,7,16,10,7,13,26,10,3,1,2,-10,3,13,-7,12,-12,-9,-8,20,38,19,13,-14,-8,-5,3,4,11,-4,-14,7,24,-22,10,2,35,18,21,-1,-15,-13,16,-24,15,4,17,-4,7,18,26,-13,-25,37,-1,-1,-2,-1,-2,-2,0,-1,-1,-1,0,-1,-2,-1,-2,-2,-2,-1
-256,-16,-33,16,2,-14,6,-3,-20,-38,-28,10,9,-20,16,-10,19,-14,14,28,10,-2,0,-19,6,39,13,12,-12,-20,4,-5,-2,-23,-11,518,27498,27060,27065,27049,25960,-27916,-25983,27909,25992,-26804,26826,-26775,27378,-411,-19,3,28,17,0,-30,-11,-10,-5,-14,-2,-16,5,11,19,-10,5,21,3,6,4,-2,31,46,23,13,-29,-19,5,31,8,-88,-101,-119,-85,-101,68,87,-54,-87,-514,-30604,-29916,-30310,-30227,-29014,31179,29000,-31143,-28984,29974,-29952,29944,-30582,474,-7,54,1,-4,-6,-1,-17,14,-6,27,-1,-35,9,0,-2,-17,-6,4,-7,-14,1,-24,-7,48,-8,-26,15,-15,-22,-4,-5,-27,-23,-21,-20,-24,4,8,-3,10,-21,6,-14,-7,-7,4,-39,-13,-22,15,1,11,2,-6,-12,-1,1,7,-1,-12,12,6,18,3,-1,-13,21,12,7,28,4,-18,-11,-26,28,-4,-16,6,-16,4,-20,-26,0,1,-27,-22,-2,-2,-18,2,-14,0,13,9,28,15,2,-4,-7,-9,0,-8,-33,2,14,-7,-24,-17,15,-3,-29,3,-24,-11,2,25,-27,5,-15,-5,30,-4,16,11,19,13,0,-1,-1,-2,-1,-2,-2,0,-1,-1,-1,0,-1,-2,-1,-2,-2,-2,-1
-256,-4,17,9,2,-15,-11,1,-8,-2,-15,-8,-27,-7,18,5,5,4,-13,-19,7,0,11,-14,-2,-6,-18,4,-18,-11,-12,33,-25,28,12,553,27494,27030,27064,27050,25965,-27898,-25969,27911,25943,-26815,26800,-26848,27384,-420,2,1,5,23,14,14,12,2,-4,25,-3,0,29,-1,-18,-28,-8,-8,15,-6,18,24,10,-12,-22,-21,15,-2,21,23,-13,-47,-34,-55,-47,-30,28,75,-52,-15,344,15870,15659,15535,15638,15005,-16161,-17746,19038,17740,-18337,18343,-18341,18702,-271,-22,12,40,-11,17,-11,-2,-20,16,23,-3,17,-15,-43,-1,-25,5,-14,9,-46,-8,34,-12,-22,15,-1,-26,51,-13,4,13,-35,-4,16,18,7,9,-10,-9,-13,3,-2,6,-17,-9,1,-34,9,25,-4,24,-17,9,-18,-17,-11,1,-16,4,-13,-14,24,19,9,29,-7,14,-9,24,-21,-13,1,-12,-3,-17,-23,-13,-8,-1,3,-18,5,28,-12,21,5,-11,-27,-1,14,17,9,11,-8,1,0,5,22,-10,3,-10,6,6,3,28,18,18,-5,-8,-2,-7,-36,-16,-8,-9,25,-8,14,-6,-11,-7,-2,-5,-1,7,-8,-24,-1,-1,-2,-1,-2,-2,0,-1,-1,-1,0,-1,-2,-1,-2,-2,-2,-1
0,15,-8,17,9,5,19,-14,-5,9,-3,2,2,21,-9,-14,0,-17,8,-13,-19,-6,5,-2,-3,17,11,13,-14,6,29,16,-8,2,-13,555,27481,27051,27061,27057,25979,-27904,-26009,27930,25976,-26836,26805,-26832,27355,-428,1,33,-4,9,-33,-16,-5,27,33,-6,-1,-1,17,-10,11,-24,-15,-15,3,2,29,6,18,-2,-3,6,9,-7,17,22,0,68,59,98,90,93,-109,-137,73,121,115,11158,10764,11009,10908,10439,-11214,-10483,11244,10495,-7555,7514,-7553,7667,-152,4,-15,13,11,23,1,1,-28,-12,3,26,15,-1,-19,16,8,16,-9,21,-17,-32,-11,26,-15,39,4,1,24,1,-1,-33,9,-4,-11,-1,-14,6,-14,-3,-25,7,18,0,-9,14,19,-10,-22,1,26,-15,-22,10,-13,2,4,9,-5,1,-12,-8,11,-5,4,6,-7,0,16,-9,3,-22,10,-24,-10,-6,3,-19,-19,1,-17,-14,-12,-15,-9,32,0,-4,-3,-42,-15,0,19,-31,10,3,21,-20,-2,-4,-3,-2,-10,-16,-10,-3,2,23,11,-7,8,-14,-1,-2,5,-12,-3,2,16,7,-17,-3,-9,-23,21,-2,2,-11,-1,-1,-2,-1,-2,-2,0,-1,-1,-1,0,-1,-2,-1,-2,-2,-2,-1
0,1,12,-25,-21,-24,22,11,-13,7,13,-19,6,-7,-39,28,-19,18,21,8,-25,-5,23,-37,16,23,10,2,-1,-5,9,-8,-8,17,-18,528,27472,27054,27075,27055,26005,-27898,-25964,27902,25982,-26826,26793,-26793,27380,-427,-17,2,-2,-24,-21,14,-16,4,12,-14,-5,12,-11,21,-21,10,8,-10,-7,28,-7,19,-18,13,-11,32,-8,21,13,16,21,-47,-73,-65,-60,-66,60,84,-84,-41,-517,-29447,-28877,-29029,-28954,-27822,29860,27793,-29882,-27802,28704,-28690,28703,-29261,504,2,-32,34,6,16,18,-20,-34,-17,0,-4,7,-1,18,-37,3,-40,7,-12,-19,6,0,32,4,-12,4,11,23,15,-32,-37,28,-20,4,-1,18,-6,11,1,19,11,15,5,6,-6,-6,-24,5,7,-7,21,-10,-8,-12,-10,-1,-4,-37,-18,-15,8,2,2,-1,20,-34,-2,-6,1,28,-9,-11,-21,-3,-4,-18,10,34,15,-2,2,-6,22,23,-10,-15,-8,-9,12,-7,13,11,-7,-4,-19,4,-1,-9,-16,-2,6,3,26,-26,8,-4,-9,3,6,7,1,10,10,20,-3,19,20,11,10,8,-9,1,-13,6,12,-11,-19,-1,-1,-2,-1,-2,-2,0,-1,-1,-1,0,-1,-2,-1,-2,-2,-2,-1
0,-10,-1,7,-4,0,-1,14,8,-18,-2,12,-2,4,-1,20,3,-13,-15,3,-24,-23,8,-18,-18,8,28,5,-8,-4,-4,2,1,3,-13,548,27464,27061,27062,27047,25964,-27921,-25996,27901,26001,-26828,26835,-26803,27352,-478,11,-26,-11,-8,-10,16,-1,-8,5,14,10,-35,-4,-28,-22,7,15,-14,-21,-19,26,-3,-3,24,-38,-29,-14,3,19,15,11,-76,-115,-84,-63,-24,78,67,-69,-37,542,24965,24674,24574,24590,23615,-25378,-23615,25372,23597,-24360,24391,-24392,24870,-392,-23,-3,25,-3,-6,3,-33,-4,21,-32,41,-46,17,-26,23,-14,0,-18,-8,-27,6,-19,-8,-9,20,21,-22,-42,3,5,31,0,-9,-5,3,-33,-2,-11,18,-23,2,12,-25,11,35,-14,2,3,7,4,-8,13,17,2,-11,-7,6,5,0,-21,-23,-11,-21,-3,11,20,2,-6,6,-29,-9,-12,25,-27,-17,-10,5,0,-17,-12,-12,-27,1,11,-4,-15,3,2,1,-39,3,18,8,-9,5,19,-5,4,-4,-11,3,9,-6,11,8,-1,-9,4,23,-4,2,0,2,0,-25,21,21,6,2,11,-12,-29,12,6,9,11,4,-1,-1,-2,-1,-2,-2,0,-1,-1,-1,0,-1,-2,-1,-2,-2,-2,-1
-256,-9,-17,5,-16,-30,13,-8,-7,-12,-26,4,-5,-5,-2,-1,-19,-17,12,12,-4,-21,-5,-5,12,-35,-10,-14,28,-37,21,-13,7,0,1,531,27480,27053,27055,27046,25928,-27872,-25982,27903,25970,-26847,26836,-26832,27365,-417,16,7,-13,-1,-20,-2,4,-9,-4,-12,-6,-18,-36,11,3,-24,-3,6,12,-2,2,15,-18,-17,24,25,-9,26,-22,-28,-2,99,107,117,58,101,-87,-95,127,66,-152,-1123,-1264,-1108,-1206,-1147,1229,1106,-1221,-1142,1201,-1179,1154,-1223,-1,-28,-3,-13,-14,35,-17,18,-34,-50,20,-16,2,-9,-8,-14,23,50,33,7,60,-6,-6,-2,-3,24,3,5,-20,-24,35,-12,-18,-10,-22,-11,24,12,7,-9,33,2,9,-12,-6,-1,-7,-30,8,30,6,10,19,-11,-3,-42,16,11,-31,21,-14,-11,-5,19,13,4,3,-26,2,-3,-12,15,-2,-9,-1,13,13,19,-11,-22,16,11,33,4,11,0,-23,12,13,15,0,3,-2,-20,18,-9,-6,-18,-17,-10,-2,5,9,-21,1,17,-11,-10,-11,-1,6,-5,12,-5,-12,20,-7,6,13,1,21,8,-1,18,-12,12,11,18,-1,-1,-2,-1,-2,-2,0,-1,-1,-1,0,-1,-2,-1,-2,-2,-2,-1
-256,-1,-18,5,-13,3,5,-26,2,-12,8,-11,3,2,-19,4,-31,-1,10,-25,16,-14,-1,-9,19,-15,-9,-11,-39,-6,2,5,-14,0,-15,566,27509,27064,27061,27052,25997,-27917,-25968,27876,25982,-26833,26820,-26827,27382,-426,10,4,-11,-7,21,-18,-23,-15,6,-1,7,-3,18,-6,13,17,-18,-4,-5,31,0,-31,-11,0,39,-1,4,-22,3,-19,14,-101,-111,-81,-97,-59,88,91,-60,-78,-429,-25712,-25122,-25319,-25179,-22158,23834,22204,-23835,-22229,22946,-22940,22916,-23405,334,-27,-12,8,-3,-3,-16,-10,-9,18,44,63,-4,26,0,-9,-10,20,31,24,-30,24,3,-47,5,13,14,21,-32,-30,-22,16,-9,9,-23,16,19,4,-2,42,18,6,-20,11,-7,5,13,-2,-4,-6,21,26,-1,17,17,1,-33,-16,18,14,-24,2,6,-6,1,-16,35,-22,5,-15,38,-9,-5,6,1,-10,16,1,7,10,29,-13,1,7,1,-11,4,-11,-7,2,-24,6,17,9,9,19,-8,-1,-10,10,-24,10,23,8,-16,11,-18,-13,23,-1,-9,-1,-10,16,11,-3,2,-8,0,6,-4,-7,-5,12,3,-24,-4,-5,-1,-1,-2,-1,-2,-2,0,-1,-1,-1,0,-1,-2,-1,-2,-2,-2,-1
-256,-18,15,-36,-2,15,10,-7,7,-11,-10,-6,-2,-4,2,5,-11,-15,-8,-17,13,0,-5,-5,17,9,-23,2,-6,10,-3,-9,-4,-11,4,535,27494,27071,27027,27064,25952,-27926,-25961,27905,25975,-26818,26855,-26799,27362,-441,-14,12,-36,30,1,-15,0,26,25,21,-9,30,7,-21,4,-2,18,-4,-11,-5,-3,14,-9,13,6,3,21,-25,15,7,18,15,5,16,9,27,-13,-17,43,5,529,29083,28604,28675,28589,27465,-29515,-27463,30456,28361,-29313,29271,-29295,29908,-464,-41,32,-26,-3,-2,-40,49,-21,-20,-16,15,-41,-25,13,8,-10,-10,8,13,60,-50,27,20,5,13,-14,-15,-3,1,-7,12,-22,-2,6,-8,-21,26,-4,8,13,-20,4,-9,10,7,12,10,15,-20,-12,1,17,11,-26,20,-13,23,5,-17,-3,-24,16,3,6,-3,20,-19,-14,16,3,23,6,19,12,-1,5,-37,-12,-10,12,4,11,9,7,36,27,-25,-22,-36,16,-15,-5,7,18,-16,20,27,2,7,31,0,7,-8,-9,-3,28,4,-8,18,-18,9,3,8,10,-2,10,10,8,21,-5,3,6,15,-4,25,-10,-9,-1,-1,-2,-1,-2,-2,0,-1,-1,-1,0,-1,-2,-1,-2,-2,-2,-1
-256,-16,-4,-7,-10,-35,-1,0,16,-31,8,-16,-2,-15,-1,-14,-13,18,19,-24,-10,10,-8,6,0,-2,-13,-24,-4,-9,-28,-10,-34,-26,18,565,27494,27056,27070,27062,25980,-27909,-25996,27919,25948,-26845,26829,-26831,27356,-451,-4,-2,-2,-11,2,-6,34,4,-22,11,-4,-23,9,19,-3,-3,11,22,12,-9,-3,28,-5,3,-6,-9,28,28,14,-7,1,86,27,71,80,90,-25,-46,48,34,-282,-9972,-9918,-9798,-9860,-9481,10168,9479,-10184,-9434,9802,-9417,27680,-28521,416,28,-17,16,10,-15,1,-1,-5,-12,-2,-9,34,-12,16,-13,2,-35,-2,6,-18,-7,37,21,25,-10,-3,2,60,-1,-26,2,10,-19,6,22,7,27,14,-4,20,6,3,-14,-6,-10,14,-10,5,0,-3,25,-1,3,1,14,-4,33,10,-4,-26,4,10,-13,-8,12,33,9,-5,-3,-1,2,-11,-8,-4,8,2,-18,-24,18,-2,-5,1,4,-29,8,4,18,1,15,11,-10,-24,-8,-14,8,22,-13,14,24,-6,7,7,0,11,9,1,8,-20,1,-9,-28,-25,-6,2,-7,9,-23,-3,-4,-8,5,-10,10,-4,-9,27,35,-1,-1,-2,-1,-2,-2,0,-1,-1,-1,0,-1,-2,-1,-2,-2,-2,-1
-256,-25,4,-2,18,-10,-8,1,-7,-23,-4,-6,-13,8,-1,8,-10,-17,2,-12,-2,-13,13,-19,-8,29,-7,22,-6,-18,0,5,9,19,12,560,27470,27049,27063,27064,25976,-27920,-25960,27920,25992,-26827,26824,-26848,27366,-420,-6,6,-10,-19,6,-4,-27,-8,2,15,-5,-38,-19,4,69,-3,5,14,-20,0,7,-5,-17,-26,-7,4,4,28,12,9,-11,-50,-34,-56,-39,-56,54,77,-49,-55,16,-1519,-1343,-1493,-1411,-1349,1457,1357,-1450,-1350,1408,-1404,1393,-1439,39,-15,-10,-14,-19,-1,14,28,8,9,-1,12,-33,3,6,-49,31,14,-12,-4,11,10,10,-15,-12,16,-7,10,8,7,-6,19,-1,50,2,13,-23,18,-22,10,12,5,21,-19,17,6,3,-9,0,18,-5,2,18,2,2,-7,13,6,-26,15,4,-6,-10,9,-5,0,14,18,6,-10,-12,9,8,-17,5,-13,-34,2,-8,-11,-8,-10,-8,-7,23,17,-19,-22,-9,12,18,13,8,-9,-5,-14,-8,-2,2,-16,-19,-10,21,0,3,-2,-6,-9,13,14,0,11,25,0,-28,20,-7,-26,8,23,-20,3,-33,3,3,32,10,8,-1,-1,-2,-1,-2,-2,0,-1,-1,-1,0,-1,-2,-1,-2,-2,-2,-1
0,-22,-10,-14,-4,-16,-18,26,-6,-16,11,-21,-10,29,-12,-9,-27,6,-1,-18,-11,2,-5,-8,-9,1,-3,-2,-9,-7,0,-4,-27,-16,23,561,27494,27075,27035,27054,25983,-27927,-25958,27909,25986,-26825,26803,-26832,27390,-429,4,8,12,9,-5,-18,-5,25,33,-3,0,17,-5,0,9,5,-18,28,17,-23,-7,4,-3,10,7,-20,14,-2,20,6,45,58,31,23,41,35,-62,-23,91,59,514,30634,30031,30187,30109,28928,-31084,-28927,31087,28916,-29856,29856,-29858,30481,-459,-3,17,-30,-2,-7,-22,-25,-6,10,15,36,-2,10,-17,10,25,41,15,10,-9,6,-16,-2,-9,17,7,-2,-7,24,13,-28,1,-13,2,16,-1,6,-4,-2,-29,19,13,-4,-33,-2,1,15,-14,18,-7,21,25,28,-15,-14,17,-4,4,2,15,-11,2,-5,15,9,-11,-4,18,-2,5,26,-8,17,22,-18,17,8,-13,-35,-5,13,10,-18,-4,-20,19,13,-21,-10,15,-5,-16,5,-6,6,-15,-12,-13,-9,-10,-6,37,-33,-16,3,2,18,-5,3,-18,1,-27,-10,-12,-12,-9,6,7,-11,12,-7,9,-13,-3,11,23,2,-1,-1,-2,-1,-2,-2,0,-1,-1,-1,0,-1,-2,-1,-2,-2,-2,-1
0,18,4,-6,-14,8,24,-18,15,11,9,-2,21,19,28,8,5,-13,9,7,-14,-4,-28,-25,-13,16,6,-10,-17,5,2,-6,13,-19,-6,539,27463,27047,27031,27047,25940,-27936,-25971,27890,25964,-26847,26831,-26819,27368,-408,-16,-3,-24,-1,-8,6,1,1,10,13,4,-8,-5,15,-6,-7,-14,5,4,12,-16,-19,12,15,30,0,-11,-10,3,-24,12,33,63,42,26,50,-70,-21,37,60,-401,-17978,-17825,-20399,-20382,-19577,21060,19610,-21023,-19595,20194,-20220,20187,-20623,297,-4,25,-10,3,-2,-25,-3,1,-3,-26,16,2,-13,9,-10,-7,32,-2,-29,-1,0,0,7,-28,9,16,-27,27,6,-4,0,16,18,14,9,3,-10,3,-5,-8,-20,-13,27,-12,14,-11,0,-2,4,-17,-3,2,25,20,-21,9,7,-10,-23,-10,16,-16,-19,58,-9,-7,-19,0,-5,-15,-11,-18,6,-14,-5,3,15,-4,3,-7,-1,9,-11,-5,-16,0,4,-3,5,12,18,6,-2,22,17,-4,-7,4,2,1,14,5,-25,-30,16,3,-13,4,0,-12,-1,-13,6,30,9,-9,2,25,-7,12,-1,-26,-8,-2,-27,-4,3,-1,-1,-2,-1,-2,-2,0,-1,-1,-1,0,-1,-2,-1,-2,-2,-2,-1
-256,6,23,-9,18,4,1,10,5,3,-2,4,-4,0,-8,15,1,9,-1,3,-10,3,-18,-2,-5,20,13,8,9,12,1,2,-3,19,-1,545,27467,27058,27060,27091,25961,-27896,-25980,27904,25952,-26833,26822,-26819,27347,-436,-13,7,9,-2,-2,1,-3,-2,-19,-21,-19,-12,-14,-13,7,-5,-30,24,-5,27,-24,-26,15,-28,-5,-21,1,1,2,8,15,-95,-109,-102,-67,-88,101,99,-90,-106,-23,-8733,-8441,-8599,-8534,-8254,5365,4938,-5249,-4916,5099,-5089,5085,-5180,71,23,8,-17,-3,-11,23,13,15,12,32,-20,-44,24,-30,17,11,0,4,1,6,-32,-8,8,-26,-22,-21,5,6,19,9,7,4,-28,24,-29,-1,-9,-51,-4,15,-30,-1,23,8,-6,-13,11,1,9,14,-11,1,-19,11,8,-15,28,28,-7,13,-16,-11,29,-12,5,1,0,-19,25,4,0,16,2,-19,-5,1,-19,8,6,-23,-14,-18,20,-4,18,-19,27,-10,-5,2,-2,5,13,-18,-16,-39,-2,-31,-16,-38,4,-8,1,33,-2,22,-24,-9,-5,-12,-1,0,-9,-4,10,6,25,4,-4,20,18,-5,-23,-6,10,14,1,-1,-1,-2,-1,-2,-2,0,-1,-1,-1,0,-1,-2,-1,-2,-2,-2,-1
-256,-8,22,18,-15,5,6,-20,-10,-5,18,-27,-4,9,-4,1,3,-5,19,18,-39,-1,-24,11,12,-6,-25,14,15,-6,18,-19,3,13,16,534,27463,27053,27041,27082,25966,-27919,-25966,27908,25989,-26811,26822,-26831,27360,-386,20,12,3,11,-18,3,22,-3,-13,-24,17,-2,-9,-10,-3,23,12,-35,-4,6,4,-5,24,8,13,-3,11,-7,29,-3,5,59,100,76,73,79,-94,-66,74,46,485,28650,28068,28229,28110,27031,-29031,-26995,29004,27059,-26435,26460,-26474,26982,-425,8,-37,15,8,10,11,19,-24,32,-13,14,13,18,-10,17,33,-3,5,21,-17,-2,-18,-49,-10,33,12,-2,17,47,-19,-4,10,0,-8,-7,-11,12,24,16,10,-11,23,-19,-5,25,-9,-16,-4,-4,-15,2,-1,-27,7,8,-10,1,12,1,14,-8,-18,-20,22,-25,30,-19,-8,4,-3,-6,12,-30,30,8,15,-6,7,3,0,-13,6,12,-21,3,-6,-10,-26,-5,-28,6,15,-6,16,-5,-12,3,3,-2,-3,2,28,-16,-20,-21,-33,1,-9,-6,-6,15,25,-3,4,-2,-7,-4,7,17,-2,-13,-9,11,4,-10,-6,16,-1,-1,-2,-1,-2,-2,0,-1,-1,-1,0,-1,-2,-1,-2,-2,-2,-1
-256,-36,6,19,2,-11,4,-24,3,12,8,12,1,-17,9,-7,-13,-27,-8,-6,30,-39,-1,-21,11,-4,5,-4,13,2,-20,7,-3,17,2,533,27456,27038,27054,27069,25946,-27884,-25949,27881,25957,-26850,26816,-26827,27359,-432,-28,4,7,6,19,-12,20,7,-15,-17,-19,11,6,-6,-15,22,9,-16,-9,-1,-15,-2,-27,6,23,62,12,-4,-11,-36,8,89,68,10,-24,-53,34,34,-29,20,-525,-26372,-26000,-25975,-25992,-24940,26775,24927,-26791,-24943,25738,-25732,25716,-26244,386,-15,18,18,0,27,8,4,-28,11,-30,37,29,7,0,16,33,20,-3,9,-12,6,10,-1,-4,0,-16,18,22,-27,40,25,1,12,-36,1,10,26,3,-11,-20,40,5,13,-11,-16,-4,32,-16,30,-4,-8,-15,40,14,0,-38,-23,34,-4,-14,-18,4,-35,-7,-25,7,0,-25,5,6,-11,-13,3,-9,-1,12,6,-14,-2,0,-23,-5,-20,5,-1,5,2,-11,-4,19,13,7,1,-5,2,11,15,19,19,-23,-13,29,1,19,2,0,5,-4,10,32,-9,5,1,-9,27,-2,14,-21,-2,-7,-17,0,-35,13,5,-2,22,-1,-1,-2,-1,-2,-2,0,-1,-1,-1,0,-1,-2,-1,-2,-2,-2,-1
-256,3,3,7,4,4,4,-29,18,-17,5,11,-4,-9,1,-10,-22,-3,7,2,-8,-8,42,0,1,13,-1,0,-15,-16,-22,23,10,6,16,559,27470,27052,27046,27051,25961,-27917,-25952,27900,25976,-26828,26829,-26798,27352,-419,9,-5,6,0,19,10,-19,6,13,-7,33,-17,-3,9,15,-6,-11,2,-9,15,24,8,-1,-4,26,-38,28,25,-8,-14,6,-97,-102,-63,-68,-60,85,85,-77,-82,138,3685,3754,3584,3700,3548,-3819,-3547,3748,3507,-3635,3666,-3654,3745,-78,-3,-16,-3,26,-25,-26,-11,-24,-16,-12,19,-54,-4,-25,7,-6,-3,32,-4,-15,5,0,10,-12,-27,6,0,-19,-17,-7,32,0,-26,31,-15,8,14,-15,-16,7,-25,11,22,21,-6,19,-27,10,-4,-10,-6,-21,17,-7,-29,11,27,9,9,0,-23,-8,-1,-2,6,-8,10,-19,18,-32,42,-18,-12,-21,1,-2,-4,1,-37,1,16,7,17,-22,0,-1,11,-25,-7,35,13,-7,-13,-18,-17,9,15,-6,-1,-21,-2,-8,33,-7,-24,-5,-1,-6,-3,7,-23,-1,44,-7,9,-12,6,13,28,6,37,5,8,-28,15,-2,13,-1,-1,-2,-1,-2,-2,0,-1,-1,-1,0,-1,-2,-1,-2,-2,-2,-1
-256,-28,0,18,29,-5,-1,6,-15,18,-22,-4,22,-13,11,-1,23,-1,16,3,6,-24,-9,9,-21,-1,-10,-7,4,21,6,-12,21,13,9,532,27474,27044,27039,27044,25961,-27904,-25969,27892,25951,-26832,26818,-26837,27367,-427,30,-14,-3,2,-13,11,15,-14,19,-21,22,-16,0,-13,13,0,10,10,14,6,2,-45,-20,1,-16,-10,-18,-3,5,-6,-4,105,107,117,80,111,-92,-70,109,101,332,21828,21394,21529,21475,20610,-22111,-20566,22136,20607,-21242,21285,-21278,21708,-339,49,25,37,24,-29,-20,1,-28,8,14,0,-12,-19,-27,-4,15,23,-13,-32,34,-3,-17,-23,-6,14,47,-19,1,-31,2,-11,-12,1,2,-2,10,-6,-9,-24,-20,8,15,-10,-20,-3,14,5,-10,-7,27,5,11,-10,-9,-5,-11,-22,-9,11,6,-8,8,10,4,0,37,17,15,18,3,29,1,10,13,-5,4,-3,5,-22,-3,-2,-13,3,6,-13,-27,11,38,25,-25,14,18,-10,19,-3,-21,9,3,8,17,-31,17,11,15,-13,20,2,-11,-31,-4,-1,-5,7,10,-18,35,-23,5,15,-9,-20,-8,6,9,-19,-2,9,-1,-1,-2,-1,-2,-2,0,-1,-1,-1,0,-1,-2,-1,-2,-2,-2,-1
0,2,-5,23,-9,-14,9,19,5,5,-5,2,15,-21,-5,-10,-12,-15,24,21,23,-28,-15,-20,0,-9,-32,21,-2,-4,-27,9,1,25,4,551,27469,27067,27046,27050,25967,-27903,-25988,27923,25984,-26852,26799,-26818,27385,-436,5,-30,-10,-8,-5,14,35,17,-6,-14,25,8,11,8,-9,-8,-24,-12,15,0,5,-21,9,-10,16,3,6,-14,-18,18,-12,-19,-46,-46,-12,-15,22,54,-50,-16,-566,-29803,-29314,-29400,-29997,-28774,30920,28705,-30928,-28803,29690,-29724,29697,-30326,463,31,-3,20,30,12,36,28,20,0,49,-36,24,36,0,-14,-9,5,38,5,-18,9,-25,-3,18,33,7,-1,-2,-1,38,-17,10,32,6,-3,27,-1,-28,-1,-22,17,4,-14,-9,22,7,-5,0,-4,-1,2,11,-1,-10,-5,4,12,-5,-11,-8,13,-24,-2,-4,3,-13,-25,-15,-5,-6,18,4,-33,-23,-23,6,1,-4,-25,7,8,-24,0,11,3,15,8,7,8,9,-7,4,1,12,4,25,-18,1,-15,-6,-22,37,-27,-20,-8,16,30,10,23,13,9,7,8,10,-7,-22,-16,6,11,1,-6,11,-4,19,21,-22,-12,-1,-1,-2,-1,-2,-2,0,-1,-1,-1,0,-1,-2,-1,-2,-2,-2,-1
0,-5,-28,6,8,5,-38,7,-26,29,-14,3,9,23,0,-4,-20,-9,2,-16,9,3,5,23,-13,-1,31,-19,15,-16,20,9,14,4,17,523,27469,27082,27076,27069,25977,-27901,-26003,27920,25971,-26838,26820,-26813,27376,-412,-14,14,16,-53,-33,-1,5,16,15,17,-14,19,6,-16,3,-9,8,-21,7,35,-9,-26,-5,21,34,10,5,4,-25,-8,-17,0,-8,4,-20,-15,17,0,-31,6,588,27716,27350,27296,27344,26219,-28151,-26492,15989,14677,-15157,15137,-15147,15479,-236,15,-45,-7,-4,13,-26,2,25,25,2,-20,-25,-4,-12,9,-11,0,-4,-25,14,-1,0,25,1,8,6,40,8,17,-31,4,30,-22,13,-8,24,5,17,21,4,-15,5,-4,4,7,6,7,5,13,-2,8,-8,-35,-7,-13,20,-3,10,-2,-17,-14,-10,24,-7,10,-24,7,8,-28,-8,20,-7,6,-14,2,-10,1,-20,-15,17,12,4,-10,-5,4,-2,22,-7,-6,6,-6,6,-9,-43,4,7,24,-5,18,16,16,-21,25,-14,-9,5,24,-18,-2,13,-18,-17,-19,-2,13,-3,-3,9,-21,-9,0,15,17,-13,10,10,-7,-1,-1,-2,-1,-2,-2,0,-1,-1,-1,0,-1,-2,-1,-2,-2,-2,-1
0,19,-1,24,-18,15,-7,6,3,3,-3,6,-25,-25,20,6,11,7,-13,-7,3,-10,-9,17,11,9,6,-5,-7,9,11,-10,3,7,-10,571,27487,27062,27055,27073,26005,-27923,-25961,27908,25955,-26804,26829,-26806,27383,-431,27,-2,8,-10,9,31,9,-3,2,-2,7,16,-4,9,13,-3,-3,3,-4,-26,-3,9,-9,4,6,-35,18,-38,-15,28,30,124,83,107,110,106,-113,-98,109,99,209,14680,14330,14515,14345,13774,-14832,-13822,14860,13830,-14263,14300,-11209,11344,-182,49,0,-15,-7,-13,21,8,5,-17,13,14,-5,-5,1,16,25,10,-10,-33,26,18,-7,5,6,-11,-2,11,42,3,18,1,9,-41,-4,-4,8,-30,-40,-19,-3,2,-4,-2,-23,-3,4,-4,21,30,26,11,16,12,-7,-27,-1,-7,-15,4,3,12,-14,-18,-3,-26,-11,17,-16,-2,15,-24,22,-5,7,-6,-11,-21,9,-23,-3,0,10,-2,8,0,-9,12,-20,-5,-20,6,-31,27,-13,1,1,5,-9,-15,10,-8,2,-7,-11,-6,-16,3,-3,-1,31,-21,24,-10,9,17,-7,-20,14,16,-10,1,24,1,45,3,17,0,-1,-1,-2,-1,-2,-2,0,-1,-1,-1,0,-1,-2,-1,-2,-2,-2,-1
0,-2,22,-20,4,21,27,3,-9,35,-12,-2,-11,-3,-2,-23,2,-1,-8,-8,-13,1,4,-10,-18,-21,0,9,45,7,-1,16,-18,10,20,549,27493,27056,27044,27038,25989,-27878,-25965,27895,25960,-26842,26842,-26821,27361,-426,14,-8,-2,13,2,-3,11,-12,13,3,12,41,16,10,-9,15,-8,-44,-3,-7,-3,-16,8,-8,12,-26,29,6,-2,33,15,-42,-90,-46,-77,-46,78,82,-61,-29,-520,-30351,-29772,-29901,-29836,-28623,30754,28631,-30761,-28651,29564,-29574,29604,-30147,504,-16,14,9,-26,19,-7,8,18,-4,-21,35,0,7,-13,-17,-6,-7,20,16,-12,-14,-26,-5,-27,20,-30,-8,16,0,-1,-25,12,18,-11,6,4,-4,3,18,-22,6,28,-9,-15,10,5,-12,0,14,-3,-18,15,-11,-21,20,-9,-27,-25,-8,-8,16,1,14,4,16,19,-2,-7,-17,-38,-33,-7,-15,-28,11,-11,7,10,0,-27,5,14,-11,10,-6,-7,-2,-9,4,-32,-15,9,-12,-4,-17,-14,-19,5,-5,25,-1,19,-29,-10,-14,2,-19,-26,-11,-14,-19,21,10,-16,-25,16,-9,4,14,1,-27,-4,-19,30,20,6,-4,-1,-1,-2,-1,-2,-2,0,-1,-1,-1,0,-1,-2,-1,-2,-2,-2,-1
-256,7,-6,-22,-9,11,0,1,-6,-13,13,19,-15,1,16,6,-3,23,-20,-6,-16,-9,13,7,-14,-18,0,-2,-23,-16,10,22,6,-14,-4,562,27451,27056,27045,27078,25994,-27916,-25993,27889,25979,-26821,26818,-26829,27372,-411,20,-4,1,-5,29,-7,-7,-4,17,18,-32,-33,8,-40,12,9,12,9,-19,11,-24,-3,21,-19,5,-16,-2,2,-12,-22,3,-19,-50,5,-37,-15,20,7,-58,-79,509,22466,22228,22108,22178,21288,-22856,-21282,22883,21312,-21964,22010,-21947,22412,-350,4,-16,28,-42,-21,-45,-30,-13,3,-1,-2,17,16,38,0,-38,-3,2,-20,13,-27,-27,-18,4,-34,-10,16,8,-19,21,8,-41,14,-5,27,18,-31,19,-2,11,-9,31,4,2,6,-4,17,-9,-16,-3,-9,11,-1,0,-20,10,25,3,-24,-15,12,-10,-24,-11,-10,-3,-20,-8,9,9,0,-14,-14,-10,-18,-2,-31,-14,-25,-8,11,21,10,23,17,6,22,6,-12,-8,10,-12,13,-19,5,1,-2,-14,-13,-19,-11,5,1,3,-1,10,-17,4,1,18,12,-9,-7,-5,-8,8,-10,12,-2,6,-5,1,2,7,-16,-29,-18,-1,-1,-2,-1,-2,-2,0,-1,-1,-1,0,-1,-2,-1,-2,-2,-2,-1
0,-10,-17,-18,4,5,-5,-27,1,23,-6,2,0,12,4,2,0,-17,-9,-3,-4,6,-35,-3,4,1,-6,-2,1,4,-11,-17,15,9,12,576,27476,27057,27052,27044,25985,-27913,-25972,27939,25982,-26835,26803,-26790,27351,-456,-11,11,-13,27,8,-7,-19,2,-2,2,-15,-12,5,37,3,26,-19,16,3,-13,3,1,-9,-23,-13,-8,8,-9,-25,29,33,87,123,65,90,126,-85,-90,129,62,33,6185,2505,2764,2646,2545,-2770,-2570,2724,2523,-2636,2622,-2611,2687,-45,5,-27,12,-5,10,-2,-8,-27,21,-11,-28,-9,-18,-30,1,1,-15,10,10,19,-9,-29,-6,-21,-22,-14,-30,-2,-16,-29,-16,-16,6,-4,14,-9,5,-14,8,-3,-11,-14,-1,28,-4,10,6,-16,-17,-5,-3,-7,-5,26,-2,-3,-3,1,-1,-6,3,1,-14,-20,8,-4,-15,-35,-18,14,13,-21,1,5,-8,16,16,-5,17,-12,-16,-9,6,11,-3,15,-4,-7,22,3,-22,-20,-30,-10,-10,4,-2,17,-8,-12,1,19,-18,-3,18,11,-15,-10,2,-5,15,5,-10,11,-17,27,-44,19,2,11,-14,-6,-11,-16,-1,15,17,-1,-1,-2,-1,-2,-2,0,-1,-1,-1,0,-1,-2,-1,-2,-2,-2,-1
-256,-42,17,0,8,1,10,8,23,5,-8,-23,-4,-8,1,-7,20,-26,16,13,17,22,18,15,0,19,-5,-5,2,5,-13,18,5,-17,-10,534,27481,27039,27050,27048,25993,-27907,-25968,27920,26013,-26817,26815,-26831,27361,-421,-29,17,-14,-16,-5,25,-3,7,23,-10,4,-4,-18,4,-10,1,28,19,-11,-19,-3,-7,12,3,13,0,-13,11,31,43,23,-83,-109,-82,-33,-63,88,104,-87,-64,-455,-27664,-27078,-27209,-27151,-26067,26229,24381,-26230,-24400,25224,-25218,25178,-25713,409,-7,-18,10,34,18,-6,-38,-1,-15,28,-12,15,-8,-15,8,-17,17,40,-13,8,-20,39,-12,-21,38,13,1,-31,14,11,40,-28,7,3,8,1,-4,-8,5,0,-9,-23,6,-3,5,3,4,-25,12,-18,22,-10,4,3,25,-3,3,13,28,0,-28,17,14,12,4,-19,1,-11,-49,-17,-4,3,-3,14,-15,-23,-14,-9,21,4,4,-20,19,14,-17,16,2,7,-7,2,-13,-32,15,-9,-19,-15,41,7,-15,11,-14,1,-2,-23,32,22,15,2,-23,-17,1,-35,24,-17,6,-14,-8,12,7,5,0,15,6,9,-2,7,2,-1,-1,-2,-1,-2,-2,0,-1,-1,-1,0,-1,-2,-1,-2,-2,-2,-1
0,9,2,-21,-25,20,-1,13,31,-3,3,-1,-27,8,-13,-10,17,-8,-1,-3,-42,0,-5,22,2,-21,-2,15,20,10,15,1,2,7,9,573,27467,27055,27067,27044,25963,-27896,-25947,27909,25971,-26845,26815,-26820,27386,-424,-1,-5,-2,-35,-1,28,-14,2,13,15,-6,-7,-13,-28,29,2,1,6,5,9,-19,-20,2,2,-7,-21,-13,-14,-14,-2,0,24,10,1,38,22,-2,16,19,17,522,27602,27146,27167,27171,26091,-28022,-26085,28034,27370,-28287,28240,-28261,28819,-481,-2,-12,4,13,-26,0,-4,14,-2,9,-38,-6,7,-5,-33,33,-31,-11,-7,20,-53,2,-1,-38,24,35,58,-15,-33,1,35,-11,2,23,-38,28,9,-3,27,15,-34,-9,-33,1,-8,-28,-33,3,-4,-5,14,-2,-2,-5,23,6,17,-4,-4,-24,-7,5,-16,10,-1,5,15,-20,12,-6,-10,17,1,-16,-6,18,-14,-19,-13,-24,-7,5,-19,-14,-12,6,-15,-6,-25,-23,14,-7,-4,-8,-18,-21,-31,-1,-16,-10,-15,-5,4,3,-9,-2,14,-25,-12,-6,13,-8,9,-11,-7,-2,-12,35,5,-5,23,6,4,-20,10,-35,10,-1,-1,-2,-1,-2,-2,0,-1,-1,-1,0,-1,-2,-1,-2,-2,-2,-1
-256,-23,4,-4,-8,-18,-13,-6,-11,17,-2,22,-22,24,-9,11,-5,-7,-12,7,-29,18,-14,1,-1,6,11,16,-8,1,3,-25,24,24,1,558,27493,27046,27046,27045,25981,-27883,-25985,27944,25951,-26779,26824,-26823,27367,-416,10,4,-16,-9,-12,-4,-10,-3,-19,9,-16,14,-3,-17,-5,-4,-29,17,11,-5,-15,-15,4,25,6,4,1,-15,4,-30,-19,105,40,72,69,76,-70,-55,61,89,-168,-6148,-6249,-6088,-6150,-5896,6382,5964,-6337,-5948,6101,-6098,6036,-9593,138,-40,-13,-4,-17,-32,-25,-4,-34,-6,37,-8,23,-18,16,16,-31,-26,16,-20,-1,-28,-6,-38,2,-1,-30,29,-2,4,34,4,-6,8,-7,-9,-4,-5,-2,-26,36,31,4,12,-9,16,6,-17,-1,1,26,12,23,-16,18,-6,7,-14,-13,2,-17,22,11,10,-1,-46,13,-4,11,6,-23,-12,-12,-20,18,16,-2,1,12,12,7,0,-8,15,5,-18,19,-18,11,-4,-13,-11,1,-2,4,26,10,7,9,-19,1,7,10,4,-1,10,-13,-12,16,-1,-19,-14,11,-2,14,-16,0,-12,-26,27,-31,-7,7,-30,-19,0,1,-22,-1,-1,-2,-1,-2,-2,0,-1,-1,-1,0,-1,-2,-1,-2,-2,-2,-1
0,-18,-14,1,-13,-15,-1,-13,1,2,-17,7,21,18,-12,-34,1,-24,1,5,-30,41,8,2,6,1,6,-10,0,-4,-9,-13,-2,-7,7,562,27464,27068,27051,27040,25989,-27917,-25966,27918,25980,-26843,26794,-26840,27384,-425,5,9,-3,-16,-16,-5,-32,-8,-11,16,18,-27,14,8,23,-8,-25,24,28,12,-1,-3,17,24,15,-24,19,2,-38,2,-16,-82,-84,-101,-104,-109,34,43,-67,-45,-357,-19978,-19570,-19678,-19619,-18828,20230,18837,-20242,-18829,19454,-19453,19432,-19857,252,1,-18,-22,-39,27,28,-2,-20,-9,3,5,-12,6,5,15,8,-4,4,5,-20,-3,10,17,11,35,-19,8,6,-31,27,0,14,42,26,17,9,-4,3,-26,29,11,-3,15,7,24,12,18,-7,26,11,7,-1,-33,-5,8,19,12,10,-3,-10,-1,1,15,-9,-6,16,-4,13,-17,3,10,2,8,-5,-20,14,-11,10,23,-16,-7,-21,16,8,-34,8,8,-3,2,10,4,-12,1,-20,4,17,-2,-5,8,0,-12,13,-13,-15,-20,2,15,-1,-38,34,-2,5,-17,-22,-29,-1,21,15,-4,10,2,-8,16,7,-4,14,10,-1,-1,-2,-1,-2,-2,0,-1,-1,-1,0,-1,-2,-1,-2,-2,-2,-1
