-256,7,-24,-13,19,-6,5,1,-2,-2,-14,4,9,-2,-9,-19,5,-25,10,-22,-15,19,-21,-12,9,-12,-18,-1,27,-12,-12,5,-25,25,-15,23,0,-9,-7,1,15,-3,-254,-25090,-25181,-25188,-25191,-24696,24959,24717,-24968,-24713,24485,-24479,24461,-24715,-93,-3,6,-12,-11,17,10,0,-21,-15,-17,16,-14,-4,15,-11,-16,-3,-12,2,36,6,-1597,-1613,-1576,-1615,-1602,1575,1578,-1597,-1603,1425,-17669,-14596,-17780,-16179,-15833,15968,15838,-15995,-15849,15652,-15676,15683,-15893,-43,13,0,12,-22,24,7,13,7,40,-26,-9,9,9,-9,-18,1,-27,15,1,-10,-37,16,-3,5,4,-18,19,-13,-37,-47,-35,-19,3,-34,7,-14,-13,33,-14,-22,-12,30,12,-9,-29,-22,-1,15,22,-5,-5,12,-3,-12,-26,-13,-7,-16,-20,-17,-7,17,-18,-1,16,6,2,21,-15,-18,-12,31,9,0,-3,20,-7,-14,8,13,26,3,-9,-24,16,-9,14,-1,0,53,-7,-20,-26,-22,12,-14,-17,17,8,0,-8,8,-32,-2,-7,21,-11,-12,-7,17,-11,-17,-2,-2,10,-25,-9,8,4,-10,2,-21,18,8,-23,23,-7,-11,-3,1,0,0,0,0,0,0,0,0,0,0,0,0,0,0,0,0,0,0
0,-9,-17,-17,3,-10,11,-1,-10,-26,12,13,-19,13,-5,-21,-15,7,14,2,-26,-5,2,-37,3,7,23,0,8,-4,-3,1,-5,11,6,6,-4,-12,12,-11,-32,5,-218,-25076,-25191,-25159,-25187,-24718,24949,24714,-24966,-24697,24463,-24487,24471,-24718,-115,4,8,-20,-31,26,8,-22,6,-67,3,-5,3,-25,-25,6,-13,-23,-2,-9,-16,-7,-1627,-1623,-1623,-1618,-1596,1595,1565,-1623,-1599,1420,-17635,-14612,-17695,-16172,-15831,16038,15834,-16048,-15830,15686,-15707,15707,-15836,-30,-4,14,-22,-3,-15,-13,8,-15,-9,11,-24,-12,-4,-5,-3,-2,16,12,29,-21,-13,-17,-4,-3,-1,-41,23,-21,13,2,-35,23,6,25,-14,11,-14,-18,-32,-24,-3,-12,-41,-8,2,14,4,-13,4,8,-12,5,-9,-3,3,13,-4,37,-21,11,19,-9,-3,20,-1,-2,-3,8,11,-5,-13,1,-34,-18,-10,-7,-10,-11,-19,-10,-7,2,13,-11,-10,6,-20,-13,-35,-30,16,9,9,-15,13,-24,1,-20,10,-8,9,-1,-17,12,31,13,-11,-19,-1,-16,-15,0,-3,-24,-10,-11,-19,-4,22,4,19,-13,1,-8,-11,-6,11,11,-7,-8,0,0,0,0,0,0,0,0,0,0,0,0,0,0,0,0,0,0
0,-29,14,-7,-2,-13,-17,-5,22,-5,-15,10,5,-20,3,16,11,14,-1,-9,-19,-3,-6,-7,-7,-13,-14,3,1,-10,-37,18,-8,8,2,2,11,-8,1,-19,-7,-2,-256,-25075,-25180,-25205,-25184,-24688,24959,24720,-24949,-24706,24481,-24491,24464,-24754,-126,3,9,46,7,-31,-3,-19,-23,24,-9,-14,-26,14,-28,-42,17,-9,28,-26,35,-30,-1632,-1597,-1606,-1596,-1593,1590,1603,-1621,-1583,1432,-17634,-14607,-17728,-16171,-15823,16010,15818,-16033,-15821,15657,-15708,15667,-15841,-70,14,-8,-25,-4,-4,-24,-4,-6,9,-34,28,7,-20,-20,-5,-27,15,23,4,0,-9,-29,-15,16,-13,-18,-21,-16,13,-31,-9,-21,6,-6,-24,-8,-2,-11,-9,-1,-13,-5,-2,1,-16,7,0,-13,5,1,-19,-22,-7,-28,-8,5,-35,-1,-2,4,1,26,-6,6,-21,6,-5,6,-19,-5,18,-1,12,-12,-2,-19,-14,-11,-5,-20,7,-1,4,-8,-8,-3,11,-8,5,25,3,-25,-2,-16,-23,-5,10,-1,22,5,-5,-8,-10,-29,3,11,-7,-5,24,-15,-19,-10,-10,-20,-23,11,-19,-29,6,17,21,25,-11,2,2,17,-21,16,-1,2,0,0,0,0,0,0,0,0,0,0,0,0,0,0,0,0,0,0
0,3,10,-17,-21,4,-15,-5,-8,-15,-12,-9,-18,-7,2,0,19,14,-19,-1,0,-4,-4,-19,22,9,10,8,-6,7,-28,-21,-11,4,10,-16,-36,-12,-7,11,3,18,-245,-25075,-25224,-25194,-25188,-24714,24949,24678,-24968,-24693,24473,-24451,24465,-24723,-97,-7,-4,11,-36,24,-14,15,-6,44,-23,-48,8,-46,1,-12,-16,-23,-7,23,21,-8,-1597,-1619,-1642,-1616,-1589,1602,1617,-1583,-1596,1417,-17665,-14605,-17778,-16168,-15896,16041,15851,-15972,-15828,15733,-15719,15670,-15854,-98,2,-25,-1,-29,-24,-12,15,-62,-11,-5,1,-22,-19,32,1,5,15,-17,-6,-42,-10,-7,-15,5,52,-20,16,23,-16,8,-18,-14,11,-7,32,-16,-24,13,8,-13,8,-2,-5,-18,-6,-25,-38,12,-29,25,24,5,1,18,29,6,-23,10,5,-18,9,-30,-7,-24,3,-9,8,24,-1,3,7,-17,-21,-18,-4,-9,-11,16,-1,2,-16,5,30,-6,28,-24,7,-12,-27,-3,-7,-12,-26,-3,12,-22,7,12,-7,15,4,-14,16,2,-26,12,-22,-6,-12,-23,-19,-11,-1,-4,7,-1,-10,20,-12,-25,13,-2,0,9,-13,-6,-9,10,-23,-17,0,0,0,0,0,0,0,0,0,0,0,0,0,0,0,0,0,0
-256,22,-5,-25,-10,9,-17,-17,13,-36,-3,0,7,1,-8,-10,-11,-10,-9,6,-22,-6,-5,-15,20,9,-16,-14,8,-1,-5,16,-5,-6,-29,-6,-5,-12,-17,-16,10,-12,-271,-25067,-25191,-25193,-25193,-24696,24956,24696,-24958,-24738,24458,-24477,24474,-24681,-86,2,-8,-5,-19,3,-7,-18,13,8,-15,-12,3,0,-15,-18,-20,-13,-13,11,-30,-18,-1598,-1595,-1641,-1574,-1553,1597,1608,-1577,-1568,1426,-17651,-14600,-17745,-16149,-15849,16001,15854,-15983,-15875,15671,-15689,15689,-15874,-51,-3,3,-24,-1,-13,3,3,-28,34,1,13,13,-18,-42,2,9,-25,7,-37,-20,19,38,3,0,18,9,-11,18,-39,4,4,6,-10,6,-7,-39,-14,8,-3,0,-3,-22,9,-3,-32,-22,9,15,-15,0,7,0,-13,-22,-9,-37,-7,-6,-11,-1,10,-13,-6,-21,8,-4,14,17,-23,7,13,1,-32,-22,-4,-26,-21,10,0,-1,3,-3,17,-17,-3,11,4,-2,13,8,23,-32,-8,-26,-10,2,7,-1,-2,-3,-17,-8,10,1,3,-1,-12,7,-36,-14,-13,19,-16,-5,7,-3,9,-11,2,27,-4,16,15,-1,-9,-6,-5,-24,-1,10,0,0,0,0,0,0,0,0,0,0,0,0,0,0,0,0,0,0
-256,-4,14,-15,-16,-2,3,-6,8,-11,-1,-2,-27,8,3,0,-4,-2,-20,15,-35,-5,-20,5,-17,6,-20,12,-18,11,-2,1,-1,7,-9,4,17,4,5,-5,-8,-10,-247,-25064,-25209,-25165,-25191,-24722,24932,24700,-24965,-24694,24468,-24433,24456,-24743,-129,-27,12,-32,-2,22,2,9,12,-11,1,15,-12,14,-28,-8,-16,31,-3,-12,-31,-16,-1572,-1592,-1629,-1607,-1558,1603,1588,-1592,-1581,1416,-17694,-14576,-17769,-16145,-15874,15995,15836,-16012,-15842,15676,-15699,15712,-15874,-77,-9,4,-12,-27,-5,-22,1,26,-4,7,-30,-5,-22,3,5,-10,10,21,25,-20,-3,-39,2,28,-25,29,-8,10,-1,15,-30,2,-26,-6,-6,-17,2,-29,-4,-3,4,29,8,2,-17,1,-23,-3,0,7,-12,-14,-28,6,-17,1,11,-11,0,3,4,-5,4,-15,-14,-1,12,-2,6,-1,7,-12,30,-34,-20,5,-17,8,-3,19,24,-33,-15,-18,7,-20,-14,-5,-5,-21,-13,-3,6,14,-4,5,-2,3,13,5,24,4,-28,-22,4,-22,0,9,21,-15,19,7,-40,-18,-28,27,23,-2,-17,8,-6,-20,-10,6,-15,13,-18,6,-15,11,0,0,0,0,0,0,0,0,0,0,0,0,0,0,0,0,0,0
-256,-3,-16,16,2,-19,-8,-29,24,-2,-11,18,-14,17,-4,32,17,-8,-13,3,-36,-6,14,6,16,7,16,4,7,13,4,1,-17,5,-17,2,-10,-14,-9,-13,-10,3,-243,-25069,-25172,-25195,-25199,-24692,24958,24702,-24935,-24695,24461,-24472,24443,-24704,-102,-14,-15,0,10,2,-8,-2,-12,-39,36,22,7,-20,-3,1,-9,12,-22,12,-15,-25,-1638,-1622,-1598,-1639,-1586,1613,1554,-1607,-1550,1389,-17669,-14567,-17798,-16155,-15844,16016,15848,-16019,-15866,15635,-15681,15655,-15843,-66,10,-21,-1,10,-49,-4,30,-2,-17,-5,-31,-10,13,18,17,-29,-26,-1,-3,1,-32,-50,11,-11,5,12,13,-3,34,-40,4,-10,-32,-19,3,26,4,22,19,25,14,10,11,22,26,25,-11,1,-22,12,1,-10,-44,-15,8,5,-9,17,2,11,2,0,-22,8,16,-13,24,6,-2,27,-2,17,18,1,0,-6,5,-12,-15,-10,8,-15,-37,15,5,9,1,-15,0,-30,-10,-3,-17,16,0,9,18,11,-5,-32,-20,11,-1,-16,10,-9,2,-1,15,10,12,9,-10,4,-2,-24,-4,-17,9,-11,-15,16,6,-18,8,-11,-5,-1,-19,5,0,0,0,0,0,0,0,0,0,0,0,0,0,0,0,0,0,0
-256,-1,1,13,-3,-27,3,6,13,-3,-20,-22,13,-8,-17,-32,-19,-20,-9,-4,-16,-13,-17,-4,-2,-5,-17,15,5,5,-9,18,-5,11,18,15,-8,-16,-11,-3,-2,9,-258,-25083,-25199,-25186,-25182,-24707,24934,24697,-24939,-24698,24487,-24478,24498,-24717,-109,-29,-8,3,1,-13,-2,12,-28,24,-1,6,-12,6,9,14,21,-14,-4,-44,-4,-21,-1592,-1629,-1635,-1646,-1579,1619,1618,-1638,-1620,1362,-17649,-14578,-17749,-16198,-15830,16004,15853,-15997,-15845,15686,-15684,15679,-15844,-132,3,20,-21,-39,8,29,13,-21,10,-18,0,11,-1,3,43,-4,-13,46,12,-31,10,-18,-34,-2,-7,1,-9,-27,26,-43,23,24,-25,-21,5,19,43,12,-28,-22,9,-3,1,-25,-19,14,-9,3,17,-2,-33,32,12,17,-2,-1,-26,-28,-20,-25,20,7,-4,-1,-3,-11,-7,-23,12,14,11,-1,-5,15,14,-27,-1,-18,1,-1,1,10,-10,-8,-3,-19,4,-2,-6,-20,2,-11,9,-17,-14,-4,3,-23,10,13,-3,17,-18,10,-9,21,-30,8,-22,-14,18,5,-18,-5,-13,-11,-15,-16,5,17,-2,6,-19,-9,15,9,-13,-8,4,-12,0,0,0,0,0,0,0,0,0,0,0,0,0,0,0,0,0,0
-256,21,-5,-9,-24,1,-2,-2,18,-12,0,17,-23,-27,10,4,9,-9,1,-16,-9,-16,16,-10,-2,16,-29,1,15,-11,0,-29,-6,-13,-6,15,-20,29,-8,-4,-11,-24,-256,-25086,-25188,-25189,-25209,-24727,24955,24674,-24956,-24679,24471,-24451,24473,-24697,-128,9,5,20,10,6,-1,7,23,-2,-11,5,15,-10,12,-42,2,-4,-6,-21,-32,-37,-1596,-1611,-1607,-1625,-1586,1620,1598,-1630,-1546,1392,-17658,-14585,-17762,-16209,-15855,15997,15842,-16027,-15870,15671,-15702,15700,-15866,-75,-4,13,19,-32,-16,21,-47,-10,4,-18,9,11,-6,9,13,-24,23,5,-17,32,-1,-12,-22,9,-15,-17,5,-32,-18,-18,29,-16,-7,12,-14,20,24,-28,-8,22,-19,23,-22,-1,-21,-3,-26,-8,-8,14,-15,22,-6,10,-18,-27,6,-14,39,-16,-1,-14,-8,-5,5,1,9,-19,0,-30,4,-9,10,11,-13,-11,-28,10,-14,10,-4,-40,22,9,18,-1,13,-14,-15,-11,-7,-18,0,-1,-21,-7,-1,-11,-3,-2,-11,5,-7,0,-8,0,17,2,-2,3,8,-4,-32,33,-5,8,26,-9,-6,14,16,-7,30,-27,-10,-11,-11,-9,6,1,0,0,0,0,0,0,0,0,0,0,0,0,0,0,0,0,0,0
-256,18,11,-18,7,15,-15,-2,1,-25,-19,5,20,1,-8,10,-4,-18,-8,-17,-16,-20,2,-32,-2,16,4,-18,3,13,-9,-2,-24,5,4,-8,-7,-31,-13,-8,-16,2,-268,-25083,-25200,-25200,-25181,-24719,25002,24693,-24941,-24692,24480,-24470,24483,-24736,-133,-19,1,1,7,9,-10,18,13,23,-4,-6,22,-4,-14,-6,-5,6,15,16,-18,-35,-1586,-1640,-1614,-1619,-1569,1578,1570,-1610,-1616,1421,-17660,-14601,-17748,-16191,-15811,15994,15800,-16019,-15844,15691,-15698,15705,-15855,-80,4,1,13,-9,-32,7,-32,15,-43,-2,12,20,-22,-14,-14,11,-11,-23,-20,1,-1,-9,-51,-3,-8,-3,28,31,-11,9,9,-13,-12,16,4,-59,-1,26,15,-9,-12,11,-21,-13,5,-34,-23,-6,-40,5,32,6,17,19,-4,-18,-12,12,4,-8,-20,-9,-21,14,-7,-12,-6,-1,-18,15,-1,26,0,14,-3,-9,-22,3,6,-14,24,6,6,-3,-19,30,-6,-31,6,-18,-14,1,-5,-24,9,-15,19,0,-17,13,-26,-5,0,-1,1,34,-11,1,5,4,10,-9,-3,-28,14,-6,5,-19,-4,-27,2,16,-4,-5,-14,14,-2,-22,-6,-6,0,0,0,0,0,0,0,0,0,0,0,0,0,0,0,0,0,0
0,-12,-13,22,-5,-6,-17,-38,4,-3,-17,-29,21,16,-7,-27,-13,4,4,-10,0,-5,-4,10,10,-10,-6,-2,-3,7,9,-7,-17,2,2,1,3,-3,-9,1,0,5,-264,-25084,-25215,-25204,-25200,-24698,24953,24674,-24985,-24690,24477,-24447,24476,-24719,-124,-8,12,3,-6,-1,9,2,6,-12,-16,-5,19,14,2,3,-11,-7,-26,-3,-23,0,-1612,-1592,-1602,-1631,-1587,1620,1576,-1568,-1554,1414,-17624,-14576,-17764,-16162,-15856,16050,15829,-16032,-15812,15681,-15703,15708,-15889,-89,5,-14,36,-55,2,27,-16,-37,19,8,2,4,-7,7,-16,-6,-17,11,31,80,43,-5,-12,-9,3,31,-7,8,2,33,21,-25,-27,-14,-37,27,-25,-29,-1,-9,-7,16,7,-15,-36,-13,-5,23,-1,-9,-16,2,9,-9,-16,-11,-16,-36,-10,-25,-9,-3,-9,-13,1,-12,-6,6,13,-13,-24,2,5,-17,-28,25,15,16,-1,9,-14,-13,-2,6,13,11,-4,-24,-1,6,-18,-31,-39,-19,-4,-16,-10,-3,-27,-6,11,-7,-5,3,-19,3,-9,-14,-15,30,-6,0,13,14,-5,-8,-11,-35,11,-6,30,2,23,-10,11,-4,5,-17,-13,-1,0,0,0,0,0,0,0,0,0,0,0,0,0,0,0,0,0,0
-256,-36,17,-5,-4,-1,-22,-10,9,-1,-6,-29,-9,10,-12,4,-14,7,2,24,10,27,24,4,-10,7,20,-11,-12,-11,4,-17,7,-18,-15,-9,-1,-2,2,-9,-8,-31,-239,-25068,-25208,-25194,-25201,-24724,24949,24714,-24939,-24705,24449,-24468,24483,-24727,-117,13,-17,-14,23,-10,-6,-19,11,6,0,11,11,10,-9,-4,2,-7,22,17,2,-2,-1611,-1620,-1637,-1592,-1594,1606,1555,-1596,-1584,1390,-17648,-14585,-17749,-16158,-15825,16015,15835,-16015,-15846,15719,-15707,15691,-15830,-135,37,16,-44,49,9,23,49,31,50,-2,10,-12,37,-30,-2,7,14,-8,-13,-7,-18,-37,-28,-21,23,-12,-47,-20,-21,1,-18,-30,28,-15,14,-14,30,-47,0,-9,-11,-14,-1,23,1,12,-4,4,-6,-13,13,5,-13,7,-2,-24,-6,-19,2,5,-10,-16,-26,-26,-24,-21,30,5,-4,-7,-18,-10,-1,8,-11,24,-11,3,0,6,-18,34,-9,-14,-10,18,8,-6,16,-3,-20,-11,-4,16,-6,3,-24,13,4,-6,-7,9,13,-6,-2,-1,-3,7,-7,-6,-12,2,-5,-14,-28,-18,12,-15,4,-7,-2,10,25,-12,-21,-4,-3,7,-16,1,0,0,0,0,0,0,0,0,0,0,0,0,0,0,0,0,0,0
-256,-9,-2,30,-6,-14,-28,-17,4,-12,-2,14,7,5,-7,-6,-8,-8,-26,-12,-17,6,3,7,6,-2,-1,-15,-22,-11,-16,26,-26,6,31,-1,9,-17,-22,-7,5,6,-252,-25085,-25192,-25195,-25192,-24685,24948,24700,-24952,-24722,24447,-24461,24462,-24716,-110,1,9,-2,-14,7,-15,-15,-5,-7,-12,5,6,-10,17,60,-6,-1,-11,7,-12,-33,-1640,-1633,-1616,-1630,-1588,1599,1590,-1632,-1592,1384,-17658,-14584,-17746,-16170,-15863,15999,15849,-16028,-15891,15693,-15689,15687,-15860,-69,15,7,-6,-9,-23,-29,-17,-27,-13,0,11,-3,-44,-31,-7,-15,25,-22,-30,-10,14,-40,-13,38,38,-9,17,-34,-26,0,-73,9,34,-30,16,25,55,2,9,26,-2,-5,-1,-3,-4,14,9,-17,-16,0,7,-2,-2,-3,18,-9,3,-21,-7,-7,12,8,7,17,-6,-5,-7,-8,-2,-4,-14,-31,-11,28,-21,-22,8,7,0,10,5,-13,1,-10,-12,-19,-4,8,1,0,-10,-10,23,7,16,0,-15,17,-3,-29,-11,-6,8,6,0,-9,9,-5,7,-24,-16,4,-5,0,2,14,31,-2,-23,-12,-3,-11,1,-18,28,12,9,41,-3,6,0,0,0,0,0,0,0,0,0,0,0,0,0,0,0,0,0,0
-256,0,10,-12,-13,-5,6,-8,-21,5,4,-16,8,-23,-11,5,-13,-14,7,10,-18,-4,11,3,23,14,5,9,-7,-5,-12,-4,4,-17,13,15,-13,-9,-2,-8,0,6,-277,-25120,-25222,-25196,-25195,-24705,24946,24679,-24965,-24697,24464,-24480,24471,-24713,-114,23,20,6,-11,16,11,29,19,5,-8,-10,-31,30,22,-25,5,-20,24,7,-44,-18,-1625,-1599,-1631,-1620,-1623,1595,1576,-1580,-1572,1384,-17680,-14591,-17790,-16118,-15882,15977,15876,-16018,-15794,15704,-15706,15668,-15846,-78,-18,-1,42,-40,-5,2,16,14,7,15,27,11,-9,-14,11,-22,-5,-35,3,-2,-17,10,3,14,27,-28,32,-7,12,-33,-37,-22,15,36,30,13,-28,-26,11,10,14,10,4,8,-18,-8,-5,-2,1,-15,5,-23,-17,-21,11,13,7,-9,-13,-22,-20,-7,12,-4,30,4,17,1,-5,1,-15,6,11,-10,-19,17,36,-13,-13,5,19,5,-38,-20,3,21,1,-11,2,12,-8,-45,4,9,22,26,3,-2,7,3,11,-15,-7,-5,14,7,6,3,-4,-21,18,4,15,12,-12,-16,21,14,-20,-30,-11,0,0,20,1,-4,2,-16,25,-4,0,0,0,0,0,0,0,0,0,0,0,0,0,0,0,0,0,0
0,-23,25,7,14,-4,-13,11,-7,-2,8,-14,9,-11,-10,2,-27,-14,-11,-11,-10,-13,9,-22,-17,13,11,-14,-4,-23,-15,4,-9,-34,0,-18,-9,6,-17,-12,28,-16,-253,-25082,-25195,-25190,-25160,-24691,24965,24701,-24984,-24709,24469,-24465,24467,-24703,-101,-2,3,-8,15,11,22,-19,-41,20,6,5,-29,-2,-17,-11,6,2,22,-4,28,-10,-1624,-1612,-1615,-1587,-1583,1586,1557,-1603,-1590,1378,-17667,-14592,-17728,-16195,-15873,15996,15814,-16011,-15831,15696,-15671,15710,-15862,-87,-36,-41,28,30,-34,-17,8,15,-10,-5,-10,-35,-29,-38,-7,28,2,-26,-10,-44,-6,30,-43,-31,-3,27,-27,12,17,23,0,16,1,-20,-19,-14,2,-2,-12,-17,0,-16,-24,-13,-18,11,-2,-12,9,1,2,-36,0,-4,-13,-4,-4,7,6,23,-19,9,-17,-18,-4,10,-13,28,10,-17,-29,7,-14,7,8,16,10,-7,-42,-6,-19,-8,35,17,-6,16,-16,-1,-13,-6,12,15,-5,-4,-7,13,-9,6,-27,-20,-7,27,4,-9,6,5,-1,2,-2,-11,8,-7,15,-20,11,8,-25,-10,3,-5,-4,2,-10,-1,-5,20,-9,8,6,-6,0,0,0,0,0,0,0,0,0,0,0,0,0,0,0,0,0,0
-256,9,-27,8,1,12,5,10,18,-15,-10,-10,5,-4,1,-6,-5,5,-24,-4,16,7,-16,-7,24,1,-19,-5,14,-6,-9,8,8,24,3,-6,-7,-9,-12,-6,-6,20,-259,-25082,-25181,-25172,-25184,-24730,24958,24695,-24982,-24706,24476,-24491,24468,-24738,-132,-6,-11,-30,-18,0,-5,-15,18,-10,7,10,-1,10,-9,6,18,-25,4,-4,-42,11,-1637,-1609,-1629,-1590,-1559,1582,1598,-1615,-1563,1407,-17642,-14525,-17719,-16147,-15827,16025,15864,-16006,-15885,15673,-15718,15698,-15858,-86,47,9,5,2,-5,16,4,18,20,-3,-2,7,-30,-40,-32,-15,32,40,-27,-10,-18,-35,-2,-17,32,33,13,-18,23,-28,6,-2,-20,-36,34,7,-8,8,7,-12,-1,1,-11,25,0,22,-36,-4,-9,11,11,-27,-4,5,-10,-21,-30,6,-1,-13,7,-2,10,-38,9,-19,9,-24,-2,-8,-19,2,4,0,7,-11,-25,-7,-7,4,9,-1,-8,20,-20,-7,-7,3,10,-2,-2,-5,26,10,-11,-8,-34,-20,-6,-12,-4,3,-2,-12,12,23,2,-11,2,-2,-11,4,8,16,-30,5,4,8,-20,13,-16,-3,-16,21,-18,-4,-2,6,-6,3,0,0,0,0,0,0,0,0,0,0,0,0,0,0,0,0,0,0
0,-11,-35,0,7,6,13,2,1,-20,-17,-20,19,-6,-4,-1,-11,-1,-28,-1,12,-3,7,11,33,14,9,-6,-16,-11,-2,-3,1,2,21,-2,16,0,-6,-22,-17,-18,-236,-25062,-25222,-25194,-25181,-24713,24988,24708,-24985,-24699,24475,-24518,24452,-24722,-131,-37,1,-30,2,-19,-12,5,25,14,28,52,-17,-41,15,12,20,-18,28,-8,-8,-20,-1633,-1611,-1614,-1630,-1559,1590,1616,-1585,-1635,1412,-17648,-14613,-17733,-16185,-15827,16018,15797,-16007,-15825,15682,-15694,15712,-15800,-63,-20,-35,-32,-21,-9,-4,-19,-4,-10,-48,-28,-34,12,40,-21,-43,19,13,-32,-30,41,-26,20,15,-14,-5,41,-2,-24,-13,64,-4,4,-31,-19,-22,11,26,-6,3,2,-8,-11,-12,4,-4,23,-9,-2,-23,-13,-15,-3,4,-4,6,-22,13,-5,-24,29,1,4,-22,13,-3,15,25,-9,-17,12,-2,1,-11,6,-17,13,2,-2,-5,-4,-9,-11,2,6,7,15,-11,-24,-3,-35,8,18,-10,-8,10,9,0,11,-12,-18,-21,4,0,-10,-2,2,-10,7,-22,-2,-26,-17,5,11,-1,-4,-5,17,-9,-5,-19,10,4,5,6,15,4,-11,-17,0,0,0,0,0,0,0,0,0,0,0,0,0,0,0,0,0,0
-256,11,-10,-22,12,16,-2,4,-22,3,3,-18,-19,10,-4,-28,26,12,-7,-14,34,-11,8,4,33,-20,-19,-10,-6,1,12,0,1,-1,-5,6,7,4,-11,-20,-16,-6,-256,-25087,-25174,-25182,-25171,-24703,24963,24691,-24967,-24719,24468,-24477,24476,-24730,-130,-14,6,22,-39,-10,-28,7,3,-6,-9,1,-15,6,-16,-6,10,17,19,-5,-15,-42,-1613,-1634,-1631,-1633,-1558,1626,1610,-1620,-1617,1408,-17671,-14570,-17732,-16198,-15814,16048,15810,-16063,-15844,15711,-15706,15705,-15826,-70,-32,-24,19,12,-24,-27,21,-39,23,-6,-15,14,2,34,10,-23,-32,-25,-46,-14,-16,-20,3,-15,17,-37,1,4,-16,-18,10,-1,-10,42,-24,-36,22,-6,-16,17,-6,-28,-1,-6,-11,4,2,-12,-27,-20,3,-16,-9,-13,-6,-38,-27,6,-5,10,-20,-27,2,-3,-12,-1,-8,23,2,5,24,-25,4,-14,-11,12,-10,30,10,10,-15,1,0,-9,3,21,5,18,-39,-9,24,-23,-4,11,-31,-6,-20,-20,-12,3,1,13,33,-8,-1,-21,-27,-7,-8,-15,7,-1,-14,14,-10,-9,2,-9,-6,-14,16,3,-14,-6,-2,7,0,-25,5,-17,0,0,0,0,0,0,0,0,0,0,0,0,0,0,0,0,0,0
0,-3,7,14,-14,4,-9,7,-15,-21,2,17,6,-23,3,-4,6,1,1,-3,3,-15,5,-15,1,-4,0,-30,-25,-11,26,-25,-17,3,17,-19,-28,-4,-23,-11,-1,0,-259,-25090,-25203,-25187,-25185,-24676,24959,24689,-24965,-24710,24478,-24454,24478,-24721,-131,18,-6,-3,-30,15,6,-5,34,-16,8,0,19,21,13,2,27,-10,-35,-27,26,-11,-1608,-1634,-1623,-1623,-1610,1573,1614,-1586,-1566,1386,-17615,-14600,-17782,-16163,-15864,16004,15867,-16026,-15839,15666,-15679,15666,-15837,-81,-39,-34,7,-18,-2,-30,-45,3,18,9,-17,10,3,15,-31,5,15,16,-19,-23,0,-3,-20,-25,-33,50,30,4,-49,-43,34,-59,-8,-41,4,-3,-11,-15,-34,-15,34,-8,3,-1,1,16,-16,-1,10,-26,-18,-1,0,-10,-1,-5,-8,14,3,6,-3,-13,-33,-23,-4,11,-3,3,-1,-18,4,-5,2,0,-10,10,2,5,-6,19,-1,-21,-30,28,-5,17,13,2,10,-10,-6,-2,7,-4,1,-31,4,-7,1,0,8,-2,-12,-4,3,-2,21,-7,10,-25,-13,-6,-18,-17,13,-16,-3,2,-12,-5,-7,-17,-12,-15,18,-16,11,-16,-11,-1,0,0,0,0,0,0,0,0,0,0,0,0,0,0,0,0,0,0
-256,-12,-3,-10,-4,-5,-9,8,3,-2,25,25,25,-3,-14,4,-3,-15,-1,-7,-4,22,-12,-13,-8,8,-4,-23,8,-35,-14,7,-6,-25,7,-10,4,-18,4,7,-42,3,-254,-25088,-25201,-25196,-25184,-24682,24944,24691,-24944,-24703,24471,-24473,24452,-24697,-136,-1,-33,-17,-18,-18,24,38,-21,8,-4,-27,-22,-25,-17,-29,18,10,-12,-41,-25,-24,-1618,-1633,-1608,-1630,-1597,1599,1567,-1566,-1581,1397,-17678,-14626,-17784,-16183,-15835,16015,15851,-16016,-15868,15660,-15719,15658,-15827,-72,5,-8,42,-13,16,0,-20,9,-29,53,-4,-21,5,-11,1,10,-7,-5,-27,15,-41,12,-23,-32,12,20,4,25,4,-2,5,-14,10,-2,-8,-21,-29,13,-7,20,-26,-16,0,-8,-15,-11,3,0,-4,14,-18,3,4,-10,-22,32,9,-3,7,3,6,9,18,-16,-20,-3,-15,-15,-9,1,-31,-21,3,-8,-3,9,-4,-7,26,-22,-1,19,11,1,-5,4,3,12,2,-12,-5,-6,2,-3,-29,-14,-2,12,29,9,-15,5,11,-7,-17,3,-16,-5,-26,23,-11,-6,7,-6,3,-13,1,9,-18,5,-11,7,28,17,4,-25,-18,-24,-11,-14,0,0,0,0,0,0,0,0,0,0,0,0,0,0,0,0,0,0
-256,8,13,-7,4,-19,-4,18,7,-17,8,-6,-14,18,9,18,20,24,21,-3,-2,24,1,18,16,-1,-8,14,-3,-14,-19,1,0,-1,5,-21,-11,-21,18,5,5,-12,-252,-25061,-25214,-25180,-25194,-24676,24960,24694,-24969,-24707,24460,-24462,24485,-24691,-122,8,-48,-6,13,20,-2,-25,-13,0,2,-17,1,-22,14,9,3,-32,-3,-12,-23,-29,-1624,-1604,-1603,-1612,-1571,1584,1607,-1596,-1639,1425,-17687,-14630,-17712,-16142,-15834,16017,15833,-16034,-15843,15678,-15698,15688,-15859,-117,-27,15,-2,3,28,33,4,4,-14,-8,9,-31,-22,22,14,7,-25,-2,12,-29,-12,7,18,-11,1,-9,-2,6,-24,-50,-38,-18,-4,-24,-28,9,2,-17,-44,-15,28,-9,17,-1,-13,-23,-10,-2,-10,21,-28,-4,0,-24,8,-27,0,-16,13,-2,-12,-17,-16,15,-8,7,-18,-30,-2,-13,8,27,-13,-3,1,-11,-18,-22,-3,-7,28,-4,4,-11,-4,4,2,-9,19,-17,-25,-16,-3,-19,11,-6,6,-1,2,11,20,15,-23,-1,-19,-11,5,-16,3,-8,-29,4,16,-6,-30,3,-12,-20,-13,-11,-1,5,15,15,-3,14,6,-5,-22,7,0,0,0,0,0,0,0,0,0,0,0,0,0,0,0,0,0,0
-256,11,1,6,-16,-9,-17,-11,-17,-8,-7,-20,-11,21,-21,-21,-9,-13,-2,4,5,-4,-3,-4,2,-18,-18,7,-5,-13,16,-6,-17,-1,-11,-11,10,19,26,-1,-4,-25,-232,-25082,-25202,-25203,-25212,-24691,24938,24671,-24978,-24727,24461,-24455,24509,-24716,-90,-8,-4,8,-16,1,-6,-9,-13,8,22,-1,30,-1,-1,6,-6,-12,-6,-49,-57,-17,-1593,-1617,-1626,-1639,-1581,1614,1587,-1558,-1529,1434,-17650,-14586,-17755,-16179,-15842,16044,15825,-16008,-15823,15719,-15708,15699,-15878,-90,-2,-25,-20,19,8,-10,-8,-20,-12,13,16,9,-16,-4,-2,23,48,-18,-35,-23,-29,-30,-29,-30,8,-3,18,-45,26,13,16,2,-21,-31,-31,-40,25,-22,-3,-22,-1,2,5,18,-24,10,-6,-10,5,-17,5,3,-6,12,11,41,-24,-18,-25,-3,-4,17,-18,-9,0,3,-12,13,-19,-21,4,-13,21,13,-11,-9,2,29,-8,3,3,21,-3,-4,-8,6,-26,5,2,-22,21,-17,-14,-1,7,0,2,-3,5,-29,-7,-3,-8,37,-3,-19,-2,21,17,6,-21,15,-22,6,-12,-8,-35,22,-13,2,2,41,10,7,-1,1,-11,-4,9,5,0,0,0,0,0,0,0,0,0,0,0,0,0,0,0,0,0,0
-256,10,-23,-5,11,-5,25,1,3,-7,2,-14,-22,0,-8,25,-7,-7,-4,14,17,-22,-15,-9,2,-33,4,9,8,-53,9,-26,-3,-6,-14,-10,-2,-27,24,-3,-4,-7,-227,-25083,-25184,-25175,-25188,-24689,24963,24690,-24971,-24717,24502,-24497,24476,-24700,-117,13,-4,20,-8,-16,25,-23,3,-5,-12,1,-19,-11,14,4,20,-15,-39,-3,37,-12,-1622,-1635,-1623,-1607,-1615,1585,1585,-1596,-1576,1406,-17653,-14576,-17736,-16170,-15836,16019,15817,-16027,-15861,15665,-15682,15710,-15855,-113,-1,16,-16,-9,-15,28,-29,-31,14,-19,17,-5,-29,-7,3,-8,-56,-24,-14,23,27,-5,-2,0,2,39,6,-16,-17,-44,29,-20,11,-2,25,12,9,-18,-21,-9,5,-4,-23,3,12,-25,-15,9,36,-11,-1,13,-10,-19,11,31,18,-7,7,-11,18,-11,-2,17,-21,1,-18,9,7,-10,-4,-9,18,11,29,13,0,17,19,43,-1,6,-15,-22,-13,-6,-8,13,1,-16,-8,-17,-11,-17,-22,4,-10,-27,12,-11,2,-17,-15,-5,3,-12,-10,-28,-6,0,-6,-20,3,1,-11,32,-33,1,-6,-2,9,-26,-15,20,-10,-15,16,-2,5,2,0,0,0,0,0,0,0,0,0,0,0,0,0,0,0,0,0,0
-256,14,-15,-11,4,1,3,-5,-10,16,-12,-8,10,5,-26,11,-12,-2,6,-16,-9,7,8,6,17,14,12,-37,-1,-39,13,-21,-3,-12,-5,-3,-15,3,9,9,-6,5,-242,-25098,-25189,-25205,-25196,-24690,24964,24687,-24960,-24703,24476,-24488,24439,-24722,-89,4,7,-17,1,-49,-34,-4,-6,11,-15,5,-30,-29,-10,-20,25,-18,8,-1,-40,-7,-1588,-1568,-1622,-1613,-1605,1629,1602,-1621,-1571,1390,-17641,-14616,-17733,-16149,-15861,16027,15837,-15973,-15824,15684,-15703,15694,-15871,-92,-8,-13,-22,13,65,-58,-1,8,14,14,19,-36,9,8,6,-2,10,-5,-8,-12,18,-41,-11,26,-33,-6,-4,10,-21,-8,19,-10,13,-12,-5,23,-1,14,-1,2,2,15,-22,25,-1,-1,-6,1,-15,-31,8,-5,16,-17,8,10,-20,-18,-3,6,5,-15,-15,16,-14,23,-19,-12,7,-9,-18,0,-9,18,11,-18,2,-15,-1,-1,-16,-16,-16,13,-12,-15,5,-7,-18,2,37,15,1,-6,-24,-24,-29,13,-12,-8,-16,-4,10,46,-29,-13,4,9,17,12,7,39,-21,7,-14,22,-1,-12,9,9,-9,18,-10,-19,5,-7,3,5,-11,15,0,0,0,0,0,0,0,0,0,0,0,0,0,0,0,0,0,0
0,-6,-12,25,-7,-36,15,-9,-1,-14,-9,6,-11,14,-2,-4,7,-37,12,-3,-13,-24,-25,4,-4,6,-3,-5,-10,-4,1,-5,-11,-12,-4,-31,-18,10,-8,-24,-5,-11,-239,-25099,-25211,-25175,-25206,-24695,24980,24687,-24967,-24720,24447,-24466,24459,-24724,-110,29,-15,-15,-34,-24,-3,-30,6,7,-11,-16,20,-9,5,28,6,-2,-8,8,18,-10,-1585,-1590,-1613,-1578,-1623,1572,1548,-1555,-1575,1410,-17652,-14601,-17735,-16200,-15866,15991,15854,-16038,-15850,15694,-15713,15696,-15880,-61,14,20,40,21,24,15,12,2,-34,-28,-25,-7,8,22,-29,-13,-47,-17,-12,-7,6,-33,-18,20,9,-35,20,32,25,-25,-26,59,-36,28,5,-1,-11,-19,-13,-4,37,9,-9,-11,2,19,22,-20,-10,14,-6,-3,10,10,20,-9,-13,-2,17,-4,-17,-7,18,29,0,23,-1,12,15,-3,17,21,15,8,-7,17,-41,-9,7,-20,-7,28,-12,-14,-11,-16,16,1,-12,-21,-9,-10,-26,-23,-40,-6,0,24,20,-3,19,-2,0,-30,-44,-7,-16,10,-27,-5,-9,-3,18,3,7,-24,12,6,5,0,-6,-6,-19,-16,13,6,-6,23,-5,-14,0,0,0,0,0,0,0,0,0,0,0,0,0,0,0,0,0,0
-256,9,-5,-14,16,-16,-14,-5,-24,13,-39,6,8,12,-8,-20,-4,-2,-16,2,-3,7,27,-1,28,-4,0,-19,4,-8,-45,-10,-5,-11,-25,15,-3,-1,6,20,16,20,-252,-25072,-25188,-25197,-25174,-24726,24953,24692,-24995,-24707,24479,-24486,24463,-24731,-126,-18,-11,27,20,-31,3,-10,-11,-2,-14,-1,-24,31,9,-4,15,-8,-29,-17,10,-41,-1592,-1654,-1614,-1588,-1597,1589,1566,-1624,-1596,1428,-17676,-14575,-17745,-16191,-15842,15995,15848,-16038,-15831,15725,-15680,15696,-15822,-85,-25,17,10,-29,0,0,45,-12,-37,21,43,-33,-19,-12,-36,-31,-45,12,-5,-15,-31,-4,-24,-16,-23,-21,-23,12,11,-22,-4,-16,-1,42,-14,-25,7,-38,43,-9,29,12,-19,24,28,4,-19,-5,15,-4,8,-5,-41,-10,-16,-11,-20,13,-18,28,-5,-5,-10,17,3,6,6,3,7,-22,-4,-1,16,-18,6,-2,17,-4,-14,-18,-4,-20,-11,-3,-7,-8,13,-27,-14,-8,-9,-2,-1,7,-1,11,21,-37,16,8,15,-24,5,3,1,11,2,-29,-13,-17,-11,1,-13,-6,18,-37,-24,-27,-35,-16,23,-22,-12,-4,-29,-28,18,10,3,8,0,0,0,0,0,0,0,0,0,0,0,0,0,0,0,0,0,0
0,21,-8,-1,-4,7,4,-4,2,6,0,-4,-20,12,-12,8,-2,-3,9,1,-25,1,13,-2,-14,-4,-33,7,-4,-14,-12,1,-18,24,4,22,-31,-16,-1,1,-4,-18,-273,-25096,-25170,-25187,-25210,-24706,24958,24693,-24971,-24693,24460,-24472,24456,-24716,-117,9,14,-5,-16,-3,-7,1,-14,23,0,11,7,4,3,-30,-13,-18,-20,-16,-10,-16,-1605,-1623,-1599,-1648,-1578,1607,1590,-1619,-1580,1424,-17639,-14603,-17754,-16174,-15811,16009,15845,-16010,-15841,15676,-15692,15739,-15835,-106,1,-18,7,10,-28,8,23,-19,29,16,-23,-26,-25,-23,-6,22,42,-32,-11,-12,-13,48,-10,7,-34,41,-15,5,2,-22,11,-32,34,21,4,-15,6,-25,-5,16,-8,-39,-2,-6,17,8,-8,2,-10,-27,-11,7,-7,-16,12,-19,-6,0,-16,18,1,-22,1,15,10,-4,0,9,12,-12,25,2,-3,-4,-12,-37,-25,-18,10,-21,11,-2,23,0,17,-9,9,3,-21,-14,11,-12,5,31,-17,-13,-13,16,4,-21,-17,26,11,3,-30,1,-38,-24,12,-15,-16,-4,9,3,-9,13,-2,-8,28,1,14,13,-12,-22,1,-1,0,-12,-12,7,0,0,0,0,0,0,0,0,0,0,0,0,0,0,0,0,0,0
0,4,-19,-25,-21,-14,-7,-10,-5,-18,-10,-2,-20,-16,-26,-1,-1,-35,-15,-8,-27,-18,-28,1,12,22,6,6,-22,5,-32,-11,20,-2,-16,-3,-14,-1,-8,1,4,23,-294,-25084,-25173,-25178,-25180,-24688,24995,24725,-24959,-24721,24460,-24482,24474,-24700,-111,-19,-10,7,-14,6,-25,-20,-8,-8,1,3,30,-22,-9,15,5,7,-26,-7,-18,-39,-1569,-1596,-1616,-1574,-1644,1582,1562,-1610,-1585,1368,-17639,-14578,-17763,-16152,-15888,15996,15813,-16032,-15849,15703,-15705,15660,-15876,-104,-1,-30,29,-6,-17,-19,-2,42,27,-52,21,-30,-31,-10,-8,12,-22,24,-18,-10,9,11,0,-8,19,10,20,-41,18,-13,-28,3,13,33,-24,12,-29,-29,-11,10,2,19,7,-24,0,-18,12,-22,-11,-7,-2,10,1,1,-21,-2,-21,14,8,-28,12,8,-23,2,-2,-12,8,4,-10,2,9,-21,-25,3,4,-10,-5,16,6,-14,-9,6,-29,-38,-2,-6,29,-3,-10,0,-14,10,-10,-1,-12,-12,17,-4,10,-18,-13,-29,5,8,-9,-14,-1,19,9,-14,-5,-8,-10,-9,-20,-7,14,-37,-21,-3,-13,7,10,-3,23,-17,-25,-7,21,-2,0,0,0,0,0,0,0,0,0,0,0,0,0,0,0,0,0,0
-256,18,2,-6,26,-20,8,-17,-11,-25,13,-1,16,-9,2,-30,14,-5,20,-10,0,7,4,6,-21,-2,-27,5,-6,-26,-6,16,-2,20,3,7,-34,5,2,6,-24,-6,-244,-25084,-25180,-25183,-25153,-24702,24944,24685,-24958,-24702,24463,-24477,24457,-24721,-103,0,6,-8,-14,19,-24,-4,5,-31,-17,-23,-16,-19,-36,-19,-15,-32,-6,2,13,-19,-1631,-1630,-1610,-1610,-1593,1613,1574,-1591,-1631,1417,-17627,-14580,-17733,-16178,-15856,15988,15811,-15987,-15866,15678,-15717,15720,-15856,-76,-3,-3,-15,-30,-36,-13,-16,-6,30,-3,-43,35,-15,6,-34,2,13,11,-25,14,-15,2,1,50,-37,44,-28,4,-51,33,-46,-3,-20,39,-28,-16,-38,6,1,-5,1,-10,-11,5,-10,-33,-1,13,17,-37,-15,-11,-6,0,-9,5,-35,-35,-1,-7,7,-9,-12,20,-1,-11,-23,10,3,-13,-10,-9,1,-42,-42,-8,-8,24,-14,5,-6,-21,-7,-5,13,-4,-8,-16,-8,5,-12,-34,-28,-24,15,4,-21,0,-1,-4,-4,-4,3,5,-26,-6,-3,-9,3,1,5,-2,-4,-15,17,-19,-17,-1,-8,-1,-2,-12,15,-31,-21,7,14,3,-14,-6,0,0,0,0,0,0,0,0,0,0,0,0,0,0,0,0,0,0
-256,-25,-20,-11,3,-2,-28,-13,10,7,3,4,-10,-22,-2,-19,-8,-15,-24,-1,-6,-5,27,11,5,-11,2,-46,-5,-19,-4,-1,-23,-24,3,-41,-9,-19,-9,26,-6,0,-251,-25040,-25197,-25177,-25201,-24703,24981,24688,-24965,-24672,24455,-24462,24476,-24743,-114,6,2,1,-2,-37,15,13,21,-9,-8,-32,-10,-17,-5,20,11,7,-19,8,-5,-16,-1591,-1627,-1640,-1605,-1639,1566,1556,-1576,-1605,1416,-17706,-14567,-17754,-16147,-15834,16052,15848,-16026,-15845,15685,-15732,15682,-15856,-76,17,-24,26,-2,-38,23,4,11,-21,0,-50,-3,7,-21,0,56,-5,-20,-6,-11,-25,-12,-31,-66,21,7,-12,14,-24,-7,0,15,17,0,-15,0,14,-6,-1,22,13,-7,3,-22,21,16,5,-14,13,-3,8,-12,-1,-3,14,-4,-7,2,19,2,9,-14,-13,25,-6,4,17,-29,3,2,-23,-6,-4,23,-29,-24,-12,6,-1,2,-23,-9,7,17,17,18,0,5,11,-6,7,-5,-8,1,10,18,-2,-22,-17,-9,26,-21,19,-4,4,-18,4,-11,-4,0,45,-15,-16,-8,7,2,9,8,7,0,-3,-2,-1,7,-7,-5,-1,-10,-3,-10,0,0,0,0,0,0,0,0,0,0,0,0,0,0,0,0,0,0
-256,5,-14,9,-7,4,-15,-16,20,11,25,28,9,-7,-30,-2,-14,8,-1,-3,-5,18,-21,-9,-13,-13,0,10,-15,19,-23,-23,-4,-21,-32,6,-2,-22,9,23,6,-21,-271,-25089,-25206,-25178,-25193,-24724,24945,24705,-24971,-24680,24457,-24500,24478,-24727,-134,-37,7,-11,-23,-21,-53,7,2,-32,-19,-14,57,-29,42,-30,-27,9,8,-11,15,-3,-1606,-1581,-1599,-1635,-1573,1595,1591,-1621,-1606,1432,-17656,-14569,-17724,-16160,-15853,15966,15830,-16008,-15843,15680,-15722,15723,-15877,-71,17,8,-41,-74,-4,17,-13,5,-8,-17,-24,-16,-24,-16,18,34,15,-34,-1,0,-30,-13,-27,-7,1,8,26,-29,-21,15,36,-7,19,28,26,0,17,-1,9,-3,16,2,-15,-22,37,-27,-23,-39,-5,-5,7,1,-11,-30,-8,-10,13,0,-9,-14,17,-19,23,-10,3,-8,-8,0,12,-20,7,1,2,-7,-8,11,-21,13,-6,0,-10,3,-4,17,-7,0,-20,-11,-15,10,-10,13,-12,6,-5,-19,4,-10,-25,-9,10,-4,-7,-29,13,-7,11,-10,-20,-16,5,26,9,12,-1,18,-7,-16,-2,-1,-22,-20,-6,-5,-7,-29,4,1,0,-25,0,0,0,0,0,0,0,0,0,0,0,0,0,0,0,0,0,0
0,-6,17,-12,-12,6,-5,16,-21,-17,-13,-4,8,23,9,-17,12,9,12,2,4,-13,3,4,-2,7,-7,-1,37,15,-23,15,6,-2,-10,11,-26,-3,8,23,-26,12,-275,-25059,-25185,-25207,-25167,-24681,24953,24702,-24976,-24686,24467,-24487,24454,-24714,-128,0,-30,31,2,15,5,-6,9,-9,-1,-3,-23,-10,7,1,-25,-17,0,-23,-14,-33,-1605,-1615,-1600,-1641,-1582,1600,1589,-1611,-1590,1424,-17670,-14563,-17701,-16153,-15863,15995,15839,-16030,-15837,15683,-15673,15696,-15839,-79,-9,15,8,-28,1,12,-24,2,-7,-30,22,-5,-33,9,2,-10,30,6,-13,34,-7,-5,2,-40,50,-28,-7,21,6,-6,-9,-23,-50,-19,-34,-18,-15,7,-2,-37,15,7,17,-6,20,-26,0,-7,-30,10,13,-8,-11,-16,-1,-38,-6,7,4,-6,-24,1,-11,-31,9,19,25,-6,1,-18,-14,-25,-10,-6,-3,18,-1,-7,-15,8,0,1,2,-16,-7,7,-7,-12,-3,7,-11,-9,-30,3,-3,-5,-20,9,-2,3,1,3,-2,13,-3,5,13,-10,-12,-5,10,21,-11,-3,-15,-7,-18,13,-26,-6,1,-25,-12,15,10,-17,-20,5,10,-16,0,0,0,0,0,0,0,0,0,0,0,0,0,0,0,0,0,0
-256,1,9,-2,-14,0,-2,16,17,3,-18,-15,-23,-7,0,-3,0,-18,-7,-26,-1,0,19,-2,-2,7,-11,-15,-9,3,19,-15,-8,-11,-44,8,9,-2,-8,-9,-5,-2,-256,-25078,-25195,-25208,-25194,-24692,24948,24687,-24939,-24674,24461,-24479,24447,-24695,-124,21,1,15,6,12,0,6,1,9,-31,11,15,8,-10,20,-4,-5,-26,-21,-12,-44,-1598,-1645,-1582,-1653,-1605,1595,1610,-1606,-1578,1416,-17660,-14568,-17728,-16188,-15870,15995,15827,-16020,-15816,15725,-15725,15708,-15877,-75,-16,-4,17,10,-21,9,-11,-37,7,-35,-15,-12,-5,20,22,-14,14,-21,-11,-3,-38,-27,6,4,-19,-30,22,-28,-29,4,-12,-23,-7,23,16,11,-23,-6,-6,-13,-6,14,11,-11,-30,3,-15,13,-13,1,15,-3,9,-15,13,-14,-15,-25,13,4,-8,-6,10,17,-12,-10,-9,-11,-32,-38,-10,6,-11,-6,-15,-22,5,-12,-26,-6,-44,-12,-5,10,24,-6,0,-8,-4,2,-20,-4,-7,-2,2,8,22,32,-6,-31,-19,6,-6,6,-22,3,16,-19,0,4,-8,-13,-19,-27,-2,-18,-3,26,17,-11,14,-3,-1,-24,-7,-24,4,-17,-7,15,0,0,0,0,0,0,0,0,0,0,0,0,0,0,0,0,0,0
-256,0,-31,-9,14,-18,-12,11,-17,-7,-9,10,7,3,-17,3,-3,-5,-19,-12,-2,-1,16,-16,-3,0,5,2,17,6,-13,0,-14,-8,6,2,-12,4,-3,20,-30,-10,-229,-25084,-25204,-25204,-25182,-24693,24969,24691,-24955,-24706,24475,-24504,24452,-24745,-110,0,-3,20,26,15,15,9,2,33,-31,-7,12,-27,53,-6,-16,-2,23,26,-17,-26,-1611,-1625,-1640,-1587,-1552,1607,1567,-1539,-1618,1432,-17665,-14608,-17741,-16169,-15845,16007,15874,-16034,-15877,15654,-15710,15682,-15831,-46,32,-13,-5,-22,-21,-2,-22,2,-4,18,-11,-11,-12,3,17,10,-24,-65,10,3,-22,-20,14,-12,1,25,12,-14,-23,-33,-31,-5,19,8,-12,-2,0,6,3,-16,5,-15,-8,-16,-18,-12,16,-13,-11,28,-32,-12,13,-1,-27,-16,21,9,-12,-29,3,-17,-13,6,-19,-1,5,-10,3,-10,-7,13,-2,4,-8,-26,25,15,-6,11,-4,0,-7,-35,-8,3,-19,-1,10,7,-18,9,19,-5,-14,13,-15,-9,-19,-34,1,-29,-6,1,3,-23,-10,1,-29,2,1,-11,1,-17,-24,-21,-28,34,-8,-22,9,-13,-3,-11,20,-10,-5,-3,-12,16,0,0,0,0,0,0,0,0,0,0,0,0,0,0,0,0,0,0
-256,-1,0,3,0,-13,14,8,-16,34,-19,8,-4,-4,-3,-15,7,-3,-17,2,-5,-18,-7,-14,13,6,-31,-3,15,10,-13,5,1,-5,-15,-13,-1,-16,6,-5,-4,-12,-238,-25067,-25226,-25192,-25195,-24696,24929,24681,-24975,-24696,24462,-24505,24500,-24734,-120,-18,-9,20,-1,14,-14,-11,26,26,-15,-49,-23,-6,6,0,5,-3,7,-2,-23,-13,-1611,-1612,-1641,-1627,-1586,1549,1613,-1597,-1581,1413,-17656,-14580,-17725,-16183,-15836,16002,15810,-16012,-15839,15696,-15698,15720,-15862,-85,8,-1,-15,24,40,-10,7,14,26,-15,-13,-30,-4,-16,5,28,-4,-3,-10,-11,-10,5,7,4,9,42,-4,-30,4,21,-23,-12,-7,-16,-40,-13,1,-18,-20,-12,4,-18,5,2,1,11,8,-1,2,-34,-28,-12,-1,-21,-6,5,5,-12,-15,-2,14,5,-32,11,6,-9,-27,-43,-31,18,-2,2,2,-4,-11,-21,-3,1,-17,-33,-21,-20,12,22,8,-40,-10,-7,-3,4,-10,-12,-9,-4,4,-16,-7,-26,-12,1,-12,-20,-10,-16,-31,-4,-13,24,-15,6,-6,4,-11,-1,-17,12,24,-11,24,-5,-18,-2,-20,-16,-6,-19,-20,10,-6,-11,0,0,0,0,0,0,0,0,0,0,0,0,0,0,0,0,0,0
0,-21,2,-23,3,-6,10,-33,9,-9,-8,15,-9,-17,11,20,23,-7,-34,-7,15,0,-3,17,3,1,-19,-13,-2,-13,10,16,-1,-3,8,-12,7,8,-34,-24,-35,13,-232,-25091,-25181,-25222,-25205,-24671,24949,24699,-24953,-24690,24471,-24455,24461,-24704,-127,-23,-53,5,28,10,17,-6,12,0,-14,9,15,5,-5,5,-1,11,-3,12,-13,-32,-1608,-1594,-1576,-1612,-1616,1582,1590,-1575,-1595,1394,-17619,-14585,-17758,-16136,-15855,15995,15883,-16005,-15843,15680,-15678,15673,-15865,-74,2,-39,-2,-35,0,7,-8,25,22,-11,-33,-6,-8,-9,-1,48,-43,33,-17,6,-11,-17,-24,3,-26,17,-23,-57,8,-19,-14,19,-13,-31,32,-24,-23,-11,-38,9,5,-3,34,0,8,1,15,7,2,5,-21,-6,-3,-20,-13,0,-6,3,-23,-8,-16,7,3,24,-22,21,-9,0,6,-16,-8,-1,-14,-16,-6,-8,-14,-6,-4,5,-15,-7,-7,-3,-19,1,2,3,-8,-16,5,-26,32,-23,0,18,-1,18,19,-21,-7,-2,15,3,-14,-4,-8,-6,4,-1,-15,23,-21,2,-1,11,-1,5,-24,16,-16,-8,3,-20,5,19,5,7,-18,3,0,0,0,0,0,0,0,0,0,0,0,0,0,0,0,0,0,0
0,-9,14,-7,8,-2,7,5,-21,-20,-12,-26,4,20,13,0,13,-1,-17,4,0,11,2,-4,19,10,3,0,19,-4,-13,-14,-6,5,3,-16,-6,-14,15,-18,16,28,-238,-25063,-25201,-25185,-25182,-24708,24940,24683,-24940,-24680,24469,-24442,24437,-24705,-128,-16,-9,9,8,5,10,-4,-7,18,-22,-29,-4,6,19,-23,5,8,-3,-1,17,-66,-1637,-1601,-1613,-1615,-1625,1605,1551,-1573,-1581,1401,-17675,-14611,-17747,-16167,-15846,16015,15807,-15953,-15872,15693,-15670,15659,-15803,-106,-30,4,-24,0,-11,9,-32,-23,10,-2,1,12,-1,4,-8,21,-18,-18,7,22,-11,-36,-2,5,-12,9,-59,-7,25,15,-7,-12,7,11,-11,8,10,6,8,14,-15,6,10,-20,-3,-11,-31,-4,-3,-20,-30,0,9,-9,1,-25,-20,13,2,-14,-16,-8,12,-10,-9,-9,12,25,-15,6,-5,-18,-23,6,9,-1,16,-11,-4,30,5,-7,7,6,18,-24,4,16,-3,-24,-14,-6,-30,2,6,1,-11,17,-30,-40,1,-6,3,-23,-6,-1,-10,0,2,6,6,8,-5,-10,-5,-6,4,1,4,6,-3,-15,-41,-13,-3,-14,-10,2,-17,-11,0,0,0,0,0,0,0,0,0,0,0,0,0,0,0,0,0,0
-256,-7,-7,-10,-3,-23,17,-14,-21,1,40,10,-11,-14,12,7,-2,1,-8,-1,-9,-6,18,-14,-12,-9,17,-9,-7,9,3,-2,-14,9,4,15,-6,-3,17,-5,-39,8,-267,-25081,-25191,-25190,-25170,-24732,24959,24682,-24972,-24683,24462,-24473,24486,-24714,-126,6,-11,21,-5,4,-7,13,-3,7,17,7,26,10,5,4,10,-21,-21,36,-27,-15,-1578,-1632,-1626,-1619,-1585,1633,1623,-1618,-1589,1432,-17664,-14582,-17754,-16140,-15844,16026,15826,-16028,-15874,15700,-15673,15684,-15858,-92,-14,-27,16,-19,29,-1,35,-14,14,-11,-9,26,6,-11,-8,24,-34,20,33,0,26,27,-48,11,-71,-1,6,-22,64,19,5,-3,-2,16,13,-24,-11,-6,8,-12,4,-12,21,8,-30,0,-2,-14,8,-19,-9,1,9,-5,7,4,-25,-4,13,-6,-22,15,-5,4,7,9,-8,25,-5,18,-6,30,7,0,-3,3,-13,-6,-8,0,-23,10,2,15,-21,-19,-8,13,-9,16,4,-19,15,27,-6,-9,-1,-4,17,6,7,-7,-32,-18,9,13,0,2,15,4,17,-13,6,10,5,-25,1,-12,17,-22,-2,22,-3,3,7,0,-3,-9,2,-12,0,0,0,0,0,0,0,0,0,0,0,0,0,0,0,0,0,0
-256,-3,10,26,7,-5,-16,-8,2,5,-19,5,0,4,2,-6,-16,-12,-20,5,-7,0,-13,-6,6,7,-8,-11,17,-8,12,-15,-11,-18,7,11,-17,-29,-26,7,8,-7,-260,-25063,-25201,-25173,-25191,-24701,24961,24704,-24929,-24689,24480,-24481,24484,-24717,-148,-22,29,-29,5,-16,-11,-28,6,-7,16,-1,8,7,-12,22,-4,11,32,-1,-7,-7,-1651,-1628,-1614,-1633,-1597,1573,1566,-1569,-1584,1414,-17653,-14579,-17742,-16142,-15820,15979,15833,-15979,-15830,15692,-15711,15687,-15835,-92,-19,-12,-15,28,-4,0,-1,20,-1,9,1,8,4,26,-5,13,22,20,-27,-37,-25,20,5,22,25,-66,-44,-18,-11,3,2,17,-29,-16,16,-31,-3,12,4,20,-3,6,24,10,-7,-1,10,17,16,33,4,0,-9,0,35,-11,14,6,-8,3,-7,-3,-25,-30,-15,-50,-8,3,14,-5,11,-6,-27,-17,1,-16,10,12,-3,7,-7,2,4,28,-10,12,-10,20,-21,-30,6,26,22,0,24,-21,9,28,-36,-38,23,-10,3,-19,14,-5,17,-14,-2,-21,-2,-2,-8,-2,-7,30,6,-7,1,12,-14,-38,-12,-4,16,-10,-8,2,-15,-12,0,0,0,0,0,0,0,0,0,0,0,0,0,0,0,0,0,0
-256,-17,-30,-4,-6,-5,14,9,-13,5,14,-4,-26,-19,-4,-41,10,-35,-9,11,-8,-3,8,14,-1,0,19,-18,0,20,-9,5,18,-14,-3,-1,19,7,-11,-3,-23,1,-244,-25094,-25178,-25183,-25199,-24690,24970,24715,-24947,-24705,24458,-24464,24472,-24715,-120,-10,-17,-24,3,7,15,-16,-8,-1,-11,13,-4,-9,7,-23,14,32,-24,6,-44,-13,-1576,-1608,-1618,-1631,-1622,1609,1566,-1625,-1625,1393,-17623,-14598,-17741,-16193,-15833,16009,15824,-16026,-15832,15663,-15679,15701,-15851,-25,26,-3,-14,3,-2,-41,-7,-14,-5,6,28,-3,54,18,-55,-10,29,-33,50,-5,-8,14,-31,-16,-5,9,-3,-6,39,-6,-18,-12,13,13,20,-25,-12,-14,6,-28,17,6,4,4,17,1,-12,-2,6,-5,1,-4,-6,-23,-26,7,-9,0,-22,-3,-21,0,21,-9,-1,34,7,19,-6,1,-18,-3,23,-11,-16,14,28,-2,5,18,5,9,-13,-12,-15,13,-7,26,18,8,9,-22,-12,-4,-8,-8,15,3,-10,9,13,-5,7,-21,1,17,-8,-35,-19,-21,-8,3,19,-27,-15,-17,9,3,-33,-15,-14,4,16,-3,-10,-35,-9,18,3,22,0,0,0,0,0,0,0,0,0,0,0,0,0,0,0,0,0,0
0,19,13,24,-24,-1,8,-15,6,0,-2,1,17,-31,9,6,-15,-8,25,2,-22,7,6,-4,-10,0,-4,-9,-7,-15,-18,-3,-12,0,13,9,-23,-16,-15,3,-17,20,-251,-25043,-25192,-25188,-25206,-24718,24955,24722,-24956,-24720,24468,-24441,24456,-24714,-132,-26,-53,15,-8,-20,4,11,-20,16,17,-28,-15,-22,-9,-14,-16,-7,8,-16,-16,-58,-1614,-1616,-1588,-1615,-1585,1625,1565,-1598,-1580,1404,-17641,-14611,-17718,-16183,-15883,16012,15819,-16047,-15822,15710,-15688,15666,-15827,-75,0,-26,2,-30,-11,-14,-8,7,-1,5,-16,-7,2,-5,2,-36,9,12,21,2,12,18,27,0,-34,-3,-17,11,39,-4,-31,13,-9,-10,-13,2,-1,10,-3,-9,4,6,-26,-34,22,-31,-11,6,3,7,1,20,31,4,-4,-10,-8,-15,-4,-25,-20,-23,3,0,-12,-1,-4,15,-29,5,17,11,-25,-12,11,1,4,-4,6,2,-21,-1,-12,-32,-14,25,-2,-13,3,-25,-3,-17,-9,7,19,-6,38,-26,-6,-2,-5,-12,7,6,-2,-35,0,28,19,-20,-9,-8,14,19,8,-1,-19,-31,-22,-15,2,18,-23,-9,20,-12,-18,-2,-10,7,0,0,0,0,0,0,0,0,0,0,0,0,0,0,0,0,0,0
-256,-3,14,-9,-4,23,-28,-2,-9,-12,-10,29,-15,-19,24,-17,-19,-26,3,-9,-17,-10,-16,-25,-6,3,-12,-12,11,-28,-6,-13,2,-25,-4,13,-33,1,-24,-1,-8,-16,-239,-25051,-25187,-25210,-25183,-24709,24956,24689,-24955,-24696,24467,-24473,24468,-24689,-92,5,-7,22,15,-27,-8,-11,-25,-24,-27,24,19,-15,-23,5,-33,6,-19,-6,6,-56,-1597,-1658,-1630,-1594,-1562,1588,1580,-1593,-1569,1390,-17649,-14621,-17741,-16163,-15848,16006,15830,-16010,-15848,15693,-15659,15685,-15872,-47,-11,-14,11,10,-15,10,18,3,1,-6,-13,-39,-22,25,-10,23,-21,-26,-56,-11,-18,27,15,-16,26,-29,36,-23,-7,-13,-22,29,-60,32,21,3,14,-15,25,21,12,-5,-7,16,-16,-6,6,7,2,-27,-1,4,-6,-19,-4,4,-7,2,-4,-1,-23,-8,-20,1,-8,14,-24,2,-19,5,14,-9,0,11,-8,-4,-23,3,-8,-24,10,-14,-12,-18,-20,7,30,-1,7,0,10,-13,2,-13,17,5,23,2,15,4,-7,-10,7,24,13,-1,-2,9,-19,-5,-2,-9,-35,9,25,6,-1,-13,2,7,-13,-22,44,9,19,20,-41,3,-32,6,0,0,0,0,0,0,0,0,0,0,0,0,0,0,0,0,0,0
-256,-27,10,-14,4,23,-4,-27,-21,13,-12,2,-24,-15,-38,-13,1,4,9,9,-13,1,23,-20,-23,-25,-18,-26,-15,-10,-14,-34,7,-18,-13,-25,14,-23,-8,11,23,-4,-264,-25089,-25179,-25201,-25181,-24701,24953,24695,-24971,-24678,24442,-24461,24473,-24709,-154,-32,1,2,-3,0,25,-23,-1,0,7,-15,-42,-15,0,-7,13,10,7,-1,34,-13,-1593,-1607,-1612,-1649,-1596,1593,1575,-1579,-1549,1390,-17657,-14606,-17773,-16129,-15842,16012,15821,-15986,-15835,15675,-15689,15697,-15859,-90,-21,-6,28,-24,-5,13,-1,-10,20,-43,-19,16,15,-12,-26,-32,-16,-5,-42,14,-6,-15,-14,19,-13,-22,-15,-8,-12,13,7,-22,-29,-2,-11,44,12,-2,1,-3,-12,-11,13,-5,4,-1,-4,11,7,-10,-17,-20,10,27,-26,-23,-8,18,-3,-16,4,-14,-1,10,-34,-12,-9,-8,-20,-8,3,6,-13,-21,16,-19,-3,6,14,7,-5,-23,-26,20,11,2,3,-13,-27,1,-14,-15,-8,-17,-13,-18,-2,4,-11,-13,18,15,-7,-9,14,3,7,11,-6,-14,11,6,-26,-19,-17,-13,-16,-21,12,-13,-8,2,10,2,11,0,36,6,4,18,0,0,0,0,0,0,0,0,0,0,0,0,0,0,0,0,0,0
-256,10,3,-19,-14,29,-1,2,-8,-10,4,-4,-18,4,-21,7,-16,-13,2,-1,18,-5,28,-26,-22,-1,-8,-17,6,3,-34,-17,-20,-19,18,-5,-38,-14,11,-16,-12,2,-246,-25073,-25216,-25189,-25190,-24683,24961,24682,-24938,-24709,24457,-24477,24491,-24727,-138,2,41,-4,13,30,11,-21,-15,13,-11,-7,2,-23,3,-15,-2,17,11,5,-18,-44,-1603,-1618,-1602,-1622,-1605,1600,1598,-1623,-1561,1428,-17670,-14619,-17734,-16165,-15834,15995,15864,-15993,-15838,15663,-15704,15687,-15859,-73,4,-13,-44,-6,9,20,-5,-30,13,26,-30,23,4,4,-5,-37,-67,-6,25,-5,1,-17,-4,31,22,27,12,-15,34,-10,23,-17,41,13,-19,8,8,-33,-10,6,-7,-22,-11,-6,4,-13,33,-4,3,5,-20,-14,-17,-3,10,1,5,-3,-15,-3,20,-25,13,-14,32,-32,-18,-25,-17,-21,-23,-19,-24,-16,11,0,-6,-11,-14,-7,9,-12,27,10,2,-13,6,2,10,11,-3,1,-14,8,9,-9,-6,9,-9,-8,0,18,10,4,10,-4,-5,14,9,8,-30,5,7,-15,-2,7,11,-6,-6,-25,2,0,-15,2,-8,-16,-8,6,2,-2,0,0,0,0,0,0,0,0,0,0,0,0,0,0,0,0,0,0
0,-11,-24,-11,4,9,-21,24,-14,-9,-4,-4,2,-15,19,5,-17,-6,5,-2,11,-3,-11,1,15,-35,-6,-18,11,16,-35,6,5,8,-4,-37,-16,-21,-12,-13,11,-1,-230,-25070,-25193,-25203,-25196,-24736,24948,24675,-24970,-24707,24479,-24478,24456,-24694,-126,10,7,-17,-20,-13,-9,-21,3,21,-15,0,-12,9,-13,14,0,5,-40,1,-24,-7,-1610,-1631,-1636,-1650,-1581,1601,1560,-1622,-1553,1397,-17654,-14603,-17765,-16154,-15843,16029,15828,-16013,-15885,15679,-15731,15703,-15820,-69,-24,22,20,-3,-34,-16,-5,-1,5,-10,-7,2,-3,-37,-11,-15,-32,6,12,2,9,-25,33,-1,5,4,-10,8,-25,-39,17,7,19,13,20,-41,13,-27,-2,18,0,8,-2,-6,23,16,-2,28,6,-16,-17,-10,-6,-8,13,-21,-16,-19,-12,2,14,0,-28,8,-7,-15,-22,-2,18,-9,18,-21,5,-13,-8,-18,-15,-4,0,8,-12,-16,-38,-22,-36,-14,23,-17,-27,-4,13,-6,-30,-1,-7,-17,-12,-5,-5,19,-33,-6,-14,-6,-12,-5,1,-27,-4,4,14,-6,-22,-16,12,-7,-9,14,2,-7,-27,-4,18,-22,9,9,13,7,14,-5,0,0,0,0,0,0,0,0,0,0,0,0,0,0,0,0,0,0
-256,-26,43,10,6,0,-18,10,-28,-2,8,5,11,8,-12,6,7,-8,0,7,18,-15,-7,-37,17,6,32,-7,-5,17,16,-1,7,19,-7,-3,-3,5,16,4,10,-5,-262,-25096,-25196,-25202,-25203,-24675,24964,24662,-24976,-24694,24495,-24475,24465,-24729,-129,-40,12,-7,12,-13,-12,16,19,7,-21,-4,3,-6,16,-8,17,-14,-6,17,2,10,-1622,-1644,-1628,-1599,-1591,1577,1577,-1607,-1605,1407,-17691,-14617,-17738,-16180,-15830,16022,15858,-16035,-15875,15693,-15696,15682,-15848,-54,-50,-52,-4,10,-14,27,14,24,-9,3,33,-21,-12,15,-16,-20,-15,-2,-7,7,25,8,-2,-14,-24,-31,-30,-6,-30,-1,0,-33,1,14,22,14,-20,5,-21,9,-2,-12,1,4,-1,5,5,-25,-5,-7,-8,-2,-18,-28,-17,-22,-21,10,-5,-5,-12,7,-23,-1,7,5,24,15,-4,-9,-13,-21,5,-1,-1,-11,-19,9,10,-9,16,0,6,-18,-6,17,-21,-3,17,-18,12,0,-3,-36,-8,7,5,-32,-14,12,4,-2,-35,-19,2,0,-10,-6,-3,9,-6,-3,-2,-1,-7,2,9,4,-19,2,-3,3,-10,-20,-22,-13,-7,-5,-19,1,0,0,0,0,0,0,0,0,0,0,0,0,0,0,0,0,0,0
-256,45,-18,2,38,-6,8,-7,-29,-5,-12,-3,2,5,-1,9,-16,18,6,-25,-10,-1,-16,-3,5,-5,9,5,-15,7,-11,25,15,6,-14,25,-16,4,-20,0,-43,1,-235,-25084,-25203,-25178,-25185,-24721,24947,24675,-24971,-24699,24457,-24473,24468,-24741,-122,4,6,8,-1,-24,-25,3,6,22,-13,0,26,2,-9,6,-33,-3,-15,13,-30,-15,-1618,-1621,-1575,-1623,-1593,1592,1570,-1625,-1592,1433,-17639,-14559,-17756,-16135,-15787,16031,15846,-16021,-15818,15709,-15684,15704,-15859,-56,8,-13,-26,-43,-19,-2,-22,7,26,-9,-17,-2,17,6,18,-40,-28,17,-19,3,5,8,-12,-7,7,-40,0,-45,-57,32,22,-10,1,-4,4,-1,8,-33,23,-8,0,-9,-4,8,-4,-5,14,-10,0,-16,-7,-26,-4,-11,-4,-1,0,3,-21,9,-9,-17,-1,20,-29,-15,11,-17,-6,-11,8,-6,-6,13,3,-5,0,-9,4,8,-10,-29,-20,-21,-11,-26,-16,-3,-1,12,12,-1,12,19,-16,11,0,26,-17,-25,-11,-8,-16,-10,-2,-22,6,-8,3,6,-3,-16,15,-9,-21,-3,-15,7,1,-9,-20,0,8,-19,16,-24,-30,-5,7,4,0,0,0,0,0,0,0,0,0,0,0,0,0,0,0,0,0,0
0,-16,-3,27,3,-27,-7,-6,6,10,10,-14,-10,-5,13,-7,1,-1,-2,-25,6,2,-6,15,-6,-11,4,-7,-7,3,-1,-12,-32,1,5,-21,-13,-23,-21,-8,-11,1,-287,-25074,-25214,-25203,-25191,-24694,24931,24686,-24950,-24713,24456,-24459,24505,-24735,-129,0,3,-26,-14,28,4,-4,22,-1,-7,3,-11,4,-23,-13,21,-17,-5,-17,-39,-20,-1622,-1599,-1585,-1644,-1605,1617,1576,-1616,-1661,1401,-17670,-14596,-17708,-16177,-15807,15994,15841,-16032,-15798,15736,-15682,15714,-15856,-76,0,16,-39,-7,19,-17,-40,-9,13,-12,11,5,-10,14,-9,7,21,12,4,-7,-53,-5,-6,-58,22,6,1,-32,-50,20,3,-13,-10,16,8,-21,-32,-15,16,-9,22,-22,-24,-1,-3,-33,-22,5,-23,-11,-15,-1,3,-18,-15,9,-12,7,-10,18,6,-1,-4,-2,-7,-4,12,-1,8,8,13,16,-1,1,6,22,-25,-9,1,-5,-18,-1,14,5,11,-1,27,-6,-4,2,8,21,0,3,-2,11,28,-12,0,-8,2,-18,-26,-27,-6,-5,-17,12,-17,-16,15,-26,0,17,5,-1,-4,-8,2,-10,-3,-3,-23,24,5,0,-33,17,22,-13,0,0,0,0,0,0,0,0,0,0,0,0,0,0,0,0,0,0
-256,-3,-19,-6,15,0,26,10,-5,1,-28,-6,15,-3,2,-2,-28,-11,-14,-7,-12,-4,-3,-17,14,-11,1,15,-19,16,0,15,-9,13,0,16,7,-4,-3,-18,24,1,-249,-25072,-25189,-25186,-25222,-24705,24957,24709,-24962,-24704,24490,-24514,24456,-24716,-95,-42,-5,15,14,-10,11,26,21,8,2,22,-22,14,13,-20,-9,-9,-10,6,-33,-8,-1628,-1599,-1623,-1611,-1571,1591,1562,-1638,-1593,1387,-17677,-14597,-17736,-16158,-15843,16009,15860,-16001,-15853,15702,-15685,15689,-15914,-64,-6,-26,1,-3,45,14,-21,14,-8,1,2,20,-29,23,-4,-37,46,-23,-12,1,26,7,11,27,26,-20,-16,-23,-5,4,-15,9,36,20,23,15,4,-28,-16,-28,-7,17,-4,-12,11,-7,11,3,22,-3,-28,-19,15,-4,-1,11,0,-11,-10,-2,-10,-5,15,6,6,-3,-19,-17,-11,-11,-5,15,1,-11,-11,-2,-1,-11,18,-9,6,6,-10,-1,-24,-8,-4,-27,-23,-5,-7,-14,16,-1,-5,2,4,15,3,0,-14,-8,-30,-10,-38,14,-15,-17,-28,17,-3,-19,-5,-7,13,-12,-37,-6,22,5,11,2,-4,4,-11,4,17,11,6,14,0,0,0,0,0,0,0,0,0,0,0,0,0,0,0,0,0,0
-256,-13,1,-17,-26,-10,-23,-5,1,-3,-2,-1,4,3,-5,-7,4,15,6,-6,-17,-6,2,1,6,-17,19,-11,7,20,-6,-10,11,-7,14,-3,-2,-15,24,8,3,9,-237,-25072,-25184,-25194,-25173,-24667,24961,24708,-24936,-24720,24425,-24503,24480,-24726,-94,-6,-9,6,1,-12,-15,6,-5,-6,11,9,-5,11,-29,2,14,-7,6,11,11,-31,-1596,-1620,-1638,-1624,-1601,1575,1583,-1607,-1596,1393,-17664,-14544,-17722,-16180,-15846,16041,15816,-16025,-15825,15706,-15672,15679,-15857,-71,-11,-2,22,-4,27,-3,-16,18,6,-40,28,-7,30,-43,26,14,-6,-10,-25,-14,4,-23,-3,-5,-24,9,-47,-17,13,4,-5,6,-19,-24,-1,-4,13,17,-3,5,7,-7,5,3,-8,11,-8,-19,9,3,-21,-17,-11,11,9,-13,8,-12,-26,-18,-8,5,11,-25,-40,-8,-7,8,9,-10,-29,3,-16,-44,-30,-2,-5,-3,8,-4,-24,-1,-24,-22,-30,9,-15,23,5,0,-12,-34,-12,30,-3,16,1,5,-2,0,-14,-6,10,16,-3,-33,-15,-18,-24,4,-2,-7,-14,-23,4,8,-28,-9,-34,-36,11,-8,0,-21,23,8,8,-18,-4,-5,0,0,0,0,0,0,0,0,0,0,0,0,0,0,0,0,0,0
0,-4,-43,-10,-10,-16,12,-4,-38,-38,-1,-14,-20,1,-40,12,-6,11,-24,7,-27,-29,16,-11,-4,-10,-21,10,-7,19,36,-4,-7,5,28,0,6,-6,6,5,-16,5,-222,-25061,-25154,-25181,-25182,-24697,24975,24693,-24969,-24717,24460,-24465,24444,-24686,-88,-20,6,19,-19,5,-8,2,7,-10,-32,-34,20,9,24,18,8,-40,-10,-26,-14,-21,-1608,-1613,-1605,-1625,-1613,1608,1589,-1606,-1572,1388,-17679,-14566,-17715,-16157,-15853,16012,15822,-16027,-15836,15689,-15662,15687,-15858,-100,-18,-12,-19,-6,-10,4,-22,1,-18,-12,-18,-25,9,-4,-39,-17,-24,11,-18,-25,15,22,-34,-39,-12,-8,-8,1,-25,-21,-11,-3,20,11,31,-24,18,7,-24,9,4,-13,-37,5,9,0,3,-6,-25,-35,9,23,0,14,2,-8,-11,5,7,-45,-2,-22,5,7,12,-5,-21,5,-4,-16,-16,-2,13,-20,-2,27,-10,2,-2,7,12,1,5,12,15,10,-8,7,14,-9,7,-3,-5,6,12,-12,-6,14,-12,-26,-31,-4,19,-12,9,-4,-13,-24,-3,-12,-35,12,5,9,-3,-7,-11,-12,26,-18,3,-44,-26,-11,-12,-15,-21,-1,-3,-11,0,0,0,0,0,0,0,0,0,0,0,0,0,0,0,0,0,0
-256,3,20,11,-9,-5,-17,-15,1,2,-7,-13,-15,3,-9,1,18,2,-21,-16,28,1,10,1,-10,2,-7,19,-17,8,-22,-31,20,-26,3,-12,9,8,2,-16,-8,-14,-243,-25072,-25205,-25171,-25218,-24687,24947,24705,-25008,-24701,24489,-24463,24483,-24721,-115,5,-4,-23,-12,-33,33,11,-27,0,-11,4,-11,-8,-2,-7,-19,21,-2,-31,-1,-8,-1600,-1619,-1607,-1596,-1552,1621,1571,-1623,-1582,1367,-17704,-14591,-17718,-16134,-15862,15998,15860,-15993,-15856,15694,-15693,15664,-15812,-64,23,2,0,24,-4,-11,-27,19,14,-24,-11,-5,-35,-44,-19,-39,18,-30,-5,14,42,4,49,-8,-1,-2,-51,-16,-27,0,14,13,-36,-17,0,-28,6,-22,3,-9,-4,-25,-3,0,-9,-6,2,-17,-8,-1,-6,-34,-5,-2,-17,13,-18,1,2,-23,-5,11,6,-8,-14,-9,-18,7,-21,-11,-15,11,14,2,21,-20,-13,11,-28,-11,2,9,4,4,-4,-11,3,-13,-4,6,6,-15,-25,-8,-7,3,-23,-7,-11,-14,-32,24,-8,7,14,-11,-16,-18,16,-16,8,-11,20,26,-23,6,23,-16,-9,-13,15,-2,9,12,7,-4,-3,-20,2,-15,0,0,0,0,0,0,0,0,0,0,0,0,0,0,0,0,0,0
0,16,-21,-15,-9,-27,-10,-10,-12,9,-3,-21,-19,15,-4,6,-10,-16,5,9,-1,3,6,-9,3,-9,-18,4,2,-5,-7,-10,20,-6,-36,0,-24,-6,-29,-13,-7,-5,-246,-25044,-25193,-25192,-25213,-24675,24974,24726,-24982,-24691,24463,-24447,24476,-24727,-120,-17,-4,-1,-4,18,-29,2,1,8,12,6,13,-22,21,-13,6,-2,25,-1,-20,-39,-1575,-1593,-1642,-1609,-1554,1626,1624,-1600,-1589,1421,-17684,-14620,-17727,-16173,-15831,15955,15839,-16037,-15844,15700,-15705,15682,-15866,-64,-27,23,-1,24,-29,-9,18,-18,-32,-18,-20,-7,-23,-19,-19,5,11,-9,-10,-2,-22,-24,41,-28,-13,-19,-32,-26,6,5,-2,50,10,-14,19,7,7,27,-21,3,-3,-15,7,-7,-8,-14,-4,-7,12,1,11,3,0,-9,1,21,0,-10,22,15,-3,5,-20,-7,22,-14,6,-5,-13,5,19,-12,-2,17,-4,11,-15,14,15,-10,8,10,-20,-14,16,-36,0,12,-3,7,10,8,-8,-13,10,29,4,3,-13,-3,-3,-13,-28,-7,15,-9,-14,-3,-18,25,5,-1,-19,-26,11,0,-12,24,10,-19,1,-6,-3,-17,-24,4,-12,18,-11,-8,0,0,0,0,0,0,0,0,0,0,0,0,0,0,0,0,0,0
-256,27,-8,-3,-4,13,-28,3,-5,24,-33,-18,17,-9,-20,-4,-23,-2,-2,8,-18,-9,-1,-9,-4,-32,-27,0,3,17,10,6,2,-13,7,-7,-15,-3,-31,4,17,-10,-247,-25066,-25197,-25230,-25191,-24691,24967,24704,-24994,-24707,24476,-24462,24470,-24700,-99,13,-8,-20,-9,14,-33,-12,-19,-8,6,11,-11,-6,-2,-1,-9,6,18,-11,-4,-37,-1595,-1602,-1617,-1638,-1611,1638,1585,-1628,-1581,1431,-17651,-14592,-17752,-16188,-15834,15977,15846,-16046,-15845,15696,-15722,15674,-15822,-70,19,50,13,-4,16,20,-29,12,-46,10,14,-21,-14,-27,-37,-40,7,35,21,-30,0,-33,-4,-5,8,20,8,11,-56,18,13,3,-9,19,-9,-17,-64,-25,35,5,-29,3,7,-38,11,4,4,-5,2,-11,-5,-19,-7,-2,-19,-7,2,5,-19,7,5,-16,-3,-3,0,8,-6,-26,42,8,-20,-39,-12,12,-31,9,-18,-8,-25,-33,11,0,-1,-37,19,-2,-8,-8,-13,-14,-17,-6,-8,-22,10,39,15,-3,6,9,-6,10,11,16,-12,-17,-13,14,23,-25,-27,-13,1,-21,-20,-13,-16,8,-15,-10,11,-20,-8,-27,-16,-5,9,-7,17,-5,0,0,0,0,0,0,0,0,0,0,0,0,0,0,0,0,0,0
-256,-17,-4,4,6,-13,-16,-6,-26,-3,-2,-32,13,-4,-3,-16,-15,-4,2,16,-6,16,10,-13,4,-10,-32,-8,4,-16,-2,-11,9,14,21,-28,0,0,-8,2,-24,1,-237,-25081,-25200,-25180,-25175,-24694,24999,24718,-24964,-24678,24441,-24469,24462,-24722,-131,11,0,-21,-15,1,-35,1,1,-19,-12,-13,-24,7,6,-20,1,-11,11,10,-11,-31,-1622,-1633,-1615,-1601,-1605,1581,1596,-1591,-1583,1399,-17672,-14572,-17759,-16153,-15822,16038,15847,-16021,-15823,15694,-15701,15671,-15858,-94,11,-10,15,-3,2,-3,36,7,-42,-32,52,-20,22,3,60,7,15,-16,-37,4,-15,-43,4,-5,-3,18,8,2,1,-74,-48,-23,-4,-25,-23,20,-16,-7,-3,19,-13,0,-19,-23,-5,-34,17,3,9,-4,-23,-23,-7,-15,-19,5,-1,27,1,-16,0,1,-8,-16,-23,-3,9,7,-6,21,2,-11,17,-3,-14,-35,-14,-1,1,-6,-12,-9,-26,-6,13,-8,-16,17,-13,-5,-8,-17,5,1,-5,-10,-6,8,-12,-24,-17,10,25,1,-20,2,27,-23,-9,-3,-21,-5,-32,-3,2,-13,-32,-27,5,0,0,1,25,-1,-10,-30,6,-28,26,6,0,0,0,0,0,0,0,0,0,0,0,0,0,0,0,0,0,0
-256,-7,-2,-19,-3,3,-3,-11,-7,-24,-28,8,-16,-3,-8,19,7,1,-36,-33,-1,-8,-18,-21,-14,2,-14,-19,-19,-6,-16,-24,-10,6,10,3,20,11,-14,3,-12,19,-266,-25087,-25205,-25194,-25185,-24684,24978,24670,-24957,-24698,24453,-24478,24456,-24748,-135,31,28,15,7,-33,-41,-20,-5,-39,-37,4,0,-5,-5,-2,-32,3,-13,-3,-16,17,-1617,-1605,-1595,-1631,-1598,1624,1567,-1616,-1595,1404,-17674,-14575,-17737,-16167,-15843,15976,15850,-16022,-15878,15722,-15702,15687,-15848,-42,52,-15,23,-37,-18,-16,38,-12,-12,-2,34,-2,39,-25,-21,-2,-30,-6,-16,-28,-12,-1,26,15,-9,3,3,-18,-43,8,21,-9,26,-28,-17,12,15,-16,-12,13,-26,-14,3,-7,28,-8,-13,-9,-2,11,9,-11,-13,-9,0,12,-12,10,11,15,23,10,-22,6,9,-13,-20,-19,-3,-14,-16,-18,-6,-26,7,-5,-18,6,-11,11,12,-31,-27,20,-14,-14,14,3,-14,-9,-18,14,2,-4,-1,10,15,-2,10,-20,29,-3,-6,-8,-5,4,-16,-11,-2,-10,18,-12,-8,2,8,-6,2,6,14,-23,22,0,1,-2,2,13,-17,0,14,-3,0,0,0,0,0,0,0,0,0,0,0,0,0,0,0,0,0,0
-256,4,-3,26,-4,5,17,-19,-6,1,17,16,-26,-16,23,20,-21,-16,-1,6,-25,38,-22,-18,-6,-12,-20,-6,19,14,-5,1,-4,-7,6,-26,13,-10,9,-5,13,28,-242,-25085,-25212,-25219,-25198,-24704,24968,24686,-24938,-24688,24497,-24484,24453,-24708,-135,13,-14,-27,7,-9,1,-13,41,-12,5,-9,1,-9,6,8,33,-5,-9,5,-14,-28,-1617,-1608,-1592,-1574,-1590,1609,1589,-1613,-1599,1435,-17678,-14539,-17725,-16176,-15877,15998,15860,-16030,-15829,15698,-15721,15710,-15878,-53,8,-13,-5,-18,23,-11,1,-22,8,-2,15,-27,-34,-24,-40,-25,4,47,-14,-39,24,25,-25,-5,-1,30,23,6,4,10,-2,-22,17,8,8,-14,-23,2,9,-17,3,-8,-10,-18,7,-1,-10,-8,-12,10,-1,2,-14,-4,5,-25,-3,-2,-2,-19,2,-10,-25,10,-4,-2,-27,-13,9,4,8,-9,-13,3,-31,11,3,-21,2,-1,17,-18,10,3,10,20,4,7,-16,14,13,14,-5,3,-11,-13,-22,-22,-8,8,-23,11,2,-3,7,-11,8,13,-19,-3,15,5,-13,-9,-11,-39,-2,-19,-3,2,-3,-5,23,12,4,7,-15,0,-15,-8,0,0,0,0,0,0,0,0,0,0,0,0,0,0,0,0,0,0
-256,24,8,-27,-27,-15,-29,2,-9,12,-36,26,-4,-27,-8,11,4,1,-5,8,-2,-16,33,-5,-18,-18,19,21,3,1,-15,7,-20,-5,7,10,-17,-19,5,6,-17,-10,-260,-25081,-25187,-25229,-25187,-24691,24940,24691,-24948,-24705,24450,-24491,24442,-24698,-100,-16,25,-7,13,-7,-11,-39,9,-25,-10,8,-3,-21,-33,-6,-28,4,-9,1,5,-67,-1630,-1638,-1612,-1614,-1594,1596,1598,-1570,-1602,1402,-17655,-14588,-17746,-16196,-15880,15996,15840,-16038,-15844,15703,-15726,15676,-15846,-81,-24,-6,-2,27,-53,17,0,-23,-20,12,-38,-8,16,2,-5,1,18,14,-7,-31,-17,24,9,-4,65,-17,43,0,-20,11,30,-6,-15,-10,16,18,28,-37,-14,4,-24,11,-16,-4,8,-10,-22,-20,9,-29,-5,5,19,-12,4,-5,-10,-7,-21,-21,2,-20,-18,9,-17,-3,21,-7,-14,-23,-20,-11,-15,-1,-17,-15,4,21,15,8,-26,15,-2,-7,4,1,-13,12,3,-14,6,-10,10,17,28,23,-3,-12,8,-6,11,13,-3,2,21,-6,7,20,-1,-6,10,12,-21,1,-33,-3,-14,-1,-20,-5,-25,23,-1,-24,-9,10,-11,-2,1,-25,0,0,0,0,0,0,0,0,0,0,0,0,0,0,0,0,0,0
-256,24,-11,10,14,13,-17,8,11,-4,-4,8,-23,-1,-23,-17,-19,15,-21,11,-15,21,23,15,-2,2,15,-5,-13,-12,18,4,-24,-1,-10,-11,-41,13,-3,7,-2,8,-247,-25106,-25197,-25209,-25185,-24681,24953,24693,-24969,-24708,24460,-24460,24443,-24680,-131,-12,-16,-10,-7,-22,2,-5,-5,-8,-7,-12,-3,2,-21,-3,28,10,2,-3,4,-43,-1600,-1575,-1617,-1612,-1572,1587,1574,-1637,-1585,1400,-17630,-14610,-17756,-16149,-15841,16033,15876,-16047,-15858,15684,-15735,15725,-15885,-70,11,28,-12,-8,18,-16,-41,-26,-16,14,-6,9,-5,-15,20,23,-23,17,-6,27,-40,-17,14,25,20,31,-4,19,14,-18,-30,19,19,31,-26,12,28,14,35,-38,-27,0,0,17,-6,19,-4,-5,-17,6,13,21,-5,-7,-17,-40,-16,8,-1,-22,6,7,13,-20,7,-16,-20,-5,-6,2,-12,14,-18,18,3,11,0,-3,13,-24,-6,4,1,2,1,3,-4,-4,-19,-4,-13,-9,-13,-7,-9,-9,13,-6,4,25,-8,4,9,-6,2,-9,1,-18,-24,4,-2,-5,-5,-22,-20,-2,2,-1,-23,-9,-17,-9,-1,-15,-39,-10,-17,-6,-16,-3,0,0,0,0,0,0,0,0,0,0,0,0,0,0,0,0,0,0
0,6,-25,2,2,12,7,-11,-2,5,-31,-7,2,16,-14,-13,-10,-11,0,-14,-5,11,8,1,-2,3,-13,6,-1,-24,7,-17,-4,-8,9,9,5,1,-9,16,6,-6,-245,-25088,-25164,-25196,-25189,-24682,24965,24657,-25006,-24687,24495,-24492,24468,-24719,-119,23,-12,-3,-21,-3,-5,-1,-20,14,7,-4,4,-21,5,15,-14,1,15,25,-10,-23,-1611,-1551,-1624,-1678,-1550,1584,1548,-1594,-1628,1435,-17652,-14597,-17753,-16171,-15874,16034,15823,-16013,-15859,15711,-15692,15690,-15864,-59,-1,12,19,33,31,7,17,-2,-8,-32,3,14,-11,1,-6,7,11,-15,-16,-28,-20,10,-17,13,-26,38,8,4,32,-13,0,-11,-21,-1,16,-10,-18,-1,12,15,28,-13,9,-5,22,-11,1,-12,6,-8,-14,0,-24,7,-8,-18,-1,-25,-3,21,-17,13,-22,-2,3,-25,15,-13,-26,-3,9,2,2,0,-8,-7,-11,3,-10,21,-5,2,-20,-15,-11,-13,8,-9,-13,14,8,0,8,-24,-1,8,-29,-1,16,-18,-4,-8,12,24,-8,19,-4,16,0,31,-12,-31,-1,-23,8,-12,-15,-5,-30,2,-7,3,-9,16,6,3,-20,6,2,15,0,0,0,0,0,0,0,0,0,0,0,0,0,0,0,0,0,0
-256,-20,-11,-53,2,25,7,22,8,-15,-16,-26,7,11,-26,-27,-6,-18,13,-4,-21,2,8,-4,-9,4,-18,1,13,7,-4,-8,10,3,-16,-14,-13,14,20,-10,-6,2,-251,-25081,-25176,-25186,-25182,-24672,24963,24694,-24958,-24686,24458,-24480,24483,-24720,-135,-25,6,-7,-16,20,-2,8,-14,-31,-5,0,-5,-30,33,-31,-4,-12,-23,-16,-35,-34,-1615,-1657,-1601,-1601,-1578,1567,1596,-1590,-1622,1440,-17690,-14595,-17753,-16169,-15842,16041,15805,-15980,-15861,15694,-15714,15688,-15887,-79,-18,-21,4,3,-4,-16,-8,5,13,11,-8,30,11,12,-31,12,13,-3,-11,12,46,6,-6,-36,19,19,16,-1,27,-17,-15,25,-29,8,58,-18,24,20,-31,-14,-22,8,-11,9,-12,7,-14,10,13,-13,-5,11,-26,-23,23,14,-14,-18,20,-16,-18,-10,-11,-42,-21,5,-4,-19,12,8,-20,-15,-25,40,-20,0,-7,-2,6,15,5,-4,-32,-8,-9,11,0,9,-3,-9,-17,-11,-1,16,-8,8,-17,14,3,-1,16,-1,21,20,12,-7,12,12,-50,11,11,9,3,0,1,-11,-7,20,-17,7,12,-28,-14,-8,10,6,11,20,13,-10,0,0,0,0,0,0,0,0,0,0,0,0,0,0,0,0,0,0
-256,15,-27,-8,8,-28,15,15,-16,-1,-19,-25,-5,22,3,-3,21,4,-24,1,-2,-19,-6,-9,-15,-19,-20,-22,-7,2,8,12,-5,4,17,-3,-20,6,10,-4,-8,-11,-246,-25083,-25201,-25173,-25176,-24722,24951,24698,-24979,-24698,24494,-24464,24465,-24765,-133,17,-12,-4,-2,11,-12,-20,-8,14,11,16,17,-38,-14,-28,-5,-22,30,9,20,-42,-1585,-1607,-1581,-1603,-1603,1583,1613,-1596,-1591,1402,-17652,-14580,-17789,-16199,-15835,16013,15818,-16016,-15837,15683,-15669,15698,-15837,-97,26,-2,-8,-39,-51,16,4,-36,9,17,-16,27,27,7,16,-22,5,-7,35,0,-2,-6,-30,16,-41,5,-9,-7,-28,13,-26,-9,-31,-21,-20,-18,-4,10,-2,-1,10,-8,30,-4,-23,-25,-20,-29,-1,19,-6,8,-18,-19,-14,11,4,-3,-4,-22,-31,-8,18,-13,-12,-26,-19,-19,-14,-6,2,19,12,1,2,-12,-11,-1,-15,6,9,-27,-11,4,9,-17,-1,-5,22,-10,-12,-10,1,-13,-13,11,-15,17,-15,1,1,0,-8,-19,2,-12,-6,24,-20,-11,-22,-15,13,23,22,-24,12,17,-18,-28,-26,1,-10,-25,-20,12,-5,8,7,-10,0,0,0,0,0,0,0,0,0,0,0,0,0,0,0,0,0,0
-256,2,33,10,0,11,31,-13,-10,-26,-12,7,17,8,3,0,10,4,-10,-4,18,-16,3,-14,10,14,21,-11,-41,5,9,22,-17,0,-3,-8,12,-2,1,-20,14,7,-246,-25081,-25184,-25215,-25184,-24703,24966,24675,-24978,-24746,24457,-24496,24484,-24693,-115,-26,-34,19,-28,-4,9,10,-20,5,1,-19,-10,-12,-5,26,-9,-15,-2,-2,-16,-21,-1605,-1599,-1614,-1603,-1597,1576,1578,-1579,-1593,1440,-17632,-14585,-17743,-16168,-15866,16012,15831,-16015,-15817,15661,-15686,15720,-15839,-116,-7,-25,-27,-21,-3,19,-21,7,15,-7,11,-18,-15,17,-42,17,-31,19,15,20,-3,-12,-8,-37,32,22,-32,-49,-21,-25,-27,-33,-27,-16,25,-30,-19,-18,0,26,-4,-13,-21,-5,-31,18,26,7,-12,15,10,1,2,10,-29,-2,-11,-3,16,-10,-13,1,-9,-1,1,17,23,-13,-7,3,-15,11,-22,0,-23,-3,22,28,-7,-3,7,7,9,7,-15,13,-19,-10,13,-15,-1,-26,19,0,8,-1,-10,-16,-21,9,6,-27,24,3,4,23,1,9,-19,0,10,-13,13,-4,-1,-10,3,5,-22,-5,-19,-22,-15,4,-29,10,-4,-15,3,-10,0,0,0,0,0,0,0,0,0,0,0,0,0,0,0,0,0,0
0,19,14,-26,-12,-19,-17,1,-12,-6,23,-20,-5,10,-14,9,19,6,-6,-8,-8,-5,-29,7,2,1,-4,8,-19,-38,16,-19,1,3,-9,7,-1,-12,16,20,12,-12,-269,-25079,-25207,-25194,-25163,-24732,24942,24719,-24982,-24713,24486,-24502,24455,-24719,-140,-15,24,10,18,4,-17,-2,-7,-26,-18,-6,-13,8,31,0,17,-31,-9,-19,-43,-65,-1581,-1643,-1613,-1592,-1587,1583,1580,-1608,-1625,1404,-17682,-14588,-17775,-16200,-15816,16000,15871,-15995,-15858,15648,-15721,15669,-15859,-62,-35,-4,14,2,-34,5,-9,-27,-10,-1,11,-5,-11,-1,9,-41,-28,0,-41,-7,-15,-9,1,-24,7,-12,-1,-27,12,-5,-10,-30,-17,2,0,17,-3,6,9,-4,31,19,-33,2,11,-31,-8,-4,-4,9,14,18,-6,-1,-35,-20,2,-1,-2,-17,20,6,-20,-36,-7,18,-16,8,-18,17,-13,-22,-22,4,-16,7,-24,-25,10,-5,-6,-2,9,0,4,-2,-11,-20,-3,-6,-8,-5,-20,15,-15,-2,-29,-2,-3,-9,-14,13,6,-20,-1,-23,-3,-2,-2,5,2,-3,17,8,-15,0,10,-17,30,-16,5,-13,-16,10,-2,-34,-4,20,-11,-14,0,0,0,0,0,0,0,0,0,0,0,0,0,0,0,0,0,0
-256,3,-5,-12,-16,5,-2,-8,-16,-15,-20,18,-11,-15,0,9,15,16,5,3,-12,-21,5,-12,-1,-30,-15,-17,4,-9,-15,4,-19,-6,-1,0,14,-5,3,-3,11,-9,-225,-25087,-25233,-25192,-25179,-24700,24974,24701,-24966,-24703,24502,-24464,24440,-24728,-156,-20,17,29,19,7,19,6,36,15,2,21,-34,-9,-23,17,2,18,-25,-28,7,-33,-1630,-1605,-1599,-1595,-1579,1596,1598,-1602,-1571,1414,-17639,-14582,-17752,-16192,-15847,16009,15833,-15972,-15851,15657,-15707,15711,-15891,-71,-9,-5,1,-9,26,-20,14,-18,7,9,-2,-30,33,0,-16,8,-20,-29,-22,4,-12,24,-24,0,-5,-8,0,-49,19,6,-15,33,-32,-18,-45,-9,42,0,-33,-13,19,-10,-6,-21,-3,10,-15,-20,23,-11,8,-8,9,20,-36,6,1,10,6,-10,23,-5,-9,-29,8,2,-19,14,6,16,19,-10,-7,11,18,-13,2,2,-22,24,29,-24,-43,20,-33,-13,-27,-8,-3,-3,2,13,12,10,-20,-31,-12,13,-22,-2,11,11,-19,-7,-11,-34,-13,16,13,6,4,5,-16,9,10,0,-24,0,5,-4,-15,7,3,-17,-5,1,-15,17,-8,0,0,0,0,0,0,0,0,0,0,0,0,0,0,0,0,0,0,0
-256,3,-3,-26,-9,29,-9,-35,-14,-27,-23,-8,-13,-27,-16,10,15,16,14,7,-7,-8,3,-15,17,6,-20,23,-13,-8,45,-12,4,-7,13,12,10,2,-40,14,16,-24,-240,-25069,-25225,-25185,-25190,-24728,24940,24704,-24959,-24713,24460,-24465,24489,-24738,-112,-2,-11,5,-13,18,-41,16,23,-17,-4,-5,-19,-10,-8,8,1,-7,-18,-11,4,-9,-1607,-1616,-1626,-1653,-1583,1616,1570,-1570,-1596,1393,-17651,-14590,-17728,-16164,-15844,16006,15824,-16015,-15836,15706,-15703,15700,-15849,-60,-12,-4,-11,0,-34,-14,-21,12,-16,-2,10,-1,-19,19,6,32,6,-14,32,17,24,14,-28,-32,-7,-3,-4,15,-38,-4,-15,1,2,-20,-3,-22,-23,-8,6,-27,-6,-16,-12,19,14,2,-1,-36,-21,9,1,10,-8,9,4,-26,34,10,8,-11,-18,15,-1,-7,3,-5,-3,-22,4,3,8,-19,-4,-2,21,-14,-20,6,-8,-9,12,-13,-10,15,14,-33,-23,-15,-9,1,-21,-16,3,9,1,-2,6,-10,5,17,-16,-13,-15,-14,-11,9,1,-22,-1,1,-27,-19,-2,8,22,11,-20,8,-23,-17,-26,-7,-8,5,-1,-6,-30,-30,22,-7,0,0,0,0,0,0,0,0,0,0,0,0,0,0,0,0,0,0
0,-7,-23,0,5,2,1,-15,-1,-28,-16,2,5,13,12,1,25,2,-7,-11,1,-3,-10,6,5,-37,-6,16,9,2,5,-26,-17,7,-1,-13,12,17,7,-9,6,-30,-254,-25061,-25191,-25204,-25176,-24697,24966,24685,-24928,-24699,24454,-24482,24463,-24721,-112,-16,1,-17,-23,4,-1,-35,20,-32,21,-1,-42,-2,-18,21,5,-31,-22,3,-11,-55,-1561,-1594,-1638,-1601,-1579,1611,1604,-1591,-1569,1447,-17584,-14597,-17763,-16212,-15867,15986,15871,-16009,-15851,15687,-15665,15719,-15860,-35,-15,-8,10,-4,12,-10,-33,23,2,-17,-14,18,8,-40,-17,7,-22,23,7,19,23,30,-19,-5,-14,-10,-9,-30,59,-9,8,0,25,-9,-42,6,-29,9,-24,-23,-23,4,8,-18,-31,-10,-2,-12,12,10,-13,5,-23,-1,-1,20,-13,-10,31,4,3,-7,6,-11,-30,1,18,-16,14,17,-7,-31,1,-16,-3,14,1,-5,10,-12,-7,-7,-6,6,3,-19,7,21,-10,-20,20,-2,-8,7,5,-13,14,7,-1,15,-17,-13,7,7,12,-22,-2,-1,-2,14,6,8,-15,-6,-8,9,-2,21,8,-12,-12,2,-18,-1,-8,-3,-14,2,3,6,0,0,0,0,0,0,0,0,0,0,0,0,0,0,0,0,0,0
-256,-7,12,-27,-5,-15,16,9,-24,-13,-4,-19,6,-14,11,11,32,-12,7,-13,24,24,-11,5,6,-8,-18,11,15,9,23,-18,9,-1,3,-8,-14,-2,7,-20,9,17,-238,-25076,-25174,-25203,-25188,-24711,24952,24666,-24975,-24690,24467,-24469,24479,-24735,-124,-7,-7,-25,11,-9,10,-22,14,-5,-4,5,7,-4,-27,-39,-26,-8,-23,-20,-15,-28,-1620,-1622,-1635,-1623,-1607,1588,1584,-1611,-1589,1393,-17684,-14610,-17767,-16166,-15826,16023,15877,-16060,-15861,15683,-15677,15702,-15828,-57,-24,17,0,4,-20,-18,1,-14,30,11,-19,13,-15,2,9,0,-29,-42,-40,-10,3,2,-12,-56,-32,-19,-32,-12,-37,-7,-11,-14,-25,29,-41,-14,-10,-14,5,-8,13,-1,8,26,16,9,16,-7,22,-8,-19,-23,23,-14,-11,10,-31,-11,-18,7,-17,-15,-2,8,30,2,-16,-23,8,35,-10,-4,16,23,-16,-27,9,-11,-25,-12,4,-29,7,-15,9,-12,-19,-12,-7,-15,-14,6,3,4,-18,-3,9,7,7,-28,1,-14,-2,15,4,8,1,-15,-24,7,-23,-22,-10,-7,11,9,-30,-5,-14,13,-8,20,20,-25,3,-20,-3,12,11,-7,0,0,0,0,0,0,0,0,0,0,0,0,0,0,0,0,0,0
-256,-14,-3,-7,-22,-10,-5,1,-14,-15,-27,-13,-16,0,3,-14,-31,-3,1,12,4,19,-17,3,-25,13,-7,15,10,-6,12,-1,1,5,4,4,4,-15,-9,-3,-15,-12,-260,-25076,-25174,-25178,-25198,-24707,24953,24672,-24999,-24697,24492,-24478,24462,-24711,-100,11,6,23,1,12,6,-2,-13,-25,6,-13,-4,35,-7,-31,-3,-14,2,5,5,-13,-1637,-1624,-1625,-1623,-1580,1589,1599,-1631,-1568,1464,-17667,-14595,-17744,-16177,-15827,16017,15843,-16001,-15816,15660,-15668,15684,-15880,-74,-15,-13,-10,28,7,26,55,2,-24,-27,2,-12,-23,10,10,-43,23,29,-30,-39,0,10,2,20,14,-12,20,4,-4,2,7,6,-5,-9,-7,-35,12,1,-16,3,5,12,-9,9,10,11,3,-24,-14,38,-8,19,23,9,7,17,-8,-16,33,7,-21,-2,-1,-21,-6,0,4,14,17,-3,-24,-10,16,-16,18,13,-18,-9,-20,10,-8,7,-5,-18,-24,-11,10,2,7,5,-8,11,-13,-7,-21,-15,4,5,-35,-29,12,-7,8,-7,-9,-18,19,10,22,-5,4,-2,-7,-4,-1,18,-7,-34,-3,1,17,3,-5,-23,-19,-5,10,-14,3,-3,0,0,0,0,0,0,0,0,0,0,0,0,0,0,0,0,0,0
-256,-2,4,-11,-21,9,16,-6,14,-29,-20,-19,-20,-21,-20,-4,-6,-18,-2,17,17,8,14,0,3,-30,-4,-14,-3,-1,3,8,5,18,-4,-4,9,8,9,-13,-7,-5,-246,-25094,-25190,-25169,-25196,-24705,24951,24695,-24971,-24700,24439,-24494,24465,-24727,-117,21,-23,3,9,-4,-5,-6,14,0,-8,-29,-37,12,28,-13,-25,3,-3,10,-15,-17,-1608,-1602,-1623,-1573,-1610,1602,1559,-1559,-1565,1414,-17640,-14572,-17734,-16177,-15812,15987,15843,-16013,-15832,15651,-15683,15695,-15878,-94,1,-46,17,34,-6,-30,25,-16,6,14,-5,16,28,-1,34,34,-18,-13,29,-34,-15,-20,15,10,14,0,-17,-23,0,-11,23,-23,21,-9,9,-14,1,13,19,39,-4,-5,5,-35,-23,-18,-27,2,-1,-10,-17,-11,7,2,-11,17,-5,-4,-16,-19,-7,9,-15,-9,1,20,-6,-10,15,-1,-29,3,-14,-14,5,17,22,1,-15,-8,-5,13,1,15,1,-3,-19,-13,16,-23,-4,0,-12,16,1,-13,-20,-16,-2,-1,16,-19,-1,-5,-5,14,29,-25,-13,25,3,-12,3,-9,18,-5,11,-1,-16,-34,-10,5,-45,4,-10,-14,-8,-29,3,-18,0,0,0,0,0,0,0,0,0,0,0,0,0,0,0,0,0,0
-256,-24,-8,10,1,1,2,8,-8,-4,-13,-8,13,-10,-5,-17,-6,10,-10,-19,5,16,11,-1,-5,11,-16,-17,-12,-10,-21,-11,9,9,-10,-5,14,-24,-11,-1,-13,8,-262,-25075,-25191,-25171,-25181,-24712,24973,24699,-24971,-24718,24459,-24467,24450,-24716,-115,12,1,7,8,-7,-31,-13,-13,-33,-6,2,-29,-26,25,-2,18,-30,12,-13,-9,-29,-1603,-1647,-1600,-1632,-1601,1618,1568,-1614,-1625,1415,-17644,-14584,-17745,-16177,-15827,15974,15856,-15976,-15856,15677,-15707,15702,-15858,-71,6,0,2,-26,9,2,-34,-15,22,-26,12,1,-5,-36,-5,-34,-8,2,9,-22,-4,19,-22,-15,30,3,38,-9,-28,-42,-11,30,-14,4,15,-13,-3,-10,13,-15,9,0,20,5,6,-8,-7,5,3,-10,-2,23,9,15,-13,22,-19,16,1,-16,-15,1,3,-14,-34,10,-17,-13,-5,11,1,6,-5,-11,-4,-5,-11,-2,14,8,-29,-2,-16,18,-1,-9,-28,1,-27,-6,-17,3,-5,1,-4,8,11,-18,-19,2,2,-7,13,-16,5,-2,-1,-6,-20,11,-10,-4,6,3,-2,-5,-2,-5,-25,3,-12,-11,-4,-20,3,5,4,-3,5,14,0,0,0,0,0,0,0,0,0,0,0,0,0,0,0,0,0,0
-256,-11,-37,-3,-15,9,-2,-16,3,-13,18,47,-3,-10,4,19,8,-8,-30,-20,-6,17,31,-20,-2,13,1,-9,1,-21,4,6,9,-4,24,25,-3,3,-21,20,3,-20,-246,-25091,-25190,-25177,-25178,-24720,24950,24689,-24959,-24718,24482,-24470,24460,-24708,-115,23,0,0,-3,-8,14,-3,-10,13,7,-6,22,-17,7,3,-18,0,16,-8,-6,-30,-1574,-1598,-1588,-1626,-1569,1612,1543,-1647,-1620,1383,-17667,-14573,-17720,-16174,-15824,16021,15874,-16047,-15851,15697,-15689,15713,-15833,-101,1,14,-10,-41,-33,14,-20,26,-10,9,-22,-24,58,3,-34,-24,3,2,-2,4,2,-23,-15,11,-10,20,-39,-19,-4,10,-18,5,-7,-7,-24,-24,-22,-35,16,-32,8,29,12,-14,8,-4,-10,5,16,-19,-17,-13,10,-23,-7,16,-4,1,-15,9,-12,-19,-7,0,10,-1,-7,-11,15,-6,7,-28,-13,-13,-19,-23,-19,-8,-1,19,2,-7,-2,-11,-14,-3,-18,-31,-16,6,-23,13,3,22,6,8,7,9,4,4,-11,9,21,-3,-17,29,-23,29,-14,-22,8,-12,5,-7,-3,-5,1,-13,-41,-5,-15,-12,-3,-4,-7,-6,-9,-16,-20,-20,0,0,0,0,0,0,0,0,0,0,0,0,0,0,0,0,0,0
-256,-29,-18,-25,-2,12,17,15,-8,-24,-3,-10,-28,-21,-13,-10,-4,-9,-7,4,3,-23,-10,6,15,6,17,-14,-11,12,12,-2,5,-1,-20,4,-23,-9,-26,-16,5,-11,-242,-25081,-25189,-25188,-25196,-24690,24973,24695,-24967,-24686,24463,-24468,24467,-24716,-122,-34,-1,0,15,-23,12,0,5,12,-4,-5,-28,13,0,-6,-9,-31,6,17,0,-10,-1615,-1618,-1615,-1620,-1541,1542,1575,-1592,-1601,1394,-17649,-14605,-17720,-16181,-15880,16018,15845,-16009,-15830,15701,-15711,15717,-15861,-102,2,-4,-18,-19,-84,30,14,-37,26,6,30,17,7,28,-21,-12,-19,-5,24,-30,8,17,2,12,-31,-11,23,-35,21,-24,4,1,-25,-3,-4,-12,42,14,-17,-8,18,-5,-35,-13,-6,-9,-8,-12,-9,2,-4,-9,-19,-34,-13,-4,-10,-18,18,27,-28,10,-16,14,0,14,-11,-18,-3,5,-1,-15,-4,-24,2,9,18,6,-13,-17,25,33,14,14,35,-26,-16,-25,-3,-24,19,-18,-10,14,-3,-4,11,5,-21,-19,12,4,-17,-8,-14,-16,-20,-15,3,10,3,-11,14,-1,-33,-14,6,7,24,5,21,8,-6,6,-22,-17,-10,13,0,-9,0,0,0,0,0,0,0,0,0,0,0,0,0,0,0,0,0,0
0,17,13,1,-25,-8,-9,7,0,-10,7,-21,-3,23,-4,-27,-2,-31,13,9,0,-19,-36,4,5,10,2,-1,8,-27,0,11,15,-24,-12,7,-10,-16,-2,-11,-7,2,-244,-25074,-25158,-25188,-25187,-24697,24947,24691,-24957,-24679,24504,-24468,24462,-24725,-120,-13,-2,-11,-44,45,-23,-8,-9,-5,-15,3,5,36,25,27,8,2,4,-11,6,-17,-1606,-1625,-1640,-1666,-1612,1572,1568,-1592,-1586,1414,-17642,-14606,-17730,-16165,-15854,16026,15846,-15995,-15809,15697,-15664,15646,-15869,-66,17,-2,-5,7,-38,-18,-27,-15,-4,15,-19,-17,-12,-8,-19,4,-23,8,10,50,-7,-18,-42,-16,-19,2,-7,6,-29,-12,-27,-26,-2,-7,-26,-3,15,6,9,11,-13,-6,-15,7,-1,-11,-3,-9,22,35,-14,-10,-6,13,8,-8,18,-1,-37,4,-6,-12,9,-16,4,-6,14,1,2,0,-34,0,10,6,5,-21,-11,17,-14,13,8,-18,11,-12,-42,6,7,-19,2,9,-13,8,14,3,16,-7,-3,18,11,5,32,6,-22,16,-27,5,18,7,-17,-22,64,-1,-7,-7,-19,12,-12,-16,-8,18,-15,9,-16,-27,-18,20,-7,12,3,13,0,0,0,0,0,0,0,0,0,0,0,0,0,0,0,0,0,0
-256,1,-27,-6,20,6,-5,-27,13,7,-3,5,5,7,-6,-7,-28,3,3,34,2,9,-19,44,-15,-8,-9,-17,-21,5,-10,6,-20,-20,3,-7,-9,4,-11,12,11,7,-252,-25096,-25203,-25200,-25198,-24713,24965,24684,-24988,-24689,24468,-24468,24483,-24713,-131,-13,-13,-2,-27,9,-13,2,-15,-38,-3,-25,-14,-14,-12,-4,-8,3,-12,12,-34,-7,-1605,-1618,-1593,-1652,-1560,1606,1583,-1609,-1621,1388,-17666,-14588,-17730,-16145,-15873,15991,15887,-16002,-15818,15673,-15711,15699,-15853,-82,41,0,12,23,-6,-14,-5,5,-26,-25,19,-5,2,-39,-17,-17,-17,-5,34,1,-3,-32,-8,-18,12,19,24,0,-27,-17,42,33,11,-32,-6,-10,-53,-6,-9,-16,16,-11,-15,-9,18,5,26,-15,-7,-7,2,-34,-16,13,12,-21,5,-5,-4,-8,-16,2,-11,-13,16,17,18,-5,-14,-43,-5,-28,13,-19,-3,-19,0,-7,-12,2,-30,-5,-28,1,-5,11,-19,13,13,13,13,-12,18,-3,16,27,21,10,-9,-32,-22,-10,-16,-15,-5,-5,-14,-19,12,25,14,-9,13,12,2,-13,-10,9,13,-5,-18,20,-5,-22,-26,-11,-6,8,-9,17,0,0,0,0,0,0,0,0,0,0,0,0,0,0,0,0,0,0
-256,-23,2,23,-9,-15,-25,-19,-5,-2,11,-6,12,-1,-27,-12,-1,-5,14,-8,21,20,12,-19,-9,-14,-27,-4,-21,4,2,10,4,-11,-4,27,-25,0,5,16,3,-15,-269,-25085,-25207,-25189,-25201,-24694,24972,24698,-24954,-24719,24465,-24486,24488,-24722,-103,10,-51,3,37,-2,-24,-9,-11,4,-26,-20,1,-33,-42,35,-41,-16,-28,27,12,-10,-1619,-1634,-1613,-1641,-1603,1608,1617,-1604,-1563,1396,-17686,-14600,-17742,-16149,-15828,15973,15833,-16036,-15879,15656,-15722,15728,-15851,-83,-16,-30,0,-8,-16,2,9,11,20,-33,37,-16,11,-15,4,-9,48,5,-13,-13,0,-2,35,18,-19,-17,-10,-15,22,2,15,-8,16,-16,17,2,-20,23,7,-10,-54,-26,15,-14,16,7,-5,21,8,14,-11,-17,-1,-30,-6,-10,6,-21,-8,-24,7,-11,0,22,-5,-8,-7,12,-9,-5,19,-8,23,-2,-5,-18,6,-5,-22,20,-9,10,3,-26,-25,11,13,-10,-10,-7,7,-6,3,1,5,-6,-4,1,-5,8,-9,-8,5,-26,15,1,-5,-15,7,-16,-22,-24,-3,-15,-31,-9,17,12,1,2,19,4,-21,-42,-12,5,-6,-11,-31,1,0,0,0,0,0,0,0,0,0,0,0,0,0,0,0,0,0,0
-256,8,-12,-6,-10,-17,7,-13,-29,21,-16,-3,8,5,-20,-6,-15,18,-11,-13,-3,3,11,-5,-3,1,-3,16,0,23,14,16,-9,36,-27,28,9,9,4,5,-19,-38,-243,-25075,-25183,-25198,-25200,-24687,24940,24700,-24976,-24709,24479,-24459,24498,-24746,-130,8,28,8,36,-17,6,-16,11,1,-15,4,5,-12,12,-14,-26,-29,-4,-3,-2,-15,-1608,-1625,-1615,-1641,-1611,1603,1582,-1572,-1604,1433,-17594,-14605,-17761,-16191,-15820,15997,15823,-16035,-15871,15692,-15681,15705,-15841,-88,29,-1,26,28,15,16,-25,12,-20,-5,9,22,5,-3,19,-17,8,-26,-14,-16,-3,5,-9,5,-25,-40,-60,-7,-9,15,-5,-10,-3,-4,-42,-20,-8,-18,-10,8,-7,-7,21,2,39,-16,29,-8,8,-28,-2,-25,7,-3,4,-13,6,-24,-21,-19,22,-3,-38,9,20,-4,-3,-18,11,21,-2,-17,1,2,-8,4,-7,11,-1,-13,10,14,-1,4,-31,22,-18,-1,-11,-1,-9,3,16,-15,-13,20,-26,-11,-10,-22,6,-9,4,-3,-10,4,-15,-28,-9,-24,-12,-12,-15,5,-14,3,9,-1,-11,7,1,6,10,-5,-27,-7,6,-24,9,-10,0,0,0,0,0,0,0,0,0,0,0,0,0,0,0,0,0,0
0,9,-18,-3,3,2,-13,51,-6,-8,-29,4,2,-10,6,-9,-10,14,-13,-1,-8,9,12,-6,13,-13,-34,-26,-7,2,-11,6,-19,-7,-42,-10,11,-9,-12,-10,15,-7,-241,-25105,-25184,-25178,-25169,-24708,24960,24695,-24978,-24707,24481,-24481,24454,-24706,-107,-31,-15,-1,-1,-1,-11,2,8,-8,3,-6,-16,-16,-19,-4,-8,-4,-23,1,31,9,-1672,-1620,-1647,-1598,-1587,1587,1569,-1625,-1592,1414,-17672,-14588,-17721,-16153,-15873,16005,15836,-16012,-15825,15668,-15689,15715,-15879,-58,-10,-29,11,9,4,32,37,11,-4,32,12,-7,-28,-31,27,-32,-29,4,20,-10,2,-25,34,5,8,-10,-12,15,-3,-8,-11,7,-23,11,21,-13,16,-7,-17,12,-26,17,31,-29,-22,-7,-10,10,4,-16,-6,-4,-12,-9,-1,-13,-39,-6,6,26,-10,32,21,9,32,-28,3,-2,-1,-11,2,19,-4,-14,-16,8,-34,-9,26,-5,10,-6,-13,5,-16,-24,-13,-12,-7,-7,1,10,-8,-10,-37,6,-3,-15,-7,-10,-16,20,-14,9,-2,-9,-16,-9,-10,-4,4,-9,-28,-14,-19,-27,-19,-16,16,-8,29,-29,1,-6,7,-9,-20,-20,10,-10,0,0,0,0,0,0,0,0,0,0,0,0,0,0,0,0,0,0
-256,-19,12,25,22,8,-15,-15,-20,27,15,-4,-28,-15,-11,-3,25,-24,12,-9,-17,-10,-9,3,18,-4,17,2,-3,5,3,3,-1,-20,14,-11,0,-4,-30,-11,-1,-13,-252,-25099,-25200,-25172,-25179,-24685,24968,24693,-24979,-24688,24480,-24450,24471,-24710,-116,-51,-16,-23,3,17,-12,-2,-17,12,22,5,-12,-31,28,5,11,-22,21,9,46,-45,-1614,-1594,-1615,-1654,-1568,1578,1624,-1549,-1542,1386,-17603,-14604,-17761,-16170,-15854,15981,15847,-15995,-15858,15691,-15688,15672,-15877,-65,2,-15,0,-22,9,-4,19,-17,-13,-5,11,-37,-48,-14,-30,10,-5,-28,-29,9,-14,-7,6,-15,-9,10,-13,-22,5,-43,41,-42,-30,-3,-15,-40,-41,-4,4,-6,13,9,-30,-1,0,-14,-2,-5,29,18,-9,25,4,-3,-10,-38,-33,7,2,10,-15,-29,6,-3,18,-17,-21,-10,2,-11,-6,-33,-9,-6,-5,15,-11,-2,-13,-17,-4,1,-14,4,3,-12,-2,-6,-6,-18,17,5,10,8,14,9,13,-13,-14,7,-12,2,14,15,13,-26,6,-19,-15,11,-32,-29,-4,-15,-6,-5,-9,-7,-12,-4,2,-6,-3,8,-32,-7,12,-25,-9,16,0,0,0,0,0,0,0,0,0,0,0,0,0,0,0,0,0,0
-256,-7,-28,5,3,4,-26,3,2,8,-2,-16,-10,0,-20,-3,0,-10,9,1,6,-5,13,10,-27,-18,-3,14,1,1,-45,8,10,-3,-16,-1,-20,-18,8,-11,-18,5,-247,-25079,-25183,-25159,-25180,-24677,24969,24668,-24993,-24690,24426,-24451,24484,-24710,-95,-7,4,0,-12,-10,-8,-31,-10,6,23,-15,-7,-9,-14,-5,-15,-20,14,-19,-28,-16,-1623,-1599,-1639,-1617,-1605,1601,1591,-1595,-1575,1456,-17644,-14609,-17715,-16187,-15825,16013,15850,-16049,-15813,15691,-15699,15690,-15829,-57,18,-25,-31,-29,-37,13,11,-37,-31,16,-30,22,-28,-16,18,-26,13,1,3,-29,7,-10,-9,-24,26,9,19,29,-34,-20,17,-3,-56,31,-44,30,-16,-42,15,23,-17,-3,-15,5,-11,-1,-3,-2,15,-2,-5,-11,10,-15,9,-12,-16,16,-2,-22,26,-1,-25,9,11,3,15,12,-1,3,-10,12,-4,-6,10,-7,-27,-3,10,19,12,-11,3,-14,-11,-2,1,-38,-5,13,8,-1,-16,-3,2,11,-16,15,-1,-15,5,-11,-9,6,-13,6,1,11,-22,2,-26,21,-2,-23,-12,10,-16,12,1,-30,17,7,13,-3,-21,-7,-24,-18,14,-12,0,0,0,0,0,0,0,0,0,0,0,0,0,0,0,0,0,0
0,-12,-17,9,1,-20,0,-30,-5,-23,16,5,-23,-4,-40,8,2,-7,-23,-6,7,-23,3,-20,-2,-1,-16,7,-12,2,-16,-12,12,9,31,-3,-5,-13,-10,-20,-16,-15,-247,-25076,-25194,-25207,-25195,-24697,24938,24693,-24968,-24695,24470,-24452,24456,-24737,-107,-4,-2,-22,-2,4,-16,29,12,43,13,-15,-6,1,-44,-11,-45,-10,6,18,0,-4,-1654,-1602,-1632,-1606,-1591,1627,1595,-1578,-1551,1409,-17665,-14589,-17721,-16157,-15890,15999,15832,-16008,-15889,15715,-15733,15669,-15822,-80,11,-11,-1,2,0,-5,12,-16,34,1,5,11,37,-9,-31,-20,36,-4,-23,34,-51,-24,-26,14,29,-21,-19,25,28,-8,-10,-10,-20,-4,12,-34,28,18,-19,31,6,5,-26,1,-8,-29,-15,16,0,3,-2,2,16,-37,-19,-15,-26,-7,-2,-14,14,31,-6,1,2,-1,1,-16,9,-6,21,25,-6,-1,-8,-11,35,-12,3,-7,-7,-10,-1,-10,12,-17,7,2,12,-5,2,-34,-15,-2,-32,15,4,-9,-13,-15,9,6,6,9,4,-30,-10,5,12,-16,-22,-4,-7,-19,4,-9,17,-14,-14,7,25,-15,1,-24,-10,0,27,3,24,21,0,0,0,0,0,0,0,0,0,0,0,0,0,0,0,0,0,0
-256,-3,16,-3,8,11,11,-18,-25,0,3,-7,6,0,-9,-13,11,7,-7,12,16,5,2,-10,-17,14,-41,2,-24,-9,21,3,-30,-1,-11,-14,-6,-12,3,18,-2,-6,-238,-25088,-25182,-25200,-25202,-24711,24957,24710,-24992,-24679,24466,-24481,24476,-24709,-131,-19,-46,-21,3,31,0,-12,22,22,-15,12,-40,-1,-6,-40,-33,-37,-6,21,-29,-12,-1631,-1622,-1634,-1655,-1575,1585,1641,-1584,-1582,1427,-17634,-14607,-17806,-16177,-15845,16006,15860,-16006,-15855,15669,-15682,15715,-15870,-75,6,-9,4,7,27,-8,-8,-9,-15,30,4,12,18,28,-17,9,1,-29,2,-12,1,43,-12,-1,-12,5,-31,2,36,-1,-22,-26,-33,35,-7,-27,-17,-2,-27,2,-9,-7,8,15,3,6,24,-12,-9,-11,4,4,-5,6,-12,-8,0,10,-23,-1,-6,-6,23,1,0,6,-22,-16,-25,6,7,15,-23,-5,-23,-8,-10,-13,-11,-11,-19,-26,5,12,-2,-9,5,0,8,17,-13,4,-18,-14,9,14,0,1,-7,-1,-7,-12,4,3,-13,-18,-1,2,-17,6,1,-17,-25,6,-2,-32,-25,1,-2,0,-7,-3,-34,0,-17,4,-9,-16,1,2,0,0,0,0,0,0,0,0,0,0,0,0,0,0,0,0,0,0
-256,1,-17,-10,-25,-12,7,0,9,5,-17,-5,-17,-12,-13,3,2,-24,-2,-4,13,-12,-13,-8,-12,5,1,7,-4,0,2,1,-10,-23,18,-9,6,-4,13,6,-16,-28,-249,-25073,-25204,-25208,-25204,-24705,24931,24701,-24967,-24685,24474,-24494,24462,-24687,-127,-4,1,4,-7,-27,-25,-20,5,10,-43,-12,1,-29,-11,-18,4,13,-18,14,3,-33,-1603,-1626,-1602,-1589,-1621,1566,1635,-1628,-1615,1423,-17687,-14578,-17711,-16165,-15839,15985,15863,-15986,-15857,15709,-15711,15698,-15879,-47,-9,30,-9,10,51,-18,-35,40,-24,3,-21,26,15,31,-38,9,-15,-8,25,11,11,2,10,19,-3,-8,3,-23,2,18,-8,-14,5,-42,23,-10,1,13,-19,-28,31,0,31,16,3,5,-24,-31,-18,-11,-34,20,-26,1,-6,-18,24,-27,-22,17,-13,-13,-1,-5,-29,-6,1,-4,18,7,-11,32,-13,18,-7,0,18,-14,-8,-14,23,4,3,-13,-5,-6,18,18,-7,-21,-1,-10,10,7,12,25,-2,3,0,-2,-13,9,0,24,-20,2,14,6,-11,-6,-4,6,-14,14,18,-8,-1,5,4,-15,-16,21,-19,2,-31,-23,20,-19,0,-8,0,0,0,0,0,0,0,0,0,0,0,0,0,0,0,0,0,0
-256,-3,-25,-3,-30,11,5,9,13,-12,-13,-14,15,8,-12,-6,-4,0,21,-7,1,22,-20,-10,-1,4,0,6,-6,-39,-6,13,25,-8,-12,26,-15,12,-14,13,-12,-14,-241,-25086,-25188,-25198,-25191,-24710,24962,24708,-24965,-24681,24476,-24453,24494,-24730,-93,-8,19,-4,-16,22,8,3,1,7,-17,-8,-24,0,-15,10,-9,-11,-16,-11,3,-4,-1631,-1620,-1614,-1590,-1554,1589,1584,-1637,-1604,1403,-17613,-14550,-17750,-16177,-15878,15985,15815,-16046,-15823,15695,-15698,15683,-15882,-78,23,-36,33,18,5,-53,-26,5,-4,1,11,-19,26,5,-8,-8,4,6,-7,-7,-35,12,-34,11,11,-2,-27,38,-4,-25,-2,6,34,-28,-49,16,2,-22,-21,-1,-10,8,-4,-4,-10,19,-15,-2,3,7,2,3,-24,-35,-15,-8,-2,-1,-5,30,15,6,-23,-10,2,-13,-12,-29,-19,-4,-3,12,-14,-10,-14,1,-15,9,-34,15,-15,16,0,-1,7,-13,3,13,-12,-7,-11,-7,9,-17,0,-27,-15,21,-4,12,-15,-3,12,-8,-25,-4,-8,10,2,-4,-10,-37,-3,-8,-5,25,11,-11,-12,-7,0,21,6,27,17,-21,17,-24,-7,-20,0,0,0,0,0,0,0,0,0,0,0,0,0,0,0,0,0,0
0,-21,-18,13,-21,-7,-2,6,11,-16,-7,-29,-4,0,11,-7,16,-15,-8,9,-6,-9,-24,-9,-1,-3,-7,-9,-25,-2,7,-17,-19,-2,-5,-12,-10,19,-3,-22,-26,-21,-256,-25059,-25177,-25233,-25175,-24713,24943,24673,-24931,-24711,24447,-24475,24470,-24715,-109,-17,20,20,18,-20,-5,-1,-8,-11,45,-27,-41,-22,6,-23,12,0,-23,21,-12,-52,-1629,-1638,-1588,-1599,-1588,1585,1590,-1584,-1592,1395,-17604,-14601,-17725,-16171,-15865,16049,15816,-15999,-15884,15679,-15687,15709,-15842,-99,-9,24,-6,-18,-27,39,18,34,-6,-11,-43,-5,-11,-7,-25,-16,-8,16,-28,-54,-5,-15,2,-32,24,4,-11,1,20,4,-34,-4,12,18,-10,-20,-29,6,19,-9,8,-22,-3,-26,-17,0,7,0,9,1,2,-8,-8,-11,2,8,5,3,-11,-23,-8,1,5,-5,3,-23,-4,9,-27,-12,12,-1,33,-11,-26,-6,-18,-18,-23,10,-15,24,-14,9,-19,9,-19,20,-10,9,0,-8,13,-17,10,8,-14,-18,2,-7,-37,23,12,-3,14,-9,1,20,-4,-28,15,-8,12,-17,8,-3,-12,31,6,-9,-2,2,15,-21,-24,-14,-17,4,-2,27,0,0,0,0,0,0,0,0,0,0,0,0,0,0,0,0,0,0
0,-28,-26,-32,-26,-7,5,-23,-28,-41,12,11,15,-32,-8,-9,-16,37,0,3,6,-10,17,-14,14,-2,-4,-14,22,2,-14,-2,27,-2,28,13,-1,-19,-25,-16,-7,-15,-241,-25087,-25201,-25175,-25190,-24703,24992,24709,-24943,-24687,24461,-24491,24485,-24709,-102,-9,33,-2,-6,18,34,9,30,-34,-34,-19,-22,-14,-36,2,-32,-9,-2,2,1,-20,-1638,-1619,-1636,-1659,-1606,1578,1612,-1565,-1599,1433,-17635,-14607,-17715,-16162,-15845,16022,15878,-15987,-15839,15702,-15675,15687,-15819,-99,30,-14,41,11,-5,26,25,-10,19,18,20,17,-13,-1,0,-19,-20,13,15,33,-18,37,15,37,21,-16,37,-41,-2,-27,14,-41,8,5,-3,46,-38,-2,-19,13,16,8,-27,3,-4,1,-6,-7,-11,-20,14,5,8,8,0,9,5,-28,-25,10,-25,10,-17,2,-14,10,-15,-20,4,-8,10,-9,-7,-16,-1,-39,-2,-15,-8,-1,-18,-11,1,-13,-14,9,-7,-7,-11,-15,12,-14,0,7,27,21,-1,4,1,1,-10,-21,-2,8,-16,3,3,-28,6,9,-22,14,-10,10,4,-27,-18,1,-28,-3,-3,5,-4,-26,-15,10,-6,14,-16,17,0,0,0,0,0,0,0,0,0,0,0,0,0,0,0,0,0,0
0,-8,27,-12,-13,1,0,-23,7,-2,-8,2,9,9,13,2,-31,-2,10,18,-12,22,-12,3,4,10,-24,3,-5,19,-10,-10,5,0,3,-10,-25,-3,15,-13,17,-5,-254,-25122,-25178,-25167,-25191,-24701,24953,24683,-24964,-24698,24468,-24484,24478,-24716,-115,13,0,-26,7,-15,-7,-17,19,7,-6,7,3,15,-33,-3,-1,32,2,28,3,-33,-1633,-1618,-1624,-1614,-1600,1601,1573,-1603,-1620,1395,-17638,-14575,-17739,-16197,-15875,16007,15835,-16016,-15862,15664,-15668,15702,-15842,-93,-58,-29,-11,-25,-25,2,-43,-46,-7,6,-15,-6,-47,-1,-19,-12,-11,-33,13,20,21,0,18,-5,-25,25,0,32,-16,-6,21,23,-26,23,-5,-7,-30,-31,5,-6,-38,-7,34,12,8,29,-2,-15,-7,-4,-26,-12,23,15,12,-21,-10,-3,5,10,5,25,19,-13,-12,-3,6,-8,-17,7,-21,-9,-16,27,-8,-30,15,-25,-3,-19,5,3,6,2,9,3,10,-9,12,7,-26,8,-9,-1,-23,3,15,8,-14,-6,7,-4,1,-1,8,9,5,-18,12,8,-16,1,-20,-16,22,11,-34,-16,-8,2,-18,-16,-24,1,-18,15,-7,-24,-16,-16,0,0,0,0,0,0,0,0,0,0,0,0,0,0,0,0,0,0
-256,0,-14,30,-8,-21,2,7,0,-10,10,4,27,-18,-15,-3,-4,-3,-14,9,-8,-14,-18,-5,7,-8,-6,-3,-1,-17,8,27,-12,-14,9,-42,-12,16,-3,1,-15,9,-233,-25084,-25185,-25189,-25199,-24710,24953,24679,-24958,-24717,24479,-24487,24474,-24720,-112,-2,-2,6,11,-13,0,4,17,32,32,-8,-15,-19,-7,-5,-26,19,11,-19,-2,-6,-1583,-1621,-1594,-1568,-1550,1575,1606,-1573,-1577,1403,-17625,-14605,-17741,-16177,-15800,16036,15855,-16014,-15827,15695,-15713,15708,-15839,-47,-41,3,-18,7,-21,-32,-26,-17,24,-6,18,-31,52,-10,12,0,-25,-14,-9,4,-1,-15,3,-30,-6,-12,-10,-10,-6,-6,9,-31,14,-33,-51,17,19,-21,3,-35,8,27,-15,25,-23,19,-11,27,4,-17,-16,11,14,-20,-11,5,-19,5,0,-12,7,-12,-3,-8,-19,-6,-18,-12,-28,-2,-17,11,28,27,-4,-7,-14,-8,-16,8,-27,6,18,-25,8,22,14,-1,-9,-11,4,15,-31,2,-9,17,23,-17,7,-3,-5,2,0,8,-19,-2,-23,-16,8,-1,-2,-18,-13,15,-14,3,9,-6,-33,-3,12,-17,-14,-1,-2,13,-9,-25,3,-38,0,0,0,0,0,0,0,0,0,0,0,0,0,0,0,0,0,0
-256,7,-9,-12,20,24,-2,2,12,10,-14,-9,-21,-18,-27,2,2,14,-22,-17,-10,3,-14,22,22,44,-18,-30,-5,-3,24,0,14,-20,-20,-8,13,-7,-25,2,-17,14,-234,-25097,-25190,-25193,-25185,-24680,24940,24706,-24947,-24689,24454,-24466,24460,-24702,-114,3,22,-8,-9,2,4,-6,21,28,-15,11,0,-22,41,12,12,-37,-34,-2,-6,-43,-1599,-1604,-1649,-1580,-1558,1601,1563,-1621,-1593,1395,-17666,-14592,-17765,-16189,-15830,16049,15855,-16016,-15823,15713,-15650,15697,-15847,-94,-23,-8,-19,-4,31,10,-35,-2,-10,10,-10,23,-3,8,-36,-22,-1,3,-15,-14,5,41,10,-42,-7,39,-6,-21,-13,-26,10,-8,-26,-21,-46,-1,-33,1,4,-28,4,7,-4,-20,-10,-14,-5,-22,-6,6,-7,5,-14,0,25,-15,-16,-32,-8,11,-11,-35,12,8,10,13,11,10,13,5,-14,-28,-18,-23,-13,-36,9,0,-7,-26,20,-7,3,-7,9,-15,21,-3,-18,-16,-2,5,6,5,-3,6,-15,5,-9,-19,-2,16,-3,-2,-11,-1,-1,-16,-10,-8,6,18,-6,-7,26,-14,-11,-6,10,-20,12,-6,-32,-24,-23,4,0,1,-12,25,0,0,0,0,0,0,0,0,0,0,0,0,0,0,0,0,0,0
-256,-15,-3,-11,0,7,23,-5,11,5,-16,-23,-23,-1,-22,2,-31,5,15,9,-2,-4,-19,6,-17,10,11,5,-30,-9,-3,0,7,-15,8,-2,11,-10,-30,-11,-16,6,-265,-25096,-25157,-25196,-25200,-24680,24984,24705,-24962,-24724,24448,-24455,24473,-24710,-107,-10,-16,-17,-25,6,-1,-7,-23,17,-12,-8,-45,-18,-14,0,-10,13,3,-12,27,-70,-1578,-1613,-1606,-1612,-1613,1613,1604,-1661,-1595,1434,-17647,-14590,-17720,-16146,-15841,16036,15834,-16067,-15824,15697,-15673,15661,-15883,-79,5,-16,-22,-7,21,12,16,37,-35,24,-11,3,11,-22,-24,10,20,-44,-2,-21,-6,22,4,-12,-49,23,-30,-33,-2,-16,25,-39,-34,-8,15,35,-1,-2,3,-16,-12,-2,-9,-2,-20,30,-32,-16,21,32,16,3,-19,23,-10,-16,-14,-9,-4,-7,-12,-4,-36,1,-7,-8,-48,2,7,-27,-7,9,17,-9,-1,-13,-28,12,-1,-16,26,0,15,4,14,-1,-30,-4,12,-8,-2,-15,-21,-12,9,-5,9,-2,11,-11,16,5,10,25,25,-14,-8,3,-3,-9,-37,3,-14,-18,-8,9,2,-14,-30,-12,-12,-13,-7,-1,-6,-11,-36,-50,-34,-11,0,0,0,0,0,0,0,0,0,0,0,0,0,0,0,0,0,0
-256,-1,-22,-9,9,25,5,-3,-7,-18,-23,-12,-21,0,-10,26,-12,19,-5,12,-10,4,-10,-10,-15,7,2,8,6,11,10,-20,-13,1,-8,-10,13,-8,-7,-2,-6,-9,-256,-25109,-25204,-25204,-25213,-24711,24979,24685,-24968,-24700,24453,-24495,24480,-24703,-116,-17,-12,-3,-12,-24,-5,13,-11,-16,6,-28,-2,19,14,-24,-28,-23,7,-6,-35,-9,-1605,-1632,-1628,-1619,-1591,1578,1550,-1622,-1567,1429,-17648,-14600,-17749,-16140,-15882,15998,15845,-16000,-15823,15696,-15696,15698,-15834,-40,-11,-6,-14,-37,-20,8,19,-39,-6,-36,-14,-26,4,-32,37,-3,-17,-10,-1,-39,-50,7,12,-17,15,-17,12,23,-20,-12,4,10,-34,-26,-3,-24,22,0,-2,-17,-20,-14,8,-10,-14,-13,-10,3,-7,4,-15,-5,7,16,10,-22,-8,32,-16,-3,-19,-2,2,-47,-42,-11,-20,-13,-13,-4,-13,10,22,7,-3,-11,-21,-8,-7,11,-10,-18,-9,-1,-16,-15,27,21,-5,-6,-7,4,-2,15,-27,14,12,11,23,-23,-21,-15,-20,14,-19,-6,-2,-20,26,-16,0,34,26,-13,-15,-1,-10,21,2,-22,-19,7,14,6,-10,-8,6,-17,-7,-8,0,0,0,0,0,0,0,0,0,0,0,0,0,0,0,0,0,0
0,-12,7,-7,-12,-12,-3,-9,-2,9,-14,-38,-15,1,-5,-5,2,0,0,-32,-33,-43,-8,1,26,20,-15,-3,-15,45,1,-5,4,15,7,-9,-7,-27,-14,-2,2,2,-249,-25064,-25197,-25184,-25169,-24735,24951,24704,-24971,-24717,24473,-24474,24470,-24745,-111,24,16,-16,-4,-12,23,8,0,-16,-13,15,16,-32,10,17,-11,-1,-24,35,1,-22,-1636,-1622,-1654,-1601,-1561,1610,1601,-1610,-1597,1418,-17653,-14606,-17759,-16173,-15838,16003,15853,-16017,-15869,15669,-15722,15705,-15878,-97,-18,-13,2,8,-10,-25,34,-20,30,28,22,7,-3,5,7,24,2,-14,18,-15,4,1,-13,-20,-8,0,9,-6,-19,-53,-43,-37,-18,19,-15,10,41,0,4,4,-8,19,2,-11,-23,2,-7,2,19,-18,-26,9,3,-9,14,-21,1,-9,-9,-7,14,-29,-6,2,16,28,-10,-4,-4,7,4,-9,34,-18,-6,-17,0,-5,-26,14,-21,5,-23,-18,-32,13,-14,1,-5,-21,-7,-7,8,-8,6,10,-9,-6,9,-12,-8,14,0,18,-9,-26,-31,12,-10,24,-42,2,10,-17,-28,24,17,-1,-3,1,-17,4,5,-46,-11,-19,6,-8,-4,-49,0,0,0,0,0,0,0,0,0,0,0,0,0,0,0,0,0,0
-256,-7,15,-15,17,-20,6,-12,-13,7,5,1,19,15,-3,-24,15,-13,21,1,-38,-4,-33,-17,1,-18,2,29,12,13,-10,-3,8,9,2,18,-28,-14,-16,-3,1,18,-255,-25085,-25184,-25203,-25174,-24707,24947,24676,-24968,-24709,24453,-24464,24456,-24714,-124,19,-4,-13,1,-20,20,-20,-30,2,-14,32,-26,0,-7,-5,-30,9,-10,15,-9,11,-1620,-1620,-1620,-1643,-1594,1619,1567,-1618,-1591,1405,-17622,-14559,-17692,-16151,-15824,16002,15834,-16034,-15834,15706,-15726,15659,-15859,-113,-38,-34,-30,-10,-21,-7,7,10,-7,-17,-32,1,29,-46,13,-13,-12,-41,-12,5,-46,13,-8,-47,9,17,-2,2,11,-22,1,10,-5,-23,-23,-22,26,-38,17,-29,-17,-11,-10,-7,14,17,7,-5,12,-1,-14,-8,-14,-13,9,2,-12,-7,-12,-16,20,9,18,6,2,-2,1,-10,24,-21,9,18,29,1,-6,19,-6,-9,-19,6,-23,-11,-8,6,-2,-6,-14,-13,-10,-8,11,-18,-18,-26,-34,-2,33,-25,-6,-10,10,-10,-18,7,-13,12,11,-7,-14,-20,4,18,-30,-7,-13,7,-4,-4,3,5,-3,21,-12,-14,7,4,-15,-2,9,-3,0,0,0,0,0,0,0,0,0,0,0,0,0,0,0,0,0,0
-256,8,4,-23,-8,4,-31,-14,-13,-13,18,26,-6,-9,-8,-4,15,0,-4,-13,3,-24,-4,-16,0,-18,-5,-8,15,10,-22,-5,18,-11,2,17,1,-11,14,-9,-10,7,-241,-25094,-25200,-25190,-25203,-24702,24968,24706,-24924,-24696,24468,-24459,24463,-24724,-134,-2,-13,-18,14,29,-29,-43,3,12,-9,5,-40,11,-39,25,1,-17,-26,-5,-3,-21,-1592,-1629,-1600,-1618,-1574,1596,1577,-1619,-1593,1407,-17665,-14571,-17746,-16182,-15819,16022,15863,-16027,-15828,15684,-15661,15685,-15851,-106,-35,-34,3,27,29,6,-42,-10,-6,-35,32,1,8,-19,-10,20,31,-11,18,-8,-7,-36,-9,-30,3,-36,-11,9,-7,-9,1,-25,-42,-43,1,-29,-18,-25,-9,28,7,-6,-1,-2,10,-16,14,-5,27,5,3,11,1,25,10,-29,27,-16,-4,9,-26,-45,22,12,1,-15,5,12,27,-21,-18,-4,-49,-25,-15,16,-9,-11,-22,1,-6,-1,1,3,-24,27,-8,-12,32,4,8,-13,-21,29,5,-13,5,-18,4,7,-45,-1,15,6,-12,-21,1,-2,-19,22,16,-8,27,-24,-20,-14,-11,-4,-18,-6,-3,0,1,-1,-5,10,7,-48,-14,29,0,0,0,0,0,0,0,0,0,0,0,0,0,0,0,0,0,0
-256,-23,-7,-10,-17,-15,-13,7,-18,-9,-27,-16,4,-12,17,1,-1,10,12,2,3,-3,8,1,-6,3,-7,-14,-21,2,-18,15,-4,-36,-13,-24,-2,11,10,6,3,-8,-259,-25088,-25171,-25187,-25181,-24719,24978,24709,-24961,-24712,24486,-24490,24472,-24695,-126,-9,-1,-2,4,-19,8,-4,-1,17,-24,0,-3,11,19,-18,-10,11,-10,22,-33,-10,-1592,-1591,-1578,-1615,-1625,1600,1583,-1566,-1560,1420,-17665,-14602,-17749,-16148,-15811,16008,15820,-16005,-15845,15708,-15724,15678,-15830,-118,2,56,9,-20,-36,2,-9,-44,-2,7,-62,-9,-25,-33,-16,-23,-23,5,-20,-13,4,14,2,14,-4,28,-51,-34,-10,-13,3,-49,-11,-19,-33,-8,14,-9,-39,-27,-2,-9,6,-18,2,12,-7,18,20,-4,0,-5,-23,-6,-4,7,-9,7,-3,-4,13,25,12,-4,-12,-17,-6,-16,-12,-3,-27,-5,0,-22,9,-20,-14,-15,19,-6,5,-2,-6,-7,12,15,-16,-8,-9,11,0,-21,-11,4,-20,13,9,-11,12,-17,-5,-2,12,-5,2,5,-4,6,-2,-29,16,-1,5,10,6,-10,19,-3,-20,2,12,-22,8,5,-9,30,-2,16,-5,2,0,0,0,0,0,0,0,0,0,0,0,0,0,0,0,0,0,0
-256,-5,-3,11,3,17,-19,4,3,-21,-15,5,-3,-7,-9,-13,6,-18,12,-16,-18,-17,0,-2,-11,2,-17,1,-15,1,3,-14,-5,-6,-16,-9,17,5,-3,-3,-20,-19,-243,-25078,-25218,-25179,-25200,-24714,24961,24733,-24971,-24685,24434,-24463,24477,-24741,-104,3,6,5,-12,0,-2,-11,-12,-21,26,-9,-16,-25,1,-23,-15,-6,23,-13,-28,-20,-1623,-1572,-1611,-1654,-1641,1576,1560,-1636,-1555,1407,-17680,-14593,-17746,-16165,-15844,16004,15806,-16001,-15855,15706,-15662,15702,-15876,-106,-29,-53,-28,8,35,1,-6,-27,-28,13,13,-23,-36,-42,19,-30,8,1,26,-3,-10,34,-66,-31,-34,11,-21,24,-31,-33,18,-32,-8,22,-29,2,20,-19,-13,-9,3,-3,10,6,-4,-2,-14,-12,-24,-13,4,-3,-7,-15,-4,-36,8,-28,-18,-20,8,-5,6,-19,-10,-10,15,-8,-10,-7,13,-2,8,-2,-18,-2,-25,-27,-23,14,15,-20,-14,11,-13,1,0,-20,-23,-5,11,16,-10,2,-2,-6,-9,-22,2,2,8,5,-4,-22,8,8,7,15,3,-7,-10,-2,-20,4,-9,14,-5,-16,9,-19,-1,6,5,0,-15,-43,-4,9,-19,-5,0,0,0,0,0,0,0,0,0,0,0,0,0,0,0,0,0,0
-256,-13,-10,-8,24,-11,-9,17,0,-7,16,-5,-7,-6,3,-8,-27,-1,0,-14,2,-4,-3,18,3,-11,3,5,0,-2,-19,-3,-12,2,-10,-35,-3,-2,0,3,18,18,-255,-25095,-25173,-25196,-25172,-24727,24952,24706,-24957,-24713,24451,-24484,24502,-24740,-95,-13,-10,-15,-15,-4,-26,-12,-1,13,37,-23,-2,1,-5,-13,-19,22,-8,-1,-6,13,-1616,-1622,-1583,-1600,-1579,1591,1565,-1600,-1573,1405,-17638,-14535,-17725,-16193,-15868,15990,15845,-16013,-15806,15673,-15723,15682,-15851,-77,-19,-20,0,-10,21,-26,-16,7,37,2,-28,8,-22,51,40,-20,-23,-32,-9,-23,13,1,18,-10,-19,-7,-17,2,28,6,-25,33,-3,-8,-41,39,21,-5,9,-16,17,-10,-34,27,-11,-25,-5,-15,12,-28,11,10,1,-13,3,7,-10,2,10,6,-16,-8,2,-13,-6,12,-17,-11,12,-3,-15,5,-12,-21,-23,7,-1,-10,9,-21,-24,11,6,2,18,7,-11,-16,4,-19,1,-11,4,-23,7,-14,-24,-16,-9,23,20,12,8,-6,-17,-8,12,-11,-16,5,-9,10,8,-10,-25,-22,-9,-12,2,-5,-13,-1,-12,-3,-6,-23,-6,6,8,-10,0,0,0,0,0,0,0,0,0,0,0,0,0,0,0,0,0,0
-256,4,-6,-1,-8,-10,-11,-1,-9,-31,-13,1,-1,-4,-2,-16,-4,6,2,5,0,-17,-4,-10,7,-9,27,7,-14,-13,32,-28,-17,-22,9,-9,8,-11,6,-1,-20,-26,-255,-25078,-25191,-25183,-25206,-24698,24935,24682,-24974,-24692,24439,-24467,24463,-24728,-110,-25,-5,10,0,-3,-22,6,2,-17,-10,6,-6,-42,-54,16,18,-21,-7,5,-22,-36,-1607,-1591,-1656,-1629,-1577,1608,1558,-1600,-1590,1403,-17674,-14637,-17711,-16144,-15863,15979,15800,-16055,-15871,15667,-15695,15670,-15874,-102,-21,-4,6,-18,-12,6,3,6,1,7,21,-7,12,-29,-1,-38,25,-21,-20,24,-11,3,30,21,15,-1,-10,-4,7,24,1,-6,-24,-3,21,5,34,-7,39,9,4,-1,-11,-8,20,-1,-29,-9,12,-8,-18,-5,-6,-6,11,-4,13,-24,1,-19,6,-18,-10,2,3,-1,9,-12,17,13,-28,-8,-23,12,-17,-4,-13,0,17,6,13,-3,17,6,-10,11,1,-22,-6,18,-14,8,-1,-22,-14,2,-8,-5,-17,7,-33,9,-7,-12,1,-31,-5,19,-27,20,-3,-26,-2,-12,-17,-7,10,-3,15,25,15,2,-3,-11,-10,-18,9,3,11,-8,0,0,0,0,0,0,0,0,0,0,0,0,0,0,0,0,0,0
-256,-10,-7,22,-27,-13,9,-5,14,16,-22,7,4,-9,21,-9,9,-17,-8,1,-8,6,-13,4,-7,-24,-19,20,-7,-33,-18,-7,-35,-3,-17,-9,0,-3,-17,19,-12,-8,-249,-25092,-25179,-25236,-25197,-24699,24962,24711,-24968,-24706,24462,-24467,24478,-24740,-143,14,-28,-7,-13,15,-17,-19,21,-13,22,-26,-6,-39,-15,-8,-7,-27,-12,-38,-12,-20,-1641,-1624,-1605,-1618,-1625,1602,1568,-1601,-1603,1443,-17667,-14567,-17699,-16199,-15853,16042,15792,-16005,-15838,15701,-15687,15706,-15830,-88,19,25,7,2,-31,39,-25,-17,16,-11,-32,-1,8,-10,15,-21,-2,14,-7,7,-12,-13,13,52,-26,-10,-28,47,-8,-12,18,-14,-26,24,22,-6,-10,15,-6,28,-8,13,27,14,-5,-16,0,-6,0,-3,0,13,8,-18,-15,0,-13,5,4,15,-9,23,-9,-26,7,-23,-30,10,-11,-9,-19,2,12,-1,7,5,20,19,-2,8,-3,-7,1,1,-5,-34,-19,-21,3,-17,-4,-8,14,-4,3,3,-18,3,3,16,-6,4,2,-35,-14,-16,-12,-14,-5,33,-15,-13,4,-15,-9,-32,6,-36,4,-7,-13,6,0,-7,-37,-8,-13,2,-4,-8,0,0,0,0,0,0,0,0,0,0,0,0,0,0,0,0,0,0
