0,7,-6,11,6,0,0,2,-21,15,15,-16,-17,-1,5,10,-3,6,-3,5,-1,-2,-1,-6,-6,-23,-12,-34,6,-18,-13,-9,15,23,-4,-1,-21,11,-12,12,-22,-23,-257,-25047,-25195,-25199,-25216,-24704,24961,24684,-24972,-24676,24483,-24492,24455,-24694,-113,4,-1,-23,3,-3,-1,-1,-19,-8,8,-17,23,3,-18,8,-22,-4,-5,41,-8,-10,-9,24,10,-74,-72,-66,-75,-79,92,78,-76,-84,-119,-19683,-19618,-19774,-19685,-19289,19533,19295,-19512,-19303,19098,-19135,19143,-19320,-69,13,5,-29,-7,30,-13,13,-7,4,16,-4,-6,-72,-2,-4,5,14,1,13,-15,32,3,-4,-15,-4,0,-19,21,3,-36,-3,20,-16,9,-3,8,2,-20,32,2,-19,6,1,20,7,1,-8,-13,47,18,-10,9,8,11,9,-27,-3,9,-25,5,5,-5,-19,-8,-31,-4,-5,-8,-13,4,9,-8,11,23,-10,-2,6,13,-34,-37,-7,-16,1,36,-7,2,19,-20,8,15,-27,9,-24,6,-1,-25,-14,-25,7,-1,-5,6,-5,27,-17,-3,4,-6,-7,-1,9,-5,-13,-9,6,0,0,-27,-13,13,-25,-5,5,7,-25,6,14,0,0,0,0,0,0,0,0,0,0,0,0,0,0,0,0,0,0
-256,7,0,-6,6,14,4,-6,-33,9,-21,11,8,10,20,-4,-2,-3,-8,-12,-15,25,14,3,-20,-20,-15,-3,1,15,-25,2,21,-6,-9,-2,-14,26,-22,1,-3,-7,-229,-25093,-25159,-25188,-25190,-24682,24942,24679,-24960,-24687,24438,-24483,24478,-24735,-129,-21,-1,-8,-10,5,7,6,-26,-16,-22,-2,-22,-12,-14,-16,-23,31,-9,41,34,-38,-44,-4,-13,-43,-65,-93,-48,-110,30,58,-60,-104,-122,-19663,-19658,-19763,-19699,-19301,19541,19300,-19500,-19311,19117,-19095,19099,-19306,-106,7,53,21,19,28,-1,-37,2,30,26,-18,-27,-23,-16,8,23,-4,-9,-17,24,-44,16,-31,6,6,-22,-24,12,-12,-2,-7,-15,-15,-12,19,-19,-13,-12,5,33,6,-20,16,-1,-2,10,-9,2,22,3,-2,7,-3,-34,14,-10,-5,8,4,-6,-26,1,3,8,-44,-19,-2,-31,-5,3,16,-9,-4,13,-24,-16,-24,-35,-17,-4,6,-8,17,-12,-16,-23,6,-6,2,-23,-4,-5,-1,11,-10,-16,-13,-7,-5,-3,2,-53,14,-16,12,-20,6,13,10,-5,27,9,-6,-26,-16,20,-13,6,-38,17,-2,21,-4,-19,5,32,-20,0,0,0,0,0,0,0,0,0,0,0,0,0,0,0,0,0,0
0,6,-39,0,-18,0,-2,2,-3,-5,-26,9,-29,-29,1,-8,29,1,1,-18,-16,5,-24,-8,-3,5,-8,-7,16,-16,-27,7,-23,-20,-18,-5,2,1,7,4,-12,-17,-245,-25072,-25166,-25219,-25197,-24699,24983,24668,-24937,-24684,24483,-24496,24456,-24710,-148,21,-7,13,9,11,14,13,20,-23,6,-20,-21,-27,-15,3,16,-31,28,-33,0,-23,-16,-22,-10,-113,-81,-66,-77,-51,92,74,-53,-89,-147,-19660,-19652,-19783,-19708,-19313,19511,19251,-19501,-19302,19142,-19156,19125,-19332,-100,6,-7,47,-25,0,-10,-39,-4,-47,30,37,6,-69,-20,-11,-3,-29,-48,37,14,5,-20,-38,-4,-9,17,-3,-4,21,8,-34,-22,-22,-49,15,9,28,-21,1,-7,2,-3,11,-7,0,-15,-2,-3,-3,-23,-42,-1,-17,-22,-17,-4,-4,-6,-4,-2,-4,-12,-1,-7,5,4,0,-20,4,-27,-13,-25,3,-24,0,-27,-23,-14,5,13,-18,-16,-12,-7,-18,11,-10,-1,-27,-35,-15,-14,-4,-18,-9,7,-19,38,-19,15,-16,24,34,-7,8,1,-19,-31,-17,1,19,-1,-17,9,1,-23,6,-5,-2,-33,-5,16,24,4,11,2,-6,0,0,0,0,0,0,0,0,0,0,0,0,0,0,0,0,0,0
0,1,-21,-19,5,14,-10,-2,-8,-14,-37,-5,-11,-11,23,1,0,-15,9,-26,-12,-24,-23,20,-4,4,6,-9,-17,-7,17,-9,-10,16,11,12,-24,12,-29,-10,-3,-34,-230,-25079,-25190,-25184,-25173,-24690,24969,24677,-24975,-24692,24447,-24480,24472,-24714,-116,8,-20,-24,-1,25,1,15,-23,-19,-3,10,-14,-3,-18,-16,5,-4,-16,-10,6,17,-2,-34,55,-106,-100,-99,-83,-75,93,41,-56,-72,-140,-19670,-19586,-19754,-19702,-19314,19512,19285,-19538,-19316,19133,-19107,19113,-19309,-93,-23,30,29,1,-5,-40,17,-6,28,2,42,55,-29,-7,25,-17,35,-5,19,-12,-28,-4,-5,32,-21,-11,-57,-16,2,-9,13,-18,17,-3,3,9,1,-28,20,-23,1,-3,-19,-4,16,-3,-29,-13,-12,9,9,3,-3,-24,18,-10,0,-23,17,11,3,8,-4,-22,2,7,-4,-9,1,17,-22,16,-23,-24,-1,23,-10,-10,6,-3,-9,-11,-7,26,20,-3,23,4,-23,-10,-13,-28,7,12,15,-3,8,2,-12,-34,-22,-7,-8,-9,-13,24,16,3,-20,-9,-15,-20,-27,5,-32,-35,-11,-1,-18,-1,-5,12,-11,4,14,-15,1,0,0,0,0,0,0,0,0,0,0,0,0,0,0,0,0,0,0
-256,-7,-6,4,-6,-25,-13,-10,-4,-5,-9,-14,-1,18,-2,-3,-8,-2,19,-1,17,6,12,-14,-9,-2,7,31,-12,2,-7,6,-29,4,1,-31,-15,-1,-20,11,2,20,-236,-25087,-25175,-25162,-25186,-24692,24948,24710,-24949,-24718,24475,-24494,24490,-24698,-120,-6,-7,-4,-2,8,8,3,20,0,16,-24,-8,10,9,-16,11,3,-1,-14,19,17,-11,-12,10,-54,-75,-72,-107,-63,28,79,-85,-85,-100,-19667,-19661,-19744,-19693,-19310,19502,19286,-19506,-19262,19150,-19121,19125,-19336,-72,-7,55,-23,-8,-24,35,-23,-2,-17,-3,-11,-49,13,17,-47,-38,-10,-34,0,7,-9,-47,-27,20,6,-12,-18,-58,-39,-25,-8,-28,-1,-20,34,-17,-22,-7,-6,-41,3,1,-21,-30,3,7,-17,4,-24,7,8,-1,-5,4,1,-18,-37,-10,24,2,-21,-23,18,14,-3,4,0,4,12,-3,-1,3,-10,32,-19,-3,5,-2,-38,-2,-5,12,10,12,-16,-6,-3,-12,15,-10,25,10,1,0,8,25,1,-2,11,-30,8,-5,19,14,-37,-21,-4,8,27,-10,8,-16,-10,-9,-13,-22,-9,-17,22,-7,2,-16,4,7,27,0,20,0,0,0,0,0,0,0,0,0,0,0,0,0,0,0,0,0,0
-256,-2,-26,-24,-25,-8,5,-17,-13,5,-24,-5,20,-12,0,-16,1,14,-8,2,23,-12,-21,-5,-16,17,-9,-17,2,-20,-30,-26,14,-7,-20,-2,21,-10,-6,2,-13,-18,-275,-25078,-25208,-25206,-25206,-24707,24940,24693,-24980,-24682,24464,-24498,24464,-24740,-104,-15,-22,-4,5,-6,-7,-11,-24,30,7,32,32,28,16,0,11,4,6,-26,-9,-24,-36,0,-7,-46,-98,-68,-52,-54,72,67,-44,-47,-104,-19650,-19644,-19756,-19641,-19319,19529,19256,-19517,-19338,19105,-19150,19117,-19333,-66,9,-32,18,-18,4,-17,17,-6,-28,-13,-8,0,51,-29,-37,-19,-11,-6,-31,3,8,-6,-3,2,-19,-25,26,10,29,46,19,19,-42,-43,-26,-17,9,-5,6,-9,-3,-4,9,13,-4,-13,7,7,11,4,25,-13,-8,7,-16,-9,-7,20,-17,1,11,-10,14,15,20,-35,8,-4,10,0,2,6,-8,1,29,-9,-17,13,-3,-3,3,-9,18,11,13,6,23,1,-12,-12,16,10,-1,2,-17,-26,-20,-1,-4,11,1,5,26,-10,-25,-31,11,-6,11,5,10,-17,-2,13,11,-1,-30,-1,-21,-11,3,-5,8,-32,0,-5,2,0,0,0,0,0,0,0,0,0,0,0,0,0,0,0,0,0,0
0,-21,20,-5,9,-20,7,1,2,-31,4,16,1,-6,34,-37,-8,6,23,23,-5,10,-7,14,27,-23,-21,10,-30,-2,-9,-17,-17,-29,12,0,2,-17,-12,-13,-1,6,-227,-25076,-25198,-25190,-25182,-24704,24930,24681,-24977,-24687,24453,-24470,24472,-24711,-126,-5,6,3,7,1,-20,-41,-5,18,-25,-27,14,6,8,-16,-31,-16,0,-7,-13,-2,6,-10,4,-73,-46,-45,-75,-89,35,57,-92,-59,-154,-19702,-19605,-19770,-19693,-19302,19506,19273,-19518,-19296,19110,-19155,19116,-19291,-96,21,22,6,-2,1,-45,37,-8,-12,13,-29,-40,31,56,0,-14,-40,-21,-3,-1,4,-28,-7,-41,-24,0,-6,-10,-19,4,20,17,25,9,-31,-14,-6,25,-17,0,-16,-2,-24,4,6,6,2,-9,-2,-13,-16,-14,-3,-9,-11,-8,-6,24,-2,-15,-1,22,-7,9,1,14,-8,-14,3,7,-5,1,9,-2,-6,18,-21,18,2,-4,5,-3,-2,-3,2,-13,-17,9,4,-15,-16,-4,9,-21,-9,6,-11,0,-1,-7,25,-3,4,-32,-1,-10,-8,-3,3,16,-11,-13,15,9,-5,-11,-17,-13,-14,4,2,-4,8,-14,-27,-26,-17,0,0,0,0,0,0,0,0,0,0,0,0,0,0,0,0,0,0
-256,9,-15,16,22,13,-21,-27,11,-5,-5,-3,-7,-11,-3,-9,-14,2,-18,26,7,4,16,9,3,5,8,38,1,-25,-2,-17,-2,8,16,5,0,4,-4,-19,-11,15,-246,-25096,-25195,-25205,-25188,-24714,24984,24706,-24970,-24716,24475,-24458,24483,-24732,-119,21,2,-13,-8,-30,23,-22,-15,2,-17,-38,9,-9,-8,-5,-15,-23,-40,17,20,-33,7,-8,-11,-84,-56,-83,-110,-99,72,46,-58,-87,-182,-19690,-19661,-19786,-19707,-19309,19508,19316,-19535,-19322,19087,-19166,19092,-19310,-90,1,-7,-57,-14,-28,15,-11,-2,7,-15,5,47,-59,-22,-38,-10,-47,0,11,11,-2,-5,16,36,2,28,-6,-26,-26,-10,21,-4,-40,-3,-17,-24,-20,-5,-19,-9,9,-23,-16,-9,-19,2,13,-1,4,14,23,-16,23,-6,12,-1,-7,-16,-11,6,-20,2,-9,-21,14,18,22,-17,2,-4,-20,15,5,-17,-5,-10,-4,6,1,11,-12,-11,-27,-11,-6,4,3,10,-27,-4,8,18,17,-21,25,-16,9,-22,-12,-23,19,-1,15,7,-14,-6,-30,-3,-12,5,-1,-28,5,3,3,6,21,-11,-10,24,-22,-5,8,4,11,17,-11,0,0,0,0,0,0,0,0,0,0,0,0,0,0,0,0,0,0
0,8,-4,-19,23,8,-5,3,0,-2,0,19,-21,8,-10,-15,-20,-23,23,-16,-26,7,-63,5,-6,-12,-5,-8,-8,-2,-16,-5,-12,9,22,2,-22,2,6,-38,-16,-17,-237,-25075,-25201,-25191,-25218,-24713,24975,24699,-24991,-24695,24469,-24470,24482,-24709,-137,0,-15,-21,-37,19,-18,10,-21,5,-39,47,13,27,9,22,4,-22,-12,-19,-3,9,37,-41,18,-94,-79,-80,-101,-38,49,87,-65,-85,-141,-19668,-19640,-19761,-19646,-19312,19483,19322,-19530,-19304,19112,-19106,19147,-19342,-61,-13,0,-12,17,0,-20,21,-7,-2,-23,-3,-14,-28,-5,15,-19,-8,2,43,19,-11,27,-29,-43,26,-12,-38,-9,-11,-14,-37,9,2,-34,18,-23,-20,-1,-34,17,1,8,1,-4,14,8,6,-11,-22,2,-36,-10,14,-2,-33,-19,-36,11,6,-10,13,23,5,-18,1,-1,-21,0,-25,-8,19,-5,-18,2,-5,16,1,-11,-6,-10,-3,16,9,1,13,-11,2,4,-21,-21,9,28,4,2,-14,-3,-15,-6,7,7,16,-3,-14,15,7,3,-21,-35,-12,-13,-3,-14,-23,16,13,-11,15,8,8,21,-13,20,-1,1,3,-10,-8,0,0,0,0,0,0,0,0,0,0,0,0,0,0,0,0,0,0
-256,-14,-15,-18,4,-7,-2,10,-17,1,-9,24,-17,14,8,-9,-20,-12,2,-2,-3,-3,-19,-3,-5,-18,-14,-8,-13,-3,2,10,-1,-2,16,8,-7,20,-7,16,-2,0,-250,-25062,-25188,-25183,-25168,-24675,24957,24678,-24956,-24719,24467,-24500,24470,-24716,-131,-22,-21,14,9,32,11,-19,13,-2,-12,32,-32,-8,-14,-8,-4,-26,-4,-28,25,59,-8,10,2,-102,-93,-77,-133,-34,107,68,-48,-90,-133,-19717,-19640,-19728,-19663,-19312,19523,19299,-19501,-19310,19097,-19123,19140,-19321,-77,-6,-13,-8,-15,12,-25,13,-24,14,-52,-23,0,-29,-13,10,1,-7,-26,-1,-36,-26,-6,4,-33,26,-11,-29,-6,26,-10,3,-33,-9,-1,8,-4,-12,2,-41,11,-20,-9,0,1,-7,-9,-8,-8,-8,12,-2,-4,5,4,8,-25,-18,-2,9,22,2,-9,-10,4,-21,-6,-8,5,-20,-10,13,2,2,-2,10,21,-12,-18,9,19,-2,-23,-12,10,7,-9,5,-1,-7,-4,-6,8,14,20,2,5,-8,7,-13,-11,-3,-2,7,-4,-4,29,10,-17,-29,-13,8,11,-13,-15,2,-4,-1,-9,21,-3,-2,5,-14,17,1,-14,10,0,0,0,0,0,0,0,0,0,0,0,0,0,0,0,0,0,0
0,-3,-4,-32,-8,-5,-29,6,-7,-7,14,30,-11,-10,-15,16,-11,18,8,-10,3,12,-6,-11,-7,-14,-6,0,-17,-14,5,3,3,3,2,12,12,-4,1,15,8,-14,-247,-25110,-25185,-25201,-25195,-24719,24970,24679,-24969,-24696,24468,-24487,24448,-24725,-95,-9,-12,8,10,-12,-22,0,-2,-20,-22,32,0,-27,-8,0,-4,-17,-8,5,8,-14,23,-1,1,-122,-51,-116,-92,-70,45,85,-96,-97,-109,-19679,-19608,-19745,-19697,-19314,19504,19316,-19524,-19310,19138,-19111,19103,-19339,-40,3,-2,-11,25,-18,-37,-18,-34,4,-33,22,6,21,-27,-22,-18,-22,-13,-15,-14,-22,-12,-26,6,-20,-4,-5,-3,6,7,41,-6,16,18,-21,28,-8,-5,10,8,-14,-8,-1,-9,-10,9,-9,9,0,6,-5,-21,-5,-36,4,-7,-30,-2,23,-17,-4,-7,24,-17,34,22,-1,-7,-26,-17,8,-29,-8,32,-6,-16,-13,-20,-3,23,10,-6,8,-7,8,7,-9,3,29,-12,-18,-13,-40,-7,10,-7,4,-5,-17,-3,17,15,-11,-5,-4,-5,22,-6,-35,6,4,-23,-6,0,-14,23,5,-9,1,0,-2,10,7,-18,-3,3,1,0,0,0,0,0,0,0,0,0,0,0,0,0,0,0,0,0,0
0,1,-16,19,-4,3,-12,-27,28,-11,-6,21,-3,-5,-2,-2,4,5,9,16,-25,-23,-19,0,3,-9,0,-2,-26,36,12,-34,-6,-17,-7,-24,11,14,-16,-8,-14,4,-237,-25093,-25177,-25204,-25203,-24707,24950,24700,-24968,-24708,24470,-24466,24484,-24696,-129,3,-4,-14,-13,-6,36,23,-32,-2,-15,22,2,-10,4,1,-23,7,-4,2,5,-7,-3,24,-35,-105,-89,-125,-80,-82,45,94,-74,-83,-132,-19669,-19640,-19770,-19686,-19314,19510,19278,-19506,-19314,19141,-19148,19114,-19308,-105,7,2,-23,39,21,-1,-22,7,-4,-9,44,23,51,1,11,-47,-25,8,7,22,-20,-16,-33,-25,-8,1,-17,36,29,-3,-62,7,1,39,-5,-13,-37,-17,5,-1,-2,21,1,12,-31,-27,-13,-9,-2,-18,-2,10,-30,-9,-4,14,3,-13,-30,-9,-3,10,-32,27,-23,1,-11,-11,17,2,-9,-8,-13,14,0,-4,-12,-9,25,-14,-10,26,-62,22,-3,0,1,-37,-13,-21,-9,15,6,-19,-39,0,10,-7,-11,8,-3,-9,4,-27,-8,16,14,-1,13,21,-16,-8,19,-6,13,21,-4,10,1,3,6,-24,-6,-6,2,-4,2,0,0,0,0,0,0,0,0,0,0,0,0,0,0,0,0,0,0
-256,-11,9,7,2,-7,-25,-6,6,1,6,4,22,-15,-2,-1,-6,24,-6,5,41,-1,-12,1,4,5,-4,-20,-17,6,-6,-5,-14,-8,-4,-21,13,-11,7,1,0,-14,-231,-25081,-25181,-25210,-25201,-24669,24958,24694,-24943,-24714,24463,-24465,24468,-24693,-134,-12,1,12,-4,-6,-1,0,-9,-1,-11,-6,-12,-8,-23,-24,-13,25,-14,2,-30,-17,-29,-11,28,-80,-73,-93,-81,-80,82,77,-64,-85,-110,-19677,-19630,-19769,-19689,-19307,19504,19261,-19499,-19322,19119,-19131,19118,-19329,-87,21,15,-4,-21,-3,4,-20,-33,3,-6,26,-16,22,8,49,-21,-15,7,10,25,-14,-40,-38,-19,-3,5,-14,-11,16,-21,15,28,15,-37,-8,14,-10,1,4,-10,-12,-10,-22,-25,22,1,19,21,14,-14,-13,-7,-45,2,28,18,1,9,-10,6,-3,9,3,-8,-11,-15,-2,3,16,-12,-5,-6,-6,-12,0,-12,-12,-7,-26,28,14,9,-18,-7,-2,-9,-16,15,-7,-3,-5,-7,-5,5,6,-15,-12,8,-4,-2,-13,7,4,-12,-17,-16,-37,-9,-5,-15,-5,-35,5,9,-6,7,-11,-8,9,-16,4,-6,9,-12,-13,-10,1,0,0,0,0,0,0,0,0,0,0,0,0,0,0,0,0,0,0
0,-8,2,13,-15,-35,2,-15,13,13,2,12,-31,-6,8,-9,-7,-15,5,-2,-11,-21,16,-1,-15,-27,6,-13,7,9,-26,13,-7,-17,-2,-2,6,-5,-8,24,-6,4,-236,-25093,-25189,-25186,-25205,-24685,24945,24656,-24977,-24687,24491,-24477,24497,-24752,-139,-11,2,-2,-1,-12,-6,21,18,-32,3,1,-8,14,-6,-23,-8,-13,8,-14,0,5,-39,-11,-52,-90,-53,-65,-62,-86,120,112,-100,-93,-140,-19681,-19635,-19784,-19701,-19326,19499,19310,-19529,-19317,19145,-19144,19106,-19293,-80,-39,-7,16,8,36,-30,-11,-7,0,0,-30,35,7,5,22,4,-13,-13,-6,32,0,14,-25,-8,-25,6,-3,1,-30,7,-41,-18,-11,-12,18,13,-6,-20,-19,-12,3,26,-8,21,-1,-6,-23,20,1,-2,-29,3,20,-23,-25,25,-15,1,-15,11,-16,2,-27,-11,0,-6,-12,10,10,1,-5,10,-10,-12,38,-18,11,-34,-19,-14,12,-8,-10,-1,-19,-4,-38,-7,15,-13,14,-8,-3,0,20,11,-23,-9,-2,-2,3,-4,38,-2,13,4,23,-8,4,2,5,-9,17,4,11,-33,10,0,2,5,-13,-6,-11,2,1,9,-8,0,0,0,0,0,0,0,0,0,0,0,0,0,0,0,0,0,0
-256,7,-3,-10,-46,-6,-11,3,-19,-3,10,19,-12,-20,-7,-14,9,-15,-12,-12,27,-22,-9,-25,-5,10,-16,1,0,-11,-14,-18,-6,2,2,-9,-11,11,-2,-6,10,-12,-230,-25074,-25196,-25192,-25207,-24692,24958,24697,-24957,-24695,24459,-24465,24480,-24713,-156,1,-25,-8,-18,0,19,5,-24,1,-21,13,5,21,-29,-33,17,-5,1,10,-20,-8,-7,-10,34,-64,-69,-59,-80,-81,108,57,-103,-110,-110,-19661,-19636,-19727,-19670,-19325,19496,19267,-19531,-19352,19162,-19089,19136,-19336,-95,-24,-26,0,7,-18,7,-4,-17,12,-22,14,-53,-16,-4,14,-33,40,-9,-33,11,-15,-5,-4,13,19,18,-3,29,-12,-9,-8,-32,-24,7,-14,-10,12,14,9,8,-16,-5,-4,13,6,16,0,-13,-27,10,-5,-8,4,-16,0,-2,23,-10,2,-5,-34,-12,-9,-21,-6,-13,-5,-9,16,-24,6,-6,-3,-22,5,-22,10,7,15,-8,-12,-18,7,3,-9,10,-35,-33,6,-16,0,-7,4,-4,7,-1,-11,-12,-5,-9,-27,46,-10,-3,8,-19,11,14,-15,-28,28,0,-17,11,-28,-13,-9,-11,0,5,14,-21,17,-2,-14,-20,29,0,0,0,0,0,0,0,0,0,0,0,0,0,0,0,0,0,0
0,-1,1,0,-22,-3,3,-14,-1,38,-1,-10,13,-12,-5,8,-8,-8,-12,6,-35,9,3,1,-4,17,-13,2,5,-8,4,12,2,-30,-3,1,-17,-6,-20,4,29,-2,-237,-25105,-25212,-25208,-25183,-24687,24970,24717,-24947,-24716,24471,-24451,24447,-24727,-105,3,-2,13,-11,19,13,-19,7,-6,10,20,-24,-7,19,23,-1,18,-3,14,-28,12,2,-9,-15,-100,-81,-54,-87,-66,55,84,-53,-107,-128,-19644,-19612,-19747,-19720,-19328,19514,19260,-19508,-19329,19121,-19119,19133,-19289,-83,4,10,-12,47,1,-18,-3,-6,21,9,-8,12,37,-13,11,13,3,-18,-23,-18,15,-46,-16,-25,12,17,19,8,-24,-11,-21,43,-3,-32,1,-30,-15,-13,0,-2,-7,-8,22,14,-14,14,0,-9,-5,14,4,-15,-5,-18,5,3,-7,-1,-7,5,-11,-8,11,-12,-17,3,5,-23,12,8,31,9,-16,0,-5,10,-17,-20,4,-3,-10,-9,-6,8,-7,12,7,12,5,12,-36,-16,1,8,9,-2,-5,12,9,24,6,8,-1,2,-6,5,1,0,17,0,14,-19,0,-25,-23,-3,-32,-24,-10,-1,29,-27,-5,0,-19,6,6,0,0,0,0,0,0,0,0,0,0,0,0,0,0,0,0,0,0
-256,-33,7,7,-17,9,-7,-4,2,-10,20,-13,-11,-2,-5,9,-17,-17,12,0,5,-27,0,17,-16,-2,-10,-2,2,11,-18,9,4,-2,-17,-9,10,12,9,-11,4,6,-239,-25105,-25176,-25162,-25187,-24720,24967,24696,-24973,-24693,24462,-24492,24469,-24731,-110,0,-1,-22,4,7,32,-1,23,7,-2,21,-3,7,-27,-23,-3,-7,3,-8,7,-21,0,-19,11,-97,-82,-102,-67,-88,68,65,-64,-77,-135,-19689,-19613,-19735,-19690,-19322,19465,19277,-19524,-19343,19120,-19101,19151,-19321,-122,-46,-8,-7,16,-8,-22,-18,-12,-7,30,16,-23,-9,-17,-30,14,18,-7,11,24,-33,-10,25,14,-5,-37,-7,2,-29,29,2,-7,23,-16,-8,-13,-17,-11,8,25,-10,-8,21,-3,-37,-12,-18,-10,7,13,1,-19,-18,-12,-22,-8,-30,-15,11,-3,-5,-9,16,-2,13,-11,7,-21,4,-7,-35,-4,-26,13,-26,16,3,11,8,-18,-24,1,20,-7,-14,-23,0,11,-23,-3,-16,4,5,34,-1,-3,-14,11,1,-14,-30,0,-11,-3,9,6,11,-27,-11,-39,-25,-10,-32,8,1,-20,2,-26,26,-22,10,6,-16,-3,-5,4,10,0,0,0,0,0,0,0,0,0,0,0,0,0,0,0,0,0,0
-256,-16,-45,-10,-8,-17,-19,-4,4,-8,-2,-19,-15,-12,-16,0,1,4,-20,-1,-12,9,-9,-13,-23,-8,9,9,36,-7,22,29,-15,-7,16,-6,-2,0,-48,15,-2,-16,-252,-25076,-25211,-25182,-25208,-24720,24951,24692,-24958,-24710,24443,-24490,24451,-24699,-112,-7,3,-20,-23,0,6,21,12,-6,6,-3,8,7,-13,6,5,-2,23,-3,-44,1,8,-7,-3,-97,-75,-61,-94,-65,59,59,-84,-49,-127,-19641,-19591,-19745,-19741,-19321,19503,19341,-19533,-19310,19113,-19158,19149,-19294,-111,15,-7,-16,-6,0,-10,28,1,8,4,41,-14,-55,4,-36,-15,-17,-17,25,-10,-2,0,-5,30,-21,4,-26,9,29,32,3,19,13,-7,24,-26,4,8,-9,-13,-2,7,-11,18,0,9,12,-5,10,4,-1,2,5,12,8,-21,12,2,-4,10,-4,-21,-1,-4,10,-15,-16,2,-36,17,-15,-34,-22,-7,4,-10,-11,-17,-3,-31,6,-44,7,-15,-14,6,-9,16,-22,-18,-27,-2,-23,17,-13,-26,4,-15,2,-5,-29,8,-5,-8,-4,-2,13,-14,3,9,-5,-4,13,-11,13,-25,-9,-2,6,-4,-17,0,-1,10,31,10,-42,0,0,0,0,0,0,0,0,0,0,0,0,0,0,0,0,0,0
-256,13,7,2,3,4,18,-3,-7,-17,1,-21,-4,2,-11,-11,-6,-9,-16,-5,-20,-4,-18,5,-17,16,4,5,-19,14,-12,-27,2,-1,-20,5,-7,5,8,-6,-25,22,-247,-25088,-25205,-25198,-25201,-24701,24945,24705,-24964,-24715,24484,-24472,24463,-24734,-101,5,-21,-6,-11,-3,14,24,-10,-2,18,-9,-49,-9,-19,-1,-5,-5,-11,-6,-3,6,6,0,-19,-91,-88,-77,-81,-62,73,54,-49,-29,-113,-19664,-19599,-19767,-19698,-19314,19494,19295,-19506,-19296,19092,-19136,19115,-19294,-89,2,5,6,12,5,-6,-6,6,-25,-35,25,-8,6,-14,-23,-14,22,7,-8,-16,5,-14,25,-15,-33,-26,-30,0,-4,17,33,-28,-22,-42,7,-6,1,-14,-12,-2,18,-4,-9,11,-5,-4,3,16,27,6,4,-6,-15,-1,-8,-10,0,-8,-11,-2,-14,5,19,-28,-1,-12,-24,-17,-8,-17,4,4,0,-18,-1,-9,-31,-8,-18,-1,4,8,-8,25,9,2,-19,-19,-11,5,-15,-2,7,-19,-6,28,-3,17,-23,12,-4,-17,14,9,5,16,-30,-16,1,7,17,-3,4,-3,-14,-1,-17,-14,-13,10,14,-21,2,-19,-18,3,23,0,0,0,0,0,0,0,0,0,0,0,0,0,0,0,0,0,0
0,-14,-4,-13,3,-4,-20,-9,-7,-11,4,1,20,-13,19,-2,-3,-5,-10,-4,-5,-2,-20,-20,-2,-5,-10,-12,-3,23,-10,1,-17,-1,-6,-12,-14,0,21,11,0,2,-262,-25086,-25226,-25191,-25202,-24705,24911,24693,-24970,-24692,24475,-24451,24468,-24718,-123,-2,-9,-11,-24,1,-2,-18,5,-14,-23,8,-27,-8,-17,-7,17,11,16,7,12,-11,9,15,1,-63,-66,-91,-44,-80,139,80,-20,-14,-113,-19656,-19608,-19766,-19690,-19284,19508,19285,-19489,-19299,19124,-19154,19154,-19350,-120,1,-19,21,5,-33,3,-5,-20,-7,1,-24,-10,-26,-30,-4,-8,-6,20,1,-31,-15,2,-4,3,24,-31,-8,-4,-10,-5,-17,-3,0,-12,-16,6,21,-20,-31,-4,-5,7,-8,29,4,11,22,18,-22,16,-7,-4,0,4,1,23,9,-35,-10,-3,-9,-10,2,-24,-21,-14,23,27,4,-11,17,-15,-4,-10,-6,-5,-18,11,-1,-5,-7,-15,2,-25,4,-3,-3,-8,-15,-26,-9,9,-15,-2,-6,0,10,-6,16,4,-12,1,9,11,17,-2,3,-21,-15,-21,-17,-13,2,-13,0,1,-3,-17,3,-2,8,25,-1,1,-19,-24,6,0,0,0,0,0,0,0,0,0,0,0,0,0,0,0,0,0,0
-256,-2,23,6,-12,-4,5,15,-11,0,-9,-16,18,12,-17,-3,1,-11,3,-33,-18,-13,-11,11,-14,-11,-12,-8,12,23,11,-2,-11,10,-15,0,-19,16,20,-9,5,-2,-257,-25079,-25189,-25188,-25184,-24688,24954,24695,-24962,-24664,24445,-24474,24470,-24713,-104,-15,-21,10,1,0,-5,-7,0,-28,-13,5,15,5,14,-11,-19,-7,-51,5,9,-8,-27,7,-40,-86,-79,-80,-63,-101,78,102,-77,-59,-115,-19686,-19627,-19769,-19704,-19307,19546,19274,-19490,-19301,19100,-19152,19171,-19320,-122,-8,-15,10,-26,3,-1,-46,35,-1,8,3,23,-28,10,-15,-14,13,6,25,-31,-52,17,-28,-3,-18,-9,-30,-48,-38,-10,-1,-12,6,11,42,18,-6,-21,-17,-4,5,8,-18,0,-1,-1,-13,-2,-13,11,31,2,-10,-1,1,14,-45,-30,-7,-21,16,-29,-16,12,-5,28,-9,32,-15,-17,15,1,8,-26,-29,-7,-5,-5,16,-5,-21,-2,-14,-4,-16,0,11,2,-33,-3,-1,-14,7,-18,-1,-12,-16,2,-33,2,-39,-14,-21,-6,0,-18,5,-7,-11,-5,-18,-26,6,8,-23,5,-11,0,9,-11,10,-23,1,-34,-8,-11,-37,0,0,0,0,0,0,0,0,0,0,0,0,0,0,0,0,0,0
-256,15,-17,-2,-5,-11,4,-32,1,0,-14,2,-19,-13,25,-6,-4,-14,15,13,-10,-8,-10,-3,3,-4,-6,-32,-10,15,1,20,4,-24,-23,11,-26,-22,-11,2,-10,-26,-266,-25045,-25208,-25189,-25183,-24707,24989,24708,-24953,-24686,24454,-24477,24440,-24734,-112,-31,13,15,-16,0,7,-11,12,-23,-8,7,-11,-7,-2,18,-20,2,12,19,-3,-3,-29,6,-32,-24,-62,-69,-43,-83,94,75,-73,-123,-114,-19625,-19560,-19756,-19705,-19312,19500,19296,-19506,-19322,19141,-19129,19121,-19334,-130,-12,6,-6,-39,-22,-5,-6,-11,38,-8,-14,-28,-37,22,-6,-18,-9,37,-28,27,-6,-11,22,5,-19,10,0,21,-2,47,29,-31,-25,-23,4,-7,-5,-2,-7,-21,-14,-4,-7,1,11,-16,-16,10,4,1,31,8,-10,-17,4,-3,-4,3,0,-30,-31,5,4,21,1,19,10,12,14,-4,-25,6,-11,13,-4,-20,-8,-3,16,-2,6,-5,-9,-11,-5,9,-35,1,13,-34,-16,-12,-17,29,20,-16,1,8,-4,-7,-2,18,-5,-2,7,-8,-16,-4,-17,-5,9,19,18,-15,-32,-3,7,-28,-3,2,10,-21,0,11,-10,-4,5,0,0,0,0,0,0,0,0,0,0,0,0,0,0,0,0,0,0
-256,-22,-3,5,15,30,-13,-30,-22,-1,-2,10,-25,-2,-11,2,5,8,-20,1,-3,21,-6,-8,-16,17,6,17,22,-32,-21,14,-21,-11,14,-12,-13,-6,8,26,13,12,-240,-25046,-25200,-25191,-25215,-24695,24988,24705,-24978,-24692,24459,-24486,24476,-24727,-133,-20,13,13,0,-17,-18,-27,-2,18,-23,2,-13,-15,-1,21,36,-49,24,-17,12,6,32,-17,-20,-23,-59,-73,-53,-80,82,65,-51,-86,-109,-19743,-19605,-19723,-19684,-19291,19511,19303,-19523,-19350,19118,-19189,19121,-19361,-99,-11,-31,-18,-4,27,-16,-21,12,30,-27,-17,38,28,-47,-24,-1,-33,8,3,-28,19,34,12,-6,11,-22,11,-20,-40,31,-13,-40,-39,-32,-25,19,5,0,23,-14,-10,4,-17,6,-10,-19,-5,5,12,-24,18,18,-4,4,-4,-5,-34,-24,10,11,31,-4,4,-9,-4,-14,-24,8,-12,8,26,-9,-25,13,18,-23,14,-10,-30,20,10,-4,-36,-23,-4,-46,-2,6,16,-15,-25,-18,-8,-16,9,17,2,-14,12,-18,18,25,1,-19,-10,-23,-15,13,-24,3,-2,6,-20,-45,-1,32,-13,6,-32,-10,-16,-4,-20,-1,3,32,-5,0,0,0,0,0,0,0,0,0,0,0,0,0,0,0,0,0,0
0,-3,-4,-16,3,-11,-20,24,8,-30,-16,-38,2,-1,-6,-14,-5,6,-6,-7,-24,-4,-13,-13,1,12,8,9,-6,-13,-24,-22,-12,0,0,4,-16,13,-30,-11,20,-8,-253,-25079,-25176,-25198,-25183,-24693,24956,24694,-24986,-24689,24472,-24492,24487,-24709,-123,-34,-18,12,-31,-11,-29,-23,14,9,21,4,11,16,2,13,-1,-12,4,-9,20,23,16,4,22,-56,-66,-88,-71,-61,73,30,-80,-91,-112,-19693,-19610,-19764,-19703,-19297,19494,19279,-19511,-19287,19108,-19065,19157,-19358,-105,-33,-11,-14,-14,-51,-35,3,-13,-8,-25,33,9,8,23,-48,-17,-11,-9,3,-6,27,-5,-4,-5,-45,24,-21,-23,-4,-11,-17,-14,27,-18,-7,-28,2,-10,14,2,1,-15,-1,18,-24,-2,-4,-15,-18,-10,8,-11,13,7,1,-7,-25,-15,2,2,-4,-10,-19,7,14,-3,11,6,5,-23,-37,-17,-23,4,-4,-16,-25,-43,6,-29,1,11,1,-7,11,10,-8,-15,-14,9,12,-5,-29,11,15,21,4,11,7,10,-22,-13,-13,-7,2,13,5,29,1,-4,-21,-3,8,8,12,7,1,-2,15,24,3,-23,0,2,-13,-11,17,0,0,0,0,0,0,0,0,0,0,0,0,0,0,0,0,0,0
0,-3,-6,2,-1,-5,-14,-28,-3,-4,3,-1,13,-13,0,-1,-12,-12,6,-6,-28,-5,6,0,-23,-10,-11,21,-1,8,5,-19,-4,11,-23,2,-4,-15,-18,-4,-11,-30,-248,-25060,-25185,-25186,-25175,-24672,24945,24708,-24964,-24696,24455,-24440,24479,-24749,-113,0,25,6,8,0,-8,-18,-18,29,-17,-9,12,36,-14,-12,-39,-2,-13,48,-21,-16,-26,9,-20,-90,-97,-60,-90,-65,86,60,-91,-64,-113,-19662,-19616,-19739,-19723,-19275,19504,19279,-19494,-19326,19127,-19136,19072,-19330,-88,-8,-33,28,-6,26,-30,5,15,16,13,41,9,13,16,-23,-9,-4,41,-12,-40,-20,8,9,0,20,37,-26,-9,-7,-8,-11,-26,-2,7,-42,3,28,16,12,-16,-34,-24,6,18,-14,-31,-20,13,14,11,14,-9,-7,3,13,2,2,7,-28,-16,15,-21,28,-15,19,0,0,-1,-12,-8,-22,-1,3,13,-3,-19,23,-3,10,-33,3,1,-9,-12,-6,-27,19,-15,-26,2,15,15,3,21,7,-8,-14,-20,17,-29,6,-11,-22,-5,7,-8,-16,3,6,-14,-6,1,12,32,15,2,-14,-7,-14,11,-11,6,5,-11,1,1,-30,0,0,0,0,0,0,0,0,0,0,0,0,0,0,0,0,0,0
0,-2,1,-12,-27,9,-2,-10,-7,12,11,-25,-32,-9,-20,2,-33,4,-7,1,-9,2,-20,-20,-24,26,16,-1,-34,-26,-12,-26,5,16,0,-15,-16,-4,6,9,5,-11,-241,-25079,-25200,-25219,-25171,-24692,24932,24698,-24975,-24712,24484,-24436,24454,-24712,-105,17,-28,-31,-17,-24,-12,14,-11,1,11,-11,24,26,-22,15,-21,-5,-3,-15,16,-26,14,10,-7,-70,-65,-89,-109,-82,75,102,-38,-88,-108,-19623,-19636,-19780,-19691,-19306,19528,19264,-19498,-19271,19164,-19136,19126,-19316,-48,15,-2,23,-27,33,9,-8,-22,21,-20,1,-44,-44,48,-9,3,4,-8,6,-1,8,14,-2,-53,-11,-10,18,-24,-11,-24,11,-3,8,-10,-30,21,2,13,-29,-8,-7,-23,1,-5,18,17,0,-4,0,23,-9,22,4,-7,-1,-20,6,0,-15,25,26,8,-25,8,13,1,-38,-20,22,-19,4,-1,-1,-8,2,-5,-20,3,12,16,-5,4,-19,-10,0,3,-32,-8,8,-5,15,-6,-3,14,-11,-15,-11,-8,-4,-11,-22,4,-27,12,14,-13,-1,-15,11,3,2,-14,0,-1,-1,-4,2,14,-15,-12,9,12,15,20,-8,1,23,0,0,0,0,0,0,0,0,0,0,0,0,0,0,0,0,0,0
-256,7,13,-23,-15,15,-9,-3,-37,-4,-4,15,-15,-20,-4,2,10,-15,12,5,21,-19,-13,14,2,0,-17,5,-13,17,-13,-11,-5,-4,-18,-11,-26,-20,10,-11,3,11,-243,-25071,-25220,-25207,-25188,-24696,24943,24709,-24982,-24703,24475,-24447,24458,-24718,-98,-2,5,-7,-4,31,9,-16,21,6,5,-30,14,-24,13,-2,18,-22,31,-12,-7,8,-1,25,-35,-31,-83,-73,-84,-89,56,69,-103,-100,-116,-19638,-19634,-19727,-19730,-19312,19518,19301,-19499,-19348,19153,-19110,19148,-19342,-93,-23,26,6,-10,28,-22,13,-14,-11,15,30,-6,-24,-2,-3,-28,-13,-17,11,30,11,-19,2,-22,-20,-8,-25,-24,21,3,-2,2,28,8,-4,11,-3,-8,5,-4,4,18,-2,-24,17,1,-11,12,1,-12,-21,3,7,24,-18,6,-16,11,2,-7,7,-5,-9,15,-27,-11,10,-28,12,-2,-8,27,14,-18,-3,-20,25,3,-30,-12,0,-7,-5,8,-5,-26,-15,-17,-15,-2,-5,-12,20,5,21,-2,-9,2,3,-8,9,8,-7,-4,-12,-6,-16,-5,7,-11,12,-23,-4,-13,7,-30,15,17,-18,24,-16,-1,-12,-16,-4,13,11,0,0,0,0,0,0,0,0,0,0,0,0,0,0,0,0,0,0
0,-2,2,-16,3,-4,-5,3,-7,-7,13,-9,6,-28,4,-12,3,10,-26,-16,1,15,-16,-18,-7,37,11,4,18,7,-6,-13,12,-20,-13,14,-3,-2,-35,-3,-8,-13,-277,-25078,-25216,-25176,-25183,-24695,24981,24701,-24958,-24725,24450,-24492,24475,-24744,-96,-17,-17,-7,-21,-28,-17,5,-13,-10,-16,24,-18,14,34,12,11,-2,55,4,-14,-23,7,-12,33,-50,-78,-68,-96,-78,67,60,-88,-93,-148,-19679,-19644,-19785,-19700,-19296,19492,19300,-19539,-19312,19127,-19110,19130,-19303,-97,13,14,-25,-27,1,23,37,-9,17,-26,18,-13,5,8,-31,-11,-7,15,20,-2,25,-1,3,1,9,-9,5,-8,-40,-9,17,8,1,-21,-13,2,13,16,13,-9,-25,8,5,16,10,7,-9,4,-17,-3,-19,21,-17,17,-7,-7,-6,15,-29,14,6,-10,13,9,-7,-35,18,-36,13,17,1,-7,-17,14,5,-1,1,-2,-19,-3,33,9,-19,-25,-24,-16,-9,-22,17,-22,5,-22,-32,-15,-4,-22,7,19,6,11,-14,3,8,0,-9,13,13,-17,-19,9,-13,2,18,6,22,-6,-21,-16,8,-4,-7,-5,-32,-2,14,-16,-13,0,0,0,0,0,0,0,0,0,0,0,0,0,0,0,0,0,0
-256,-12,7,19,-15,-12,-5,0,-29,-15,-35,-20,9,15,-13,-1,6,-8,3,-5,-2,-25,11,-3,-16,-17,-2,-11,8,-11,-15,-15,-46,2,7,-12,2,12,22,-27,33,-7,-244,-25084,-25183,-25195,-25211,-24715,24954,24717,-24963,-24679,24474,-24506,24452,-24717,-117,-6,-9,-9,3,-10,6,3,-7,12,11,6,-13,12,-21,-1,-1,18,4,13,-26,-12,18,6,25,-48,-37,-61,-91,-84,61,59,-94,-78,-126,-19699,-19615,-19787,-19692,-19298,19481,19340,-19540,-19353,19162,-19130,19115,-19320,-67,3,1,5,-17,-8,10,3,-62,12,14,12,9,0,-5,24,28,-8,7,2,13,-27,10,-4,5,3,18,-17,-18,13,-22,3,-28,1,-32,14,-4,-24,7,-15,-40,-42,-6,7,6,19,13,10,4,-15,7,-5,-5,-20,-8,-19,10,1,30,-6,-6,-1,-5,-9,-2,-11,8,-8,25,-5,-11,7,15,14,-27,-9,-6,-4,-9,4,14,-3,4,-16,-2,-5,-21,-22,-3,9,-23,-2,-4,-21,25,-9,4,-38,4,2,-14,5,-7,-3,3,0,4,-24,-7,-25,-30,0,-1,29,-13,9,3,-8,-5,5,-4,-22,0,4,18,-12,-6,-19,0,0,0,0,0,0,0,0,0,0,0,0,0,0,0,0,0,0
-256,0,5,-24,-18,0,18,4,6,-3,-9,11,-13,-4,-2,-7,-2,-5,9,7,-22,-4,-22,-12,9,-9,-9,-23,-14,12,-11,1,5,-3,8,-6,5,6,12,1,18,-23,-244,-25092,-25161,-25212,-25160,-24702,24936,24668,-24972,-24699,24451,-24462,24458,-24704,-98,-10,-4,9,16,15,-20,10,-3,8,16,-15,-13,-9,6,19,3,-32,-24,24,-21,7,-5,8,5,-54,-67,-51,-91,-115,72,48,-62,-98,-121,-19675,-19595,-19759,-19704,-19299,19518,19314,-19517,-19309,19138,-19148,19139,-19360,-95,-15,27,36,21,41,-8,15,26,-11,-13,-31,-46,13,3,42,-13,-27,-26,0,-3,-11,-27,7,29,-44,2,-14,-40,-55,18,-13,-3,6,-20,14,5,2,-17,-10,-2,7,7,-14,8,6,17,-1,-26,-13,-7,-4,9,-18,-11,-37,-8,-7,-8,12,-5,-15,-17,-1,-23,-27,12,-40,5,11,-16,9,-7,-7,-23,-11,-3,-4,-9,4,-11,-6,-10,4,12,31,-14,3,-9,-19,-20,-37,16,-29,-7,-16,-37,-11,20,9,-3,9,6,8,-7,-19,-20,-13,-24,-5,12,-10,-12,-14,-22,-5,-16,14,-8,-9,-3,-1,8,15,-6,-10,12,-4,0,0,0,0,0,0,0,0,0,0,0,0,0,0,0,0,0,0
0,-6,7,36,7,5,2,-21,5,-2,-2,-21,-21,-6,26,-11,-16,-12,-7,-14,-21,0,14,-13,11,33,8,15,-20,-6,-15,3,7,-7,-1,3,-34,0,-31,6,-20,3,-252,-25100,-25194,-25187,-25204,-24704,24947,24708,-24988,-24683,24469,-24460,24478,-24724,-127,-20,-14,-10,0,10,8,-33,14,-1,-7,-35,26,19,10,5,-8,-26,-28,-9,-28,10,28,-28,-33,-80,-63,-78,-77,-96,68,102,-68,-80,-137,-19693,-19641,-19739,-19723,-19273,19541,19300,-19495,-19304,19104,-19103,19063,-19304,-55,53,-44,47,55,-7,-22,-7,-18,9,-6,-17,7,-12,-4,25,-28,-4,4,-30,-17,4,-32,-30,-3,11,-40,-18,30,-1,7,11,6,19,-42,20,24,-16,-25,1,1,-2,-4,-14,13,3,-19,-18,-1,0,11,-30,18,-10,3,20,10,14,8,-6,7,-21,-36,3,-6,-28,14,-28,-22,1,-24,-3,-16,-8,-16,-2,-2,-20,-8,-15,20,8,4,11,-13,-5,-2,-7,1,9,-29,-3,17,-15,1,7,-5,15,-11,9,-2,-20,8,10,-19,3,-8,-13,-12,6,-25,-11,-9,-5,12,7,6,-16,-15,17,4,30,25,-15,-19,2,-3,-3,0,0,0,0,0,0,0,0,0,0,0,0,0,0,0,0,0,0
-256,-3,12,5,7,15,-18,-3,11,12,13,-5,-8,-13,14,6,23,-6,6,8,16,10,24,-27,9,-33,-3,-7,3,2,-3,-18,1,-56,-8,-18,22,-17,2,3,0,-1,-237,-25092,-25182,-25197,-25191,-24683,24947,24685,-24997,-24666,24441,-24491,24472,-24691,-109,-4,33,-14,-22,-19,-11,5,-29,-4,9,8,18,-1,-7,-17,35,-38,-22,-28,4,-15,1,10,-4,-82,-58,-51,-107,-107,55,62,-50,-76,-143,-19698,-19624,-19729,-19719,-19310,19547,19320,-19553,-19278,19119,-19171,19134,-19324,-96,17,-8,1,-20,-17,-3,-9,27,3,47,10,-23,22,16,-9,-7,21,-11,-29,9,-52,-41,3,3,-10,11,-28,-17,3,-21,-31,-22,35,-17,27,-28,9,5,-3,5,-9,26,-15,10,17,1,-25,-5,7,2,26,-8,-8,-18,-11,4,20,-11,25,-1,-14,-4,-33,9,-5,11,-13,-6,12,0,0,6,-8,43,-1,-31,-22,14,7,-29,-7,-7,-5,5,9,-18,-9,-1,-16,-10,-11,0,25,21,-6,-1,-27,1,-20,-7,3,9,0,6,18,20,13,-1,-15,-23,6,-12,17,-27,3,-25,-17,-11,-14,30,-25,-19,6,-15,-4,8,-18,0,0,0,0,0,0,0,0,0,0,0,0,0,0,0,0,0,0
0,-12,49,-25,-28,3,-7,-26,-9,26,8,2,-12,3,18,-11,-10,-7,-11,12,-6,1,-32,-22,-37,-9,14,1,17,-16,1,-13,-10,13,4,-14,-10,-4,8,-2,-12,11,-254,-25080,-25212,-25190,-25175,-24720,24960,24665,-24951,-24700,24463,-24465,24445,-24720,-119,3,-2,-9,-12,23,-17,16,32,-1,-22,-1,3,44,12,15,5,-10,7,-2,9,-28,-3,-25,7,-94,-92,-53,-40,-86,54,67,-105,-69,-156,-19680,-19658,-19775,-19705,-19313,19541,19291,-19499,-19250,19122,-19144,19147,-19330,-103,-15,6,11,-5,-12,-18,14,48,37,18,5,1,-22,5,19,28,9,0,-18,2,-15,-8,-17,20,0,29,-7,35,-1,-10,18,-12,9,26,-17,3,-20,-5,-3,-14,-15,17,15,3,5,-21,0,-11,9,-32,-4,11,-7,-3,19,10,8,-10,4,31,19,12,6,8,-1,-12,-22,-16,-5,-20,9,15,10,3,-33,-6,2,-18,-4,5,-8,-25,-13,17,6,-25,-20,0,-16,0,15,-6,15,7,-24,6,-2,14,-14,-10,22,23,-26,-23,-6,-10,9,-13,-21,-10,0,-8,-9,9,-6,-33,-27,-1,-16,-7,5,-16,-14,-17,-21,-15,-23,0,0,0,0,0,0,0,0,0,0,0,0,0,0,0,0,0,0
-256,-4,-11,-25,3,-5,-4,11,-18,0,-1,-9,5,4,-10,5,-7,-14,7,-35,-15,-14,-26,-5,-1,8,1,27,-31,9,-14,-15,-1,-21,17,-9,-26,-11,18,-2,8,-14,-261,-25068,-25184,-25175,-25186,-24717,24952,24709,-24955,-24677,24470,-24490,24448,-24732,-107,-18,-5,4,21,17,-8,13,9,-10,13,1,1,-7,18,14,8,-10,-15,-23,-7,-10,11,0,-10,-48,-67,-93,-63,-75,41,102,-51,-23,-128,-19673,-19612,-19710,-19703,-19324,19517,19289,-19537,-19304,19142,-19147,19159,-19331,-33,36,-15,10,-29,14,-7,-27,-18,-4,-54,-31,27,-34,15,8,13,-25,36,-12,-30,33,33,9,9,-11,39,-18,-10,15,-8,-20,25,-31,4,-15,-9,-65,9,-31,-6,-5,-13,21,-16,-13,-11,-19,-5,15,4,-7,16,8,-7,-21,3,-12,11,5,13,-16,-1,-13,-3,7,-21,6,3,7,-3,20,-38,-36,-4,5,-4,-30,-14,-12,11,-6,6,2,-6,-21,7,-8,0,-17,-15,-13,15,2,12,-15,6,-6,-1,-17,-10,5,-5,-24,-8,14,1,6,-42,-5,-18,-10,-4,-1,-19,-4,22,-15,16,25,1,3,6,-6,17,6,-17,-14,0,0,0,0,0,0,0,0,0,0,0,0,0,0,0,0,0,0
-256,-28,7,6,-11,-18,-1,-21,-15,29,-5,-3,-3,15,-1,10,3,-12,-4,-15,-11,-20,-2,-2,7,-4,-18,40,24,-14,-13,30,-2,1,-2,15,-10,3,-24,-14,-2,26,-237,-25059,-25217,-25204,-25202,-24700,24959,24665,-24967,-24698,24470,-24503,24460,-24698,-137,-26,9,3,-3,-23,2,0,-7,29,6,-16,9,0,-1,-1,8,14,-29,-12,9,1,-11,-19,2,-97,-72,-71,-53,-59,60,38,-82,-74,-131,-19700,-19624,-19736,-19700,-19292,19536,19301,-19514,-19278,19103,-19128,19108,-19321,-109,-17,20,-19,-13,-12,-22,-21,-8,-13,-3,28,-47,-43,-9,-5,-18,2,-15,20,-35,17,-15,0,-17,-9,32,7,-65,-11,-33,-16,38,5,22,25,18,5,-32,-5,-13,10,-22,-7,0,7,-1,-7,10,3,-1,10,-11,12,-17,18,1,-25,1,14,9,-19,12,-25,5,-8,14,-33,18,-32,-14,-6,7,12,-4,18,15,-1,-2,-22,-3,-4,21,12,-10,-29,-24,19,17,8,-29,21,-4,13,5,17,-9,-10,-20,3,14,4,-6,1,1,2,-23,-23,-12,-33,12,-3,-11,-7,8,0,-9,18,-4,3,9,-15,-25,-5,-14,-22,15,-26,0,0,0,0,0,0,0,0,0,0,0,0,0,0,0,0,0,0
0,-19,8,-13,-6,9,-12,9,6,-40,-11,-11,-2,-16,-31,15,-8,12,-38,1,20,-24,19,-7,-16,7,-2,-13,6,2,-14,-17,12,-2,15,-7,-18,9,-34,-10,-4,0,-287,-25101,-25181,-25169,-25205,-24714,24963,24695,-24970,-24700,24466,-24488,24477,-24719,-106,21,-6,-17,1,2,-13,0,-17,-6,-1,3,20,9,5,-12,-30,14,-11,-23,11,-12,27,12,4,-63,-94,-49,-82,-50,59,65,-59,-62,-116,-19680,-19601,-19741,-19710,-19262,19542,19299,-19527,-19320,19126,-19105,19107,-19334,-84,18,7,1,-28,-11,-30,13,-1,0,29,17,34,-20,-3,-39,-3,-6,-46,-15,-36,46,44,-4,5,-44,0,7,34,3,36,22,15,16,-47,15,-2,-19,-9,16,4,-6,-1,3,4,-9,4,-1,-26,-12,-10,6,-6,-8,-16,-6,5,-16,20,7,8,-20,15,16,20,-18,-2,-19,13,-25,16,-28,-2,-4,11,19,9,-8,-14,-14,-12,-9,9,-9,11,-11,20,15,-19,17,1,-7,6,-7,-19,-2,-35,-2,10,10,-7,-25,-31,16,3,-18,13,9,3,6,9,-21,-18,-16,-20,-4,4,-12,-16,-20,-17,-3,-2,-19,1,7,-3,35,0,0,0,0,0,0,0,0,0,0,0,0,0,0,0,0,0,0
-256,-8,-1,-7,3,3,20,-4,-12,-8,-39,-29,12,-21,-12,-6,-4,0,18,-9,3,-5,20,29,-16,12,-10,2,9,0,-17,-17,-1,20,7,-13,-5,15,-4,0,-13,6,-237,-25089,-25177,-25185,-25196,-24707,24939,24675,-24991,-24706,24478,-24469,24472,-24724,-112,15,-47,-18,-34,2,-15,33,21,18,-16,32,-13,0,-27,10,16,-11,-22,-67,1,-2,24,-17,-33,-65,-106,-84,-109,-65,46,89,-89,-88,-138,-19689,-19620,-19779,-19723,-19349,19538,19229,-19520,-19339,19137,-19147,19110,-19316,-97,-20,6,13,-14,-26,-6,-38,6,27,53,63,55,-20,-25,10,-6,11,-42,24,-2,13,-10,21,25,9,8,-28,9,-11,51,-24,15,-3,-15,-8,-17,-13,19,8,16,10,3,-23,0,16,5,16,-3,1,-15,-32,30,-11,-9,9,6,-5,-9,-11,8,-12,36,-1,-12,-25,-16,9,5,-9,-11,-12,-5,-6,16,-19,37,-38,30,-17,-17,-10,9,5,5,-12,-1,-6,5,-14,14,25,24,-19,12,3,-16,25,-2,7,1,8,-11,-18,-6,-6,14,-20,-9,-12,19,7,-13,-1,-21,-2,4,-9,21,14,5,-20,25,7,5,5,-12,-5,0,0,0,0,0,0,0,0,0,0,0,0,0,0,0,0,0,0
-256,10,21,-18,-16,2,-35,-10,-32,19,4,-20,11,4,12,16,-3,16,-3,-7,9,12,10,-5,-21,3,-34,-15,5,0,17,11,-10,1,-11,-28,-9,6,-1,8,0,6,-249,-25097,-25187,-25178,-25198,-24697,24966,24707,-24941,-24703,24453,-24490,24503,-24721,-116,11,6,-26,-27,-10,-9,3,-18,-41,-4,54,-6,29,0,1,-27,2,-5,9,-9,-17,4,-23,2,-69,-51,-33,-63,-104,114,47,-66,-101,-159,-19665,-19602,-19723,-19695,-19348,19534,19274,-19571,-19292,19086,-19174,19085,-19329,-128,13,-27,8,-9,-15,-3,-8,42,-2,-37,12,-33,7,-7,25,15,6,-7,-12,-7,-33,-19,-44,-16,26,16,-14,43,-34,-3,-46,14,-38,-14,-38,-13,0,21,-10,8,5,16,-14,-3,5,7,6,-21,-18,2,12,1,0,3,-9,12,-2,7,-8,-4,-15,8,-3,-17,10,6,17,-4,-6,8,-10,14,-7,12,31,4,-1,10,4,6,-11,-10,-7,-1,-25,0,24,6,-21,9,-11,4,18,-16,25,-19,-37,-16,9,-29,3,26,26,10,-4,-6,8,-1,-6,7,-4,-19,-11,-7,-13,-12,33,-10,7,-44,-25,-18,-23,8,-15,-33,-8,0,0,0,0,0,0,0,0,0,0,0,0,0,0,0,0,0,0
-256,5,-5,21,8,-5,-12,-34,-34,-14,-11,-7,-1,-9,-4,-19,-19,-12,7,15,26,-2,12,-3,-6,-6,-4,15,-24,-23,-3,20,-16,2,-24,6,9,-2,0,-4,12,-15,-264,-25099,-25199,-25186,-25171,-24678,24951,24695,-24959,-24684,24465,-24476,24484,-24721,-131,29,-12,29,-7,-5,9,-17,25,-11,-8,-10,11,4,17,18,-36,-4,2,-14,-16,9,14,-15,1,-23,-44,-89,-68,-68,84,81,-84,-116,-134,-19636,-19628,-19767,-19717,-19304,19502,19286,-19504,-19300,19137,-19133,19130,-19349,-105,9,19,9,-38,-14,-17,8,15,-19,-4,22,-4,0,13,10,-11,-8,-11,-1,-26,1,4,-19,-39,-9,-23,-7,-15,-17,-24,-13,-43,-10,-3,-23,10,-17,17,-4,-10,-16,-28,2,-25,-9,-47,-1,14,-18,-9,13,-9,-10,7,9,-5,14,-12,-20,-2,-11,14,4,11,27,-24,10,14,22,-3,-1,-6,28,-9,-23,-11,8,-21,3,-17,-11,8,-15,-13,-9,8,-1,7,-9,-4,3,8,0,-30,-7,22,-7,2,-2,-19,5,-12,11,-2,-8,9,-5,11,-18,-13,8,1,-4,5,-14,-19,-13,-46,0,7,-9,-34,10,0,7,0,3,0,0,0,0,0,0,0,0,0,0,0,0,0,0,0,0,0,0
-256,-5,-12,-2,0,1,22,-3,-11,7,0,14,5,-7,15,10,-7,-29,8,-14,9,-20,8,-7,5,-20,-3,4,-13,10,-2,11,0,0,-12,-4,9,-21,-18,19,-4,29,-247,-25088,-25195,-25203,-25195,-24700,24928,24677,-24981,-24684,24485,-24469,24483,-24736,-123,-10,-2,17,26,-10,19,-6,17,3,-32,24,-25,-9,-27,-7,-6,-26,0,-8,-19,-2,21,-11,5,-74,-66,-35,-58,-42,48,39,-70,-54,-128,-19618,-19618,-19772,-19673,-19312,19532,19308,-19528,-19292,19128,-19153,19114,-19325,-101,11,-18,43,-22,26,-25,-30,-14,11,-48,-4,-22,-9,-28,26,-3,-8,-3,-30,17,11,-17,10,11,-32,-7,8,25,0,22,6,-8,-10,6,-4,14,-15,-17,-19,24,-39,-29,-9,-12,13,-7,-26,-11,-5,-2,-1,3,-12,16,-28,-14,-4,14,-8,17,-1,-4,-20,-9,-5,-14,8,7,13,-27,-13,-7,13,-34,-18,15,4,-17,-20,-20,-22,6,-11,25,-23,7,-4,-5,1,-4,-14,6,-10,7,-16,-20,-18,-16,-12,1,6,-1,-9,-18,-34,-9,-3,-24,-15,-12,2,6,-16,-7,5,17,0,-5,-9,-1,-1,-8,-5,-22,-11,-8,6,0,0,0,0,0,0,0,0,0,0,0,0,0,0,0,0,0,0
0,-7,20,19,10,12,-10,2,-17,-4,39,16,7,-29,18,-31,1,10,-7,-23,4,10,7,14,14,-5,-17,11,-24,-28,-10,13,-14,15,1,-14,-11,-35,12,0,-11,-41,-239,-25075,-25189,-25195,-25204,-24685,24941,24683,-24934,-24692,24478,-24455,24487,-24715,-133,-4,0,10,6,-15,11,-4,6,-20,11,-15,-37,-37,-17,-17,32,-17,1,-5,17,0,-12,-6,0,-103,-84,-89,-69,-56,69,58,-88,-68,-152,-19678,-19611,-19732,-19677,-19314,19495,19300,-19472,-19311,19163,-19096,19107,-19325,-118,12,-23,15,-10,-8,16,24,-13,-6,-8,-20,15,-9,15,5,0,21,-35,19,0,6,-21,-29,-37,-11,24,1,-2,15,-35,-14,15,-18,-3,20,-24,5,13,-4,6,-3,4,-13,9,12,22,-24,-20,7,3,15,-16,-13,-27,-33,-1,4,5,-4,-9,-9,-10,6,-3,-4,2,-38,23,2,-12,-14,-27,-22,-10,1,-21,17,14,8,4,-14,6,-2,4,13,-9,-6,12,-21,-40,-31,-26,10,-13,-14,-20,23,-25,-25,-19,16,-25,-13,2,-44,-13,-22,0,-11,-12,-1,3,22,-10,19,-21,-14,9,0,0,3,-2,1,5,9,-7,-8,0,0,0,0,0,0,0,0,0,0,0,0,0,0,0,0,0,0
-256,-25,-9,-12,-13,-55,-13,2,3,-1,0,-3,5,2,-18,6,5,-15,-13,-3,30,15,28,1,-4,-21,7,16,19,-11,-8,2,17,-4,-6,13,-3,-26,25,26,12,-16,-257,-25073,-25167,-25186,-25201,-24680,24945,24687,-24974,-24707,24463,-24472,24468,-24730,-99,-26,3,-14,-7,22,14,8,-22,-36,-21,-10,7,-17,-24,-7,33,14,-33,-40,-9,-28,1,-26,23,-76,-58,-62,-82,-107,84,76,-71,-56,-127,-19705,-19615,-19768,-19683,-19297,19475,19317,-19491,-19337,19109,-19143,19145,-19334,-103,26,-17,-16,20,-8,-3,-25,-44,-48,3,0,-25,15,2,-15,-18,11,-6,29,7,-14,4,-38,-4,-10,1,34,-20,-3,-33,-16,-16,-35,12,9,-31,10,-15,-1,1,10,-13,23,12,-16,-11,-6,-39,-19,3,-8,6,20,-38,-12,11,10,16,-10,-5,0,7,13,16,-10,-32,6,-26,-7,0,0,22,-19,3,20,-12,11,-3,-23,7,10,-8,-16,7,-24,-15,-2,2,-9,-1,7,18,11,-24,-2,-22,-14,-14,5,-12,-3,2,-19,2,24,-16,23,22,-13,-5,-27,-8,-7,7,-8,-5,-10,18,-15,0,-10,5,0,9,30,-21,-6,0,0,0,0,0,0,0,0,0,0,0,0,0,0,0,0,0,0
-256,-24,9,-7,-11,9,13,12,1,9,-19,5,-6,-12,-21,-27,-9,4,9,7,0,-21,4,8,23,-3,14,4,-13,-49,-11,-5,-20,-16,6,-4,12,-14,-21,-21,0,14,-258,-25080,-25201,-25181,-25186,-24687,24948,24668,-25007,-24695,24482,-24468,24477,-24723,-138,-14,-22,-2,25,8,-25,36,5,-8,28,7,-4,-2,-28,-15,-18,-9,20,-2,-16,-27,2,-38,-18,-44,-70,-58,-105,-46,61,88,-114,-101,-177,-19645,-19602,-19746,-19651,-19310,19523,19317,-19480,-19272,19108,-19153,19091,-19331,-132,24,-16,1,-4,-28,-14,-33,-12,-3,5,-26,17,9,-4,7,14,-38,4,1,15,-4,25,10,11,-38,-17,-43,-39,40,-52,9,-17,3,-9,9,-1,-21,-3,10,0,18,-15,-15,8,-16,-17,-4,7,-4,-23,-20,21,21,-10,-16,3,11,-7,-12,-30,8,6,37,7,-8,-5,-4,-13,-1,7,-22,27,-22,-4,-8,-18,-2,-11,-8,-2,2,-18,14,6,-20,-17,-3,4,18,5,-3,16,-6,-2,0,-15,-19,-12,9,-2,-17,-18,4,0,-8,-21,16,17,10,-19,8,-7,-14,-8,-3,-19,-1,-3,1,9,19,1,24,-6,3,2,5,0,0,0,0,0,0,0,0,0,0,0,0,0,0,0,0,0,0
0,-22,-10,14,-20,13,-24,-4,-4,10,-12,9,-12,-19,12,-8,13,-27,-10,-31,-24,16,-10,-12,-4,-9,28,3,0,-19,-20,-5,10,11,1,-28,-18,-22,1,-20,15,10,-230,-25090,-25223,-25216,-25190,-24666,24965,24705,-24953,-24726,24471,-24489,24463,-24732,-117,34,-35,-1,0,-2,-19,11,7,-30,-30,-14,-7,22,33,12,14,19,17,-9,4,-20,-37,-51,-14,-54,-78,-91,-93,-83,55,68,-74,-94,-139,-19664,-19629,-19753,-19649,-19361,19532,19293,-19516,-19281,19112,-19115,19139,-19336,-102,8,-9,-15,-23,21,-9,-11,5,5,-32,57,5,29,-28,-19,-28,-6,3,-1,14,9,29,15,28,-22,-18,-9,-6,15,-11,11,6,9,28,5,-2,13,-30,-13,-8,-12,-10,-13,3,-32,-3,-9,-20,-3,10,-16,10,5,0,-6,1,-22,-21,-11,1,2,20,2,-12,-9,11,-15,-9,4,-17,2,7,-4,24,20,-14,-22,-8,6,7,-2,4,11,12,-2,6,-9,-9,2,0,15,13,-8,-13,-2,5,4,7,15,-1,-6,18,8,-11,-14,10,-2,-17,11,-11,-10,12,-2,20,-9,-2,-1,6,-3,-7,0,11,-7,-24,-9,2,13,0,0,0,0,0,0,0,0,0,0,0,0,0,0,0,0,0,0
-256,9,32,4,-8,8,4,9,-3,20,-3,-9,15,5,9,-9,-5,-6,-21,40,-14,-3,-36,31,-27,-22,-10,0,13,-20,-10,-21,-30,4,3,3,-7,4,11,-11,-10,-29,-259,-25073,-25196,-25204,-25209,-24699,24956,24693,-24939,-24702,24458,-24465,24459,-24705,-98,-20,1,-23,-4,-7,2,-5,-3,-11,11,-2,-7,-5,6,-8,16,11,-15,-13,6,29,1,-16,-33,-61,-93,-51,-120,-53,58,51,-88,-94,-139,-19669,-19622,-19803,-19681,-19326,19513,19310,-19544,-19326,19107,-19094,19142,-19300,-96,17,1,2,-31,-11,21,-15,-3,14,-21,4,-40,9,-24,-17,-30,-7,5,-10,35,-4,26,-55,-9,-2,5,5,14,4,-41,8,-14,-57,-4,12,-16,-19,6,16,17,0,7,2,-10,-3,-15,11,5,12,-2,-1,10,-8,9,-15,-11,-4,-10,5,10,-19,-4,1,-9,7,8,-7,-18,-28,-16,-20,-13,2,-15,-9,-15,0,30,-13,0,-6,-20,26,0,20,12,27,-22,1,2,10,8,-22,20,10,-8,-12,-3,12,-13,4,7,-25,27,-27,13,-34,-26,13,-1,-28,7,5,-2,22,-34,-9,-30,-4,-3,5,-12,-4,7,-14,0,24,0,0,0,0,0,0,0,0,0,0,0,0,0,0,0,0,0,0
-256,-23,-11,1,17,-22,-27,-6,2,-5,-30,-15,-4,18,2,-35,-19,-9,-5,-8,-16,-24,-4,-33,5,2,-7,-22,-26,36,-6,24,-17,11,1,-9,-14,10,14,4,-26,-31,-253,-25069,-25198,-25186,-25200,-24699,24950,24708,-24976,-24695,24433,-24485,24471,-24722,-148,9,-14,-8,6,-18,6,12,10,18,1,-19,7,-37,-2,-8,15,-7,-14,23,8,-3,25,-28,-10,-51,-54,-72,-95,-91,49,132,-61,-82,-142,-19706,-19640,-19787,-19683,-19290,19508,19309,-19507,-19316,19142,-19138,19090,-19308,-71,4,-29,-20,2,5,0,-39,-28,-22,-3,31,16,7,-9,-30,-7,13,-1,28,-4,-2,-27,2,-30,18,-4,22,20,-58,-15,0,-19,-39,0,-4,1,-22,-7,16,3,13,-25,-17,-6,2,-9,-21,-9,-20,-14,13,28,9,10,27,-11,-29,-6,-30,15,-25,7,-20,-1,1,4,-9,-2,31,-12,-8,-10,-8,-35,-12,4,-27,-20,-1,-52,-6,4,20,-7,1,0,12,16,19,-10,-15,-26,17,0,-7,-4,6,20,-4,-11,1,6,9,36,6,7,-13,4,0,1,-14,-9,-25,-5,4,6,-19,-17,0,5,4,20,5,15,-4,-8,1,0,0,0,0,0,0,0,0,0,0,0,0,0,0,0,0,0,0
-256,-20,-14,23,9,8,-4,1,14,-4,-1,-14,-14,-29,-16,-28,-21,4,-16,-12,-18,0,-2,-9,-14,-1,-23,-9,4,-8,-14,9,-1,0,-7,13,10,-6,-12,-4,-6,17,-249,-25084,-25186,-25176,-25189,-24710,24928,24675,-24973,-24708,24472,-24476,24456,-24725,-132,-5,-64,16,-31,-25,25,-21,10,15,-9,-23,-29,-14,5,-2,9,30,-18,6,22,11,-22,-39,-29,-33,-45,-107,-49,-140,75,85,-60,-99,-135,-19662,-19609,-19743,-19705,-19286,19521,19324,-19508,-19310,19097,-19132,19110,-19282,-149,1,-38,-44,8,-4,-36,-16,-18,-37,64,-17,-13,-35,1,-53,24,4,-15,0,-8,4,-44,36,18,18,3,9,-10,-34,21,-6,-16,-10,17,17,17,-17,-29,3,11,8,13,7,23,-13,-24,2,-10,19,-4,-22,0,10,-15,11,-21,-4,-15,9,-4,-17,10,4,-14,-6,-26,-3,17,-6,-2,11,19,-9,-45,1,5,-26,0,-2,2,-32,17,-6,-1,-5,-10,-26,-14,-37,-18,-11,1,5,-10,16,11,-2,-13,-3,-5,8,-17,14,5,11,26,8,-14,18,2,1,10,21,4,-3,-13,-21,10,5,-25,-5,11,11,22,-11,-7,20,0,0,0,0,0,0,0,0,0,0,0,0,0,0,0,0,0,0
-256,4,0,-22,-19,-14,9,-27,15,10,-16,-4,11,-5,5,6,0,-7,12,14,25,-3,-3,5,0,16,14,-24,-8,1,-30,-12,3,14,-10,-5,20,-10,-37,4,13,-15,-290,-25090,-25186,-25196,-25196,-24698,24950,24693,-24940,-24722,24469,-24487,24444,-24705,-111,-20,-17,-16,10,6,8,-9,-38,4,1,-37,-17,-47,26,-24,-8,-15,-29,-16,-23,2,3,-28,-13,-83,-89,-76,-67,-54,104,35,-78,-43,-95,-19710,-19613,-19776,-19700,-19310,19507,19327,-19509,-19261,19105,-19130,19175,-19343,-113,24,12,-19,-8,-40,-17,28,1,20,8,-26,-19,15,18,23,4,-25,-16,-13,-48,8,17,-2,-23,-25,26,7,-51,24,-48,8,30,-25,-10,-24,-13,5,8,16,19,12,22,-8,-29,9,13,17,19,1,-19,-13,1,-27,7,-9,12,-12,-7,-13,3,-6,-7,-5,19,-26,13,-23,-43,6,-1,13,6,10,9,-37,4,-18,-9,-5,6,6,26,-4,-30,24,7,-5,-17,2,19,4,11,-3,-17,3,23,-16,7,20,-24,-6,1,-13,2,-15,-35,-11,-24,6,-2,-26,14,29,-20,-31,17,-1,-2,31,-7,2,2,4,13,-8,-4,2,0,0,0,0,0,0,0,0,0,0,0,0,0,0,0,0,0,0
0,-1,6,24,-11,-25,27,-13,-36,21,-16,11,21,-28,11,4,-11,8,5,-3,-2,-9,12,7,-19,-21,-17,-15,-21,6,8,-17,-20,-20,-14,-2,-5,-6,22,13,2,-15,-249,-25049,-25193,-25174,-25213,-24685,24955,24696,-24977,-24696,24460,-24472,24484,-24730,-138,14,-11,-27,-13,31,-17,17,7,6,-1,-2,-8,-23,-11,11,-11,15,22,5,-22,-23,-14,-1,-10,-67,-70,-89,-48,-99,65,48,-66,-85,-118,-19662,-19584,-19765,-19708,-19295,19481,19325,-19539,-19290,19112,-19149,19084,-19267,-113,-14,-4,-3,-26,-15,-27,-31,-2,15,-7,0,4,-29,-20,13,-36,32,-17,-48,-8,-26,28,9,-7,-33,17,-15,-52,-7,-11,17,-41,-13,-5,5,-23,-13,-14,-8,-9,-3,9,-18,6,21,-12,-9,-8,-1,-5,-11,-17,-14,-16,-20,8,-25,-9,7,-5,-23,-8,25,-10,-3,-10,-29,4,-9,-27,-1,-7,-21,10,2,-15,-28,15,9,-3,-8,12,-12,0,-10,-5,12,3,-16,-14,-5,-7,-19,2,4,-17,-13,16,-19,8,-2,7,-3,-19,-1,-8,-16,0,9,-11,-2,-5,-4,8,16,-14,2,-25,-26,1,2,8,-9,-12,14,5,-23,0,0,0,0,0,0,0,0,0,0,0,0,0,0,0,0,0,0
-256,-11,1,-3,-18,6,-14,29,-9,-9,-10,-18,15,-19,5,-4,4,8,-6,-7,-8,1,1,0,-10,1,-12,-1,20,-31,-18,-18,28,10,-9,-13,1,-16,-3,4,-22,10,-261,-25086,-25203,-25199,-25185,-24744,24971,24685,-24949,-24699,24469,-24455,24501,-24728,-109,-3,0,-28,-2,-29,-5,27,-39,-9,-21,8,12,9,2,48,-30,-22,-19,-9,15,13,-22,-44,-4,-77,-71,-70,-62,-60,50,37,-43,-70,-98,-19668,-19594,-19763,-19703,-19326,19502,19277,-19501,-19308,19133,-19131,19114,-19316,-82,-13,23,7,-2,15,0,-23,13,-18,-9,-34,-8,-22,16,-1,28,-19,8,-74,-23,-11,-11,-34,-38,9,-27,3,7,11,12,4,-4,9,15,-10,4,-1,-31,-21,13,-24,16,-7,-3,-26,3,-25,-9,-14,42,-41,3,-8,-10,8,-3,6,8,12,-23,-3,-33,-17,-19,0,2,-7,-9,9,-14,-14,-6,-26,-4,-18,9,24,-17,6,3,14,-14,-13,-5,-27,3,-20,-4,-8,-19,14,-23,3,-2,-24,-12,-20,-1,-19,-5,-12,8,-5,11,-11,-15,-23,9,1,11,-3,-19,0,-9,0,-31,-15,0,-10,1,-11,8,22,-12,-13,5,8,0,0,0,0,0,0,0,0,0,0,0,0,0,0,0,0,0,0
-256,7,-3,-8,14,-3,-2,-21,-2,-5,26,-2,-26,4,-27,-5,11,-1,13,28,14,-4,8,-23,-17,-2,-1,8,-13,-9,-27,-15,-14,10,-13,-12,4,-12,-3,0,4,7,-244,-25093,-25198,-25199,-25206,-24686,24964,24680,-24976,-24670,24484,-24488,24498,-24736,-128,-4,-25,-40,6,-16,-3,30,7,3,-15,-20,-7,15,13,16,26,-2,-26,-33,-29,-31,-27,18,-52,-92,-96,-76,-46,-78,57,58,-88,-73,-111,-19679,-19654,-19762,-19685,-19289,19521,19295,-19494,-19307,19114,-19148,19119,-19347,-123,-8,-23,-9,-31,5,-36,-20,-28,20,-16,-22,26,-1,-11,-15,0,-23,-17,27,-26,-15,-3,8,26,19,0,5,12,1,17,18,-25,13,-31,6,0,-14,-30,-3,14,0,3,15,-15,12,-24,-8,-27,-6,3,21,-1,-7,-13,9,2,-17,4,-15,3,-6,17,-11,-1,-23,3,-14,2,3,-23,-2,-1,-3,17,-12,4,0,2,-6,-17,-18,-7,2,-16,-17,-4,13,15,-7,-4,-18,4,-1,4,-8,-8,-12,3,-19,-12,12,-20,-34,-8,37,7,3,-11,-18,-16,16,-10,14,4,-3,-35,6,-10,5,-32,-19,-7,2,-7,-17,-12,-5,0,0,0,0,0,0,0,0,0,0,0,0,0,0,0,0,0,0
-256,-16,12,5,2,-14,2,2,15,-10,11,-7,-14,-3,-12,-13,9,-3,2,7,-2,-2,7,4,-20,9,-26,14,4,-23,-11,-18,-10,-43,-14,-6,9,0,17,-28,17,-3,-254,-25088,-25181,-25190,-25185,-24708,24935,24680,-24982,-24672,24459,-24443,24474,-24714,-116,3,6,-8,-32,-3,15,-7,23,-18,-6,-11,-8,-6,-23,-15,-21,2,-39,-16,7,-26,9,10,-16,-80,-116,-101,-115,-110,74,80,-60,-127,-114,-19701,-19618,-19789,-19683,-19349,19531,19263,-19501,-19326,19092,-19112,19080,-19321,-153,-39,0,-17,-4,-47,12,-13,13,-14,-12,-11,38,14,10,-40,18,-11,-23,0,-43,-21,-7,4,23,-15,24,-6,18,-31,-2,-41,-1,-35,17,12,0,24,-44,4,-20,-2,-2,3,-10,8,-16,8,3,-11,0,-17,-14,3,-17,2,12,22,4,8,3,-7,-8,11,-4,-22,-3,-1,21,-11,1,-7,-32,19,11,21,1,13,13,-19,0,11,-19,3,-24,-19,11,-8,4,-27,-28,1,-6,2,0,5,-13,4,-5,-6,-21,-12,6,-5,28,-21,-14,26,10,-11,10,-2,-13,-17,-22,3,7,-1,-3,3,3,-10,21,-16,15,-8,-7,18,0,0,0,0,0,0,0,0,0,0,0,0,0,0,0,0,0,0
-256,-7,-11,-2,-1,-26,6,2,-7,-15,-22,1,0,39,37,-25,-2,11,-14,-21,-2,-13,-4,-25,9,-2,0,11,-20,-10,-13,-12,1,0,-22,11,-1,0,5,15,-11,-10,-250,-25082,-25175,-25196,-25187,-24710,24963,24686,-24947,-24672,24467,-24468,24493,-24709,-107,3,1,-9,-16,-18,14,-14,8,17,-6,29,13,11,-5,-1,-26,-24,5,1,-1,-4,31,16,-17,-64,-86,-61,-113,-65,75,50,-84,-83,-74,-19687,-19611,-19752,-19664,-19297,19542,19332,-19548,-19309,19068,-19116,19093,-19348,-79,-2,-17,-28,6,42,-20,-1,-9,13,-5,-3,11,-8,5,37,27,-31,-8,-61,15,-8,0,-4,-3,-29,-7,1,-35,-5,9,12,-18,22,9,-9,7,3,1,13,5,20,-5,-2,-24,-17,1,9,-31,21,-10,4,15,-6,-1,-14,-2,-5,-12,-2,-15,13,1,3,-5,-26,4,19,-15,16,-1,10,16,-19,0,22,-6,-14,18,-8,-3,-32,-13,0,9,-34,-17,-5,-21,-39,7,10,9,22,-11,3,2,20,-2,-2,8,-3,4,-20,12,11,-3,12,10,1,14,4,12,20,-27,1,0,2,-8,-14,-34,0,14,12,-12,14,-16,16,0,0,0,0,0,0,0,0,0,0,0,0,0,0,0,0,0,0
0,-8,-1,-27,5,10,8,-12,-13,8,-28,1,16,-2,-19,1,3,15,-2,-17,-5,-11,-6,-17,15,-16,17,-3,3,-13,-3,-26,11,-5,-10,2,-19,-9,-22,20,-26,-25,-254,-25051,-25181,-25215,-25207,-24706,24943,24681,-24977,-24719,24453,-24479,24502,-24747,-121,-6,-6,-29,-8,-8,2,2,18,-18,-8,-27,10,14,12,6,34,5,2,-6,18,29,9,22,-15,-64,-82,-57,-97,-41,83,81,-44,-102,-135,-19715,-19634,-19766,-19732,-19333,19543,19314,-19525,-19296,19116,-19117,19152,-19296,-109,-4,7,-52,-61,-23,-23,-15,-27,-31,11,-9,9,-25,-3,21,-28,-5,-3,-3,-26,-13,-20,-6,-30,-14,4,-12,-52,5,-30,-52,-19,-9,6,-2,-3,10,29,-10,12,2,-7,-24,-8,-26,16,-18,6,-11,9,0,-9,14,2,-3,15,-11,0,-8,-21,-4,8,10,-5,5,-27,9,-6,5,-6,14,3,13,-11,-6,9,-27,-11,-16,21,-23,18,14,1,4,12,-18,18,-18,-10,9,-19,-16,13,-3,-14,13,-15,3,-11,-14,-15,-9,10,4,1,-8,3,-11,0,-48,-14,-5,31,-19,-28,-22,15,18,7,-3,4,-10,16,-25,18,-4,0,0,0,0,0,0,0,0,0,0,0,0,0,0,0,0,0,0
-256,-17,-4,19,13,3,3,-20,-7,2,14,-13,-14,3,4,-3,-6,11,-34,16,-7,9,11,-2,-20,-11,-21,-6,15,-28,-31,-18,-2,-27,-13,14,17,6,-11,7,-14,-23,-244,-25063,-25203,-25166,-25187,-24708,24944,24690,-24969,-24704,24476,-24477,24457,-24716,-123,12,-5,19,4,-17,-12,3,14,0,10,12,7,9,-10,-3,3,5,-20,2,8,27,9,-32,-18,-99,-68,-51,-61,-59,76,55,-73,-100,-120,-19651,-19598,-19748,-19715,-19290,19507,19323,-19506,-19295,19117,-19138,19118,-19303,-128,-6,30,2,-18,10,-17,30,-51,-12,-10,-33,-20,-5,33,33,54,-10,-19,1,-41,-4,10,7,4,-5,16,8,-13,-5,38,-29,-17,-6,2,8,12,-13,-17,10,-14,-15,2,-4,-24,18,-9,2,-10,-29,-10,-24,-13,1,-3,3,21,27,12,-43,8,10,10,0,-10,-15,-5,-11,-12,-4,-3,-20,-9,9,15,28,27,-22,-7,-23,21,-6,17,10,-9,-41,-19,-2,5,26,4,3,4,-21,-24,-14,-11,-21,6,12,-14,8,-1,-17,7,-10,6,14,1,-6,3,3,2,20,-5,8,-21,-16,-19,17,-20,3,-33,-3,13,-11,-2,7,0,0,0,0,0,0,0,0,0,0,0,0,0,0,0,0,0,0
0,-18,-8,-9,-2,-10,-8,-3,4,-6,-27,-6,-15,18,1,-14,-2,-14,-17,16,9,-18,11,-19,-6,-24,-14,-14,0,-3,10,-6,-21,-8,-5,-4,-15,-9,-26,-6,1,-3,-287,-25077,-25194,-25201,-25198,-24722,24941,24689,-24958,-24703,24450,-24488,24466,-24717,-138,-25,31,-41,25,-15,-23,-42,-10,7,9,-22,9,-3,-12,-45,13,5,48,1,-30,10,-25,14,-19,-82,-73,-101,-10,-85,53,94,-68,-80,-153,-19666,-19613,-19743,-19672,-19285,19533,19294,-19471,-19267,19158,-19153,19111,-19333,-127,-3,-6,-9,-23,-4,20,-16,7,-1,-2,-26,-4,3,-47,23,9,-7,24,-25,-3,40,16,-6,-10,-30,14,-20,-25,-17,-12,-44,10,-24,-40,12,-23,-27,16,26,21,2,-5,-24,-29,5,3,-7,9,-8,-40,-6,1,0,-9,9,-3,3,-13,-5,-38,9,4,-20,12,-10,3,17,-1,5,12,12,-4,-9,-5,-13,-8,-11,-16,18,14,5,24,-6,-9,17,-14,12,-3,-17,-1,13,-4,-23,-32,-17,13,2,-18,8,-15,-22,12,-2,12,17,5,-24,4,0,1,12,-4,15,-11,9,-17,-11,3,9,12,20,-10,19,-17,-3,-12,-4,0,0,0,0,0,0,0,0,0,0,0,0,0,0,0,0,0,0
0,-4,3,-18,-16,-22,-20,13,11,23,-21,-20,-7,0,-17,-22,-27,-10,-13,2,17,13,-10,-3,13,-2,-6,8,0,2,14,12,5,-2,-8,5,-15,-15,-37,-26,-18,-6,-257,-25081,-25189,-25201,-25181,-24700,24952,24720,-24968,-24702,24467,-24477,24478,-24707,-117,-5,0,8,-6,-15,-13,-4,-20,-35,8,-27,2,-4,-18,8,-4,16,-38,9,-28,2,-4,-16,-24,-65,-77,-55,-45,-100,106,65,-68,-66,-80,-19677,-19617,-19799,-19658,-19306,19547,19296,-19484,-19317,19122,-19163,19119,-19314,-105,-44,25,-8,2,-12,-4,-31,0,0,-26,-11,-12,-19,-40,16,-17,-13,-15,38,-5,-47,-16,-20,-4,6,-9,-16,1,-20,-26,-13,2,-14,-35,-20,-1,15,-17,9,-21,-18,-15,-14,10,-9,9,-17,-11,5,-10,-15,-4,-17,14,-14,10,1,5,-9,-4,-19,-8,2,24,-34,-8,-7,-26,-7,-1,30,-9,1,32,2,5,0,1,-14,-3,0,-15,-3,-6,6,-18,-9,-15,-12,5,9,0,-2,-14,0,2,-15,8,-7,4,-13,1,1,-5,-21,-11,-15,16,-15,-13,0,-25,-3,-35,-2,8,5,7,6,21,-12,7,11,-17,-5,-3,-19,0,0,0,0,0,0,0,0,0,0,0,0,0,0,0,0,0,0
0,2,-5,-3,16,-3,-19,-14,12,28,-3,3,0,-20,6,6,1,-6,0,7,-20,11,-18,-20,3,-3,0,3,-10,-25,8,7,4,6,-24,-37,-15,4,17,-20,-4,-16,-233,-25085,-25210,-25221,-25213,-24712,24958,24698,-24972,-24705,24464,-24466,24465,-24703,-98,-8,8,-24,-27,2,17,-25,24,-1,-8,-6,-13,1,-3,-23,-13,-1,13,17,30,-32,-2,-13,6,-83,-85,-54,-87,-117,61,78,-99,-67,-136,-19655,-19634,-19725,-19662,-19338,19517,19273,-19517,-19309,19147,-19110,19110,-19316,-109,-3,-23,-1,25,9,21,-6,10,-20,50,1,9,12,-44,12,11,-12,4,18,-9,14,-19,33,54,-29,-21,-21,15,-9,-19,33,13,31,-1,6,-19,-12,-34,30,-11,8,24,-8,0,-6,-18,5,17,2,14,6,-15,-5,-7,26,13,12,8,-4,-1,3,-22,4,18,-16,-4,-2,-12,8,6,-11,-20,-20,2,5,-8,-7,-4,6,-7,-1,-23,-32,3,19,6,-6,0,-1,-5,-6,-4,8,19,19,-9,-2,12,-20,-6,17,23,-12,-5,-11,-15,-11,18,3,-11,-8,-5,-23,33,-4,3,-13,10,-23,-1,6,36,17,-6,8,-2,3,0,0,0,0,0,0,0,0,0,0,0,0,0,0,0,0,0,0
0,-4,-29,-4,-6,-10,1,-4,-3,-15,-10,-5,6,-10,-28,-17,-8,2,-22,-17,14,12,-14,9,0,20,14,11,34,13,-2,7,-17,-33,-9,9,-6,-22,-25,-2,2,-4,-246,-25084,-25193,-25189,-25170,-24690,24964,24680,-24980,-24707,24455,-24472,24459,-24711,-130,-17,-12,19,-40,2,-5,-17,-18,9,6,-37,2,-11,1,37,-7,4,20,13,14,15,-47,-53,17,-59,-79,-53,-75,-79,41,62,-104,-71,-180,-19666,-19604,-19741,-19701,-19337,19526,19284,-19520,-19311,19111,-19156,19103,-19316,-87,14,-10,3,-31,-6,36,9,-33,-29,20,-19,-3,-12,-24,5,-35,-23,1,-38,15,-25,19,-23,15,1,-32,-51,-4,18,31,-13,-2,11,1,-23,9,-21,-21,-36,-19,-15,-22,10,-21,-10,1,31,-43,-13,-13,6,-4,7,-26,-4,-2,-11,2,9,-14,4,-3,11,20,22,-11,-22,7,-12,-9,4,-18,2,-18,-9,-5,14,5,-19,-1,-3,4,-15,-21,7,-27,-2,-2,14,-8,-24,-9,-1,-27,-5,-42,5,3,-13,21,12,4,0,-10,13,-7,-21,-7,-15,4,0,1,-13,1,-7,-13,-4,-30,-20,12,-1,4,-27,-3,-3,7,-6,0,0,0,0,0,0,0,0,0,0,0,0,0,0,0,0,0,0
0,-1,4,8,-17,-22,21,22,-14,6,1,16,-6,3,8,20,24,4,-3,-1,-4,19,-4,-7,1,25,1,-10,20,-34,-8,15,15,-8,16,-14,-4,-4,2,0,-11,-11,-235,-25077,-25178,-25204,-25189,-24712,24974,24712,-24987,-24726,24487,-24481,24448,-24716,-127,31,-2,6,-1,-7,2,-30,-8,-27,-22,-6,22,-6,9,18,-32,-4,14,-1,-26,9,49,0,11,-89,-88,-96,-89,-69,61,120,-63,-93,-124,-19684,-19646,-19775,-19733,-19305,19517,19299,-19480,-19261,19140,-19130,19091,-19225,-96,17,7,-23,-26,-6,-12,5,-5,-13,-9,35,-19,-24,-25,18,-24,24,16,-4,-27,-1,1,-23,-10,17,-49,4,-26,31,-5,-18,-27,-7,12,9,-9,19,-9,-26,-9,11,14,1,-5,27,-9,-12,-10,4,-14,16,2,-5,0,-3,-5,10,4,-16,5,-19,23,0,15,25,-17,-7,6,9,4,11,3,2,14,-3,-21,-10,0,-11,-1,-25,-8,-22,4,-16,-15,-6,-11,-2,9,-19,-14,18,10,1,-21,10,-9,-16,-26,-5,-10,15,-6,9,12,-31,-5,-5,-20,5,-15,3,-25,2,10,-1,-6,-25,-7,-14,6,1,1,-12,2,5,0,0,0,0,0,0,0,0,0,0,0,0,0,0,0,0,0,0
-256,6,-11,2,25,-3,15,-24,2,1,16,12,2,-12,-4,-10,-9,-5,-10,7,-1,19,12,6,-14,-23,-11,-1,-14,2,-9,-6,0,37,-13,4,-12,-7,-10,-13,24,-14,-253,-25090,-25176,-25228,-25167,-24718,24973,24687,-24965,-24656,24453,-24481,24491,-24728,-114,-14,-5,-14,-17,-34,-21,-7,-4,-10,9,-5,-5,13,21,-9,-4,-3,3,-17,13,-2,20,7,0,-80,-61,-93,-96,-67,67,58,-102,-89,-122,-19722,-19639,-19744,-19687,-19360,19497,19284,-19524,-19305,19116,-19162,19094,-19301,-105,-4,33,-28,20,14,-1,-9,17,-32,48,-20,-2,-2,-10,-14,38,8,14,15,19,-48,35,10,-4,5,-40,16,-19,1,24,-42,22,14,1,12,39,9,18,-21,-10,-10,5,-9,-6,12,10,-12,2,-21,-21,-25,0,-16,11,17,-7,8,18,14,-7,-13,-33,30,18,1,7,25,3,1,-11,20,-5,-22,23,-12,-18,-23,8,-21,-27,-21,26,14,-12,0,5,-14,7,8,-10,-20,15,-12,5,-6,0,6,-26,-2,4,-12,3,-26,-11,-2,0,-18,7,2,-2,-16,14,-22,-9,3,-24,-5,8,-2,-5,3,-13,27,-1,17,-20,-4,0,0,0,0,0,0,0,0,0,0,0,0,0,0,0,0,0,0
-256,18,-42,7,-18,1,-27,6,12,-6,-13,9,-11,-22,-31,8,1,7,13,-1,5,6,22,-29,-8,-17,27,-18,-3,-11,8,-16,-14,-15,-24,-2,1,20,21,-14,-34,13,-253,-25058,-25200,-25220,-25207,-24712,24966,24698,-24991,-24700,24482,-24482,24446,-24745,-117,34,-6,-6,5,8,-24,-14,-3,3,-8,1,-9,8,-11,-16,5,-15,9,-9,1,2,-9,-11,-28,-85,-88,-106,-54,-47,101,65,-29,-60,-82,-19725,-19627,-19783,-19673,-19321,19513,19289,-19537,-19307,19149,-19109,19117,-19318,-91,-44,-7,-10,7,1,-2,10,43,-22,2,-28,7,-14,2,-30,-28,13,-12,11,-16,24,-14,-20,-41,-68,-14,20,9,-13,-60,-15,29,22,2,-11,-7,-18,-15,-11,16,19,-15,0,-14,7,13,-10,-18,-2,-14,-12,-12,-5,5,-10,-33,22,-5,-21,-1,20,-18,-10,-25,18,-8,37,-3,-11,27,-1,-12,-8,-2,-25,-10,-1,-6,3,5,7,16,-1,-5,1,0,11,4,-1,-2,-6,13,8,13,2,-9,22,-20,1,-8,5,6,-4,-21,-6,7,-14,17,-14,23,7,12,6,-26,10,-3,-12,-13,-29,-1,10,-10,6,4,15,-34,-15,0,0,0,0,0,0,0,0,0,0,0,0,0,0,0,0,0,0
0,-13,-17,-5,-13,-1,0,5,-12,-2,13,-5,-2,-12,-1,25,-25,-18,-6,-7,-22,-29,-14,-13,-30,-6,-11,-1,-5,12,-19,-24,16,-8,-21,20,17,11,-29,-28,15,-68,-257,-25092,-25190,-25166,-25191,-24675,24961,24709,-24950,-24698,24476,-24476,24461,-24741,-121,-8,-6,2,-16,9,-4,5,-12,-37,-39,11,0,15,18,-4,9,-13,7,8,-16,-16,1,-5,-43,-90,-64,-84,-89,-82,95,71,-62,-85,-128,-19692,-19649,-19744,-19675,-19339,19494,19282,-19486,-19330,19090,-19126,19128,-19300,-106,49,-10,14,16,-23,-7,-53,17,4,11,-5,-54,-31,-6,7,12,10,-30,-17,-24,0,14,-4,-13,-26,-35,-11,-15,9,14,-7,10,-22,-15,-24,-32,-6,-28,-10,-2,1,3,-8,-3,-8,-18,4,9,-9,7,17,9,-11,3,-21,12,20,13,3,5,-3,-18,17,-16,12,8,0,-9,-5,-10,9,1,-6,-10,-5,-10,12,-6,11,6,3,-19,0,20,-7,-7,-14,-10,17,10,0,0,13,3,8,15,-2,15,-7,-6,-16,-31,0,23,-20,-10,19,0,-1,-7,6,6,2,-4,5,8,-8,-5,-14,12,-12,2,2,13,-23,13,-5,0,0,0,0,0,0,0,0,0,0,0,0,0,0,0,0,0,0
-256,6,-21,27,-17,7,13,5,0,4,7,-26,3,-21,-21,-25,-3,-12,6,-12,-20,-15,8,-14,18,-8,-15,16,-12,1,8,-5,-2,13,0,-26,0,10,13,-6,17,15,-226,-25095,-25181,-25212,-25200,-24725,24956,24678,-24990,-24733,24452,-24475,24483,-24725,-97,-26,-5,-3,2,11,-11,-38,-18,-7,-25,22,-12,-45,-3,-11,0,-31,13,6,-22,18,-24,-34,-26,-95,-54,-109,-85,-70,71,128,-113,-110,-126,-19671,-19627,-19759,-19699,-19318,19496,19321,-19495,-19301,19131,-19147,19113,-19301,-73,2,15,-21,20,1,-29,-31,-27,-19,28,31,3,-9,24,22,-26,35,5,9,21,-36,-22,-37,-7,4,26,-7,18,-20,26,0,-20,-34,25,13,7,-19,-23,16,-16,-1,-1,1,-13,-9,-20,3,-22,7,4,-6,5,-6,15,-17,12,-7,5,3,-21,6,-2,1,7,-15,20,-13,-19,10,-2,4,-21,10,15,-14,-8,-10,-25,9,-9,2,17,24,-21,-1,-35,-11,6,0,-18,-2,-19,-2,-10,-17,-9,-24,-11,-9,-19,12,5,-1,-10,3,5,0,-46,-3,1,14,-18,-5,18,-10,-10,-22,-18,5,-6,-13,3,8,-20,-8,14,9,0,0,0,0,0,0,0,0,0,0,0,0,0,0,0,0,0,0
0,-6,-10,7,29,-6,9,-4,-7,25,19,2,3,9,-4,2,19,0,9,4,1,2,11,-7,16,7,29,15,-15,0,-10,-9,-10,13,17,15,14,-1,1,-7,-6,-9,-248,-25064,-25168,-25183,-25194,-24666,24991,24700,-24971,-24680,24465,-24461,24450,-24749,-96,-38,-22,-10,13,-10,1,-5,5,12,16,-31,-3,-23,-49,14,-10,30,33,23,-2,29,-10,6,-37,-90,-62,-76,-67,-76,68,34,-94,-67,-103,-19670,-19626,-19748,-19674,-19323,19525,19277,-19508,-19274,19129,-19125,19159,-19277,-109,17,13,12,-1,-13,-19,29,11,32,-31,-23,8,3,-29,8,-37,-12,-36,24,-32,11,-14,14,-3,-8,-3,30,16,-27,-16,-2,-7,-10,5,17,1,32,-1,-2,3,1,-14,-11,8,9,-10,2,-4,-9,18,7,11,-24,-16,2,22,-34,2,12,20,-1,21,-3,-6,-12,-12,2,-16,6,-16,-25,-21,21,11,7,-4,4,-11,-3,18,-14,-13,-10,10,27,-17,-18,7,35,-16,8,-34,20,-12,13,10,-25,4,7,16,-9,4,13,-1,0,-40,16,-24,-15,-7,-33,5,-31,-20,-22,-11,-16,-13,-28,11,-36,8,-14,-11,7,-4,-11,0,0,0,0,0,0,0,0,0,0,0,0,0,0,0,0,0,0
0,5,3,-16,-25,-12,-7,3,-3,-10,2,42,0,-16,20,8,-24,7,13,-7,4,-4,-8,7,9,-16,-11,-15,-3,-24,-24,8,-10,-2,0,6,-26,3,9,-5,-20,5,-223,-25048,-25222,-25209,-25194,-24697,24925,24687,-24947,-24671,24471,-24465,24480,-24725,-104,-18,-2,-12,-58,3,8,6,-18,-1,0,-36,-1,-18,-18,-4,-26,8,19,-1,2,-6,16,-36,17,-36,-77,-117,-76,-93,88,48,-80,-120,-133,-19646,-19627,-19758,-19671,-19334,19514,19316,-19486,-19314,19141,-19113,19110,-19329,-91,-7,-18,-8,-5,5,-39,2,5,-2,-2,-28,-64,-7,-1,18,-8,16,-9,-10,-22,15,-35,15,-44,7,5,20,-25,-14,-8,-14,-22,3,3,-2,-8,-3,-9,7,6,40,-2,-11,-10,-12,5,24,5,-11,-8,-1,-11,5,-3,10,-11,-1,-7,-5,-12,3,-13,27,0,19,-1,-5,-10,-19,-3,-7,-17,-4,34,-2,-5,17,9,-9,-15,-12,9,12,-4,1,-2,26,-3,3,-20,-4,7,-27,-25,8,8,-6,4,-16,18,-7,-31,6,-20,4,-22,4,-2,18,8,-8,-8,-45,-33,23,-1,-15,6,3,-16,13,-4,-9,-19,12,-4,3,0,0,0,0,0,0,0,0,0,0,0,0,0,0,0,0,0,0
0,9,2,-11,-11,23,-1,-6,-5,-3,-12,-1,2,-1,-25,7,3,7,19,8,6,-6,7,-13,6,28,-11,16,-18,12,20,-14,-3,-6,-17,2,-8,-20,-3,-16,10,-9,-254,-25078,-25199,-25209,-25173,-24709,24966,24671,-24954,-24682,24452,-24470,24463,-24721,-109,-27,-18,-36,-27,-8,-4,-12,-23,4,13,-2,21,15,9,-8,-2,-16,-13,-18,6,17,11,21,-11,-76,-91,-100,-92,-72,36,62,-57,-69,-142,-19679,-19672,-19808,-19682,-19325,19537,19302,-19523,-19352,19119,-19144,19105,-19321,-104,-18,-52,12,-23,-8,-28,-3,-8,29,2,3,-8,21,-6,21,-21,-11,-9,10,20,0,-1,2,4,-18,1,-51,-22,-22,-12,-1,-8,20,7,-7,-21,-11,-5,6,27,-6,-3,-13,-31,-27,6,8,-31,-19,-23,-14,0,-22,-5,11,-25,-11,12,-12,0,-1,-6,-9,-14,31,3,-6,1,-5,-5,-8,3,10,9,-10,2,-16,-16,16,-1,14,-13,-6,10,-8,-25,-25,16,-21,-37,-8,-8,-15,-21,-13,25,17,12,-15,-1,-1,-11,-9,-5,-2,5,8,-6,7,7,0,-33,-35,34,-4,-20,5,0,-26,12,-41,2,12,-19,-29,-30,16,0,0,0,0,0,0,0,0,0,0,0,0,0,0,0,0,0,0
0,19,-12,-2,-17,-17,-6,-20,16,25,-13,-31,-6,-14,-1,-5,-16,1,-21,-3,15,-1,22,-30,14,-9,2,5,-8,-10,11,-9,-26,-2,-26,5,-6,-5,-5,-33,6,5,-232,-25078,-25191,-25191,-25201,-24688,24935,24703,-24940,-24689,24448,-24465,24456,-24734,-122,-7,17,2,-26,-32,8,18,-19,-24,-7,0,2,-16,-27,-17,25,-2,18,6,-27,35,3,-13,36,-75,-91,-116,-65,-105,66,54,-103,-105,-97,-19669,-19603,-19729,-19701,-19298,19516,19296,-19530,-19333,19104,-19128,19114,-19335,-97,34,10,0,-1,-18,4,20,-16,-44,-39,-17,-12,-14,-43,-8,10,17,-19,-22,22,38,-48,-12,8,-31,18,17,-17,29,11,-11,9,17,-16,-25,-10,24,14,-31,-4,-3,-8,-4,5,-10,8,-19,5,-30,-23,-11,-26,-9,-7,4,-5,5,-3,-18,8,-4,-7,-3,-20,6,25,30,1,-1,-6,-14,-14,1,11,8,25,0,3,8,10,13,-1,5,-22,-6,13,-8,47,4,15,-23,-25,8,10,-7,-1,-10,10,4,13,26,-29,-11,-20,7,-1,19,8,-17,13,-7,-6,8,-3,12,-16,-19,19,15,-4,16,-2,-1,-10,-11,16,8,0,0,0,0,0,0,0,0,0,0,0,0,0,0,0,0,0,0
-256,-32,-8,-10,-22,-8,15,-7,-25,-15,-8,0,-30,2,-30,8,9,6,6,-9,-4,5,-3,7,-14,-13,2,-9,-5,6,-11,-24,4,-6,-15,-2,-20,-19,-21,-2,25,11,-257,-25085,-25191,-25183,-25206,-24712,24958,24704,-24962,-24662,24465,-24485,24479,-24727,-128,-24,17,11,-5,-32,-34,-16,-1,19,-8,-2,-18,-23,-1,15,-17,11,1,-3,-27,9,5,12,11,-96,-91,-47,-70,-86,76,87,-34,-71,-116,-19654,-19613,-19776,-19712,-19273,19521,19314,-19494,-19255,19131,-19151,19121,-19298,-63,5,-68,23,-24,-31,-13,4,-6,13,-17,22,-14,-17,27,-35,5,-18,-8,-39,-21,17,-23,-30,14,-16,6,-4,-8,-9,3,63,-12,3,-34,4,-7,-11,9,3,-10,8,-12,7,-22,-16,22,16,0,0,5,3,-3,17,23,6,5,-42,11,13,-3,10,-11,15,4,20,27,-3,9,-13,-1,0,7,8,-11,-5,9,9,-41,-1,-22,2,-13,-6,7,-4,1,-11,5,-5,32,-24,-31,12,-4,-2,-10,-18,-16,3,8,5,-12,-22,-25,5,-10,-18,7,8,9,9,21,6,-20,-23,-29,-15,-14,-9,21,4,-12,-3,-27,-6,-26,-7,0,0,0,0,0,0,0,0,0,0,0,0,0,0,0,0,0,0
0,-12,-15,10,-16,-13,1,16,-20,-28,-13,-12,-18,13,8,-3,-17,-22,2,-12,3,12,-5,21,-13,-10,-26,-11,13,2,11,-19,6,0,-15,-3,10,-5,-23,11,11,-10,-256,-25078,-25190,-25205,-25185,-24681,24960,24712,-24960,-24704,24463,-24460,24488,-24702,-113,-16,-4,17,20,5,24,5,-2,2,16,-10,-3,0,18,-41,-31,40,-38,8,-4,-3,12,3,-32,-55,-85,-46,-51,-75,52,71,-63,-89,-140,-19656,-19630,-19745,-19680,-19343,19535,19301,-19499,-19317,19133,-19099,19081,-19300,-86,16,13,-7,29,16,34,-33,-28,-12,-21,-17,-6,0,7,-8,-18,-11,-8,46,-23,-27,-9,-24,5,-5,-3,12,38,-4,-9,7,-2,-24,27,22,-40,12,-14,-8,16,-23,-6,26,-4,-24,-15,-37,11,-12,6,-4,5,-33,-9,-6,-16,-13,7,3,4,-2,-3,12,-19,-2,8,-11,-5,-9,8,-14,-18,-4,26,16,9,-28,8,12,-9,23,4,-21,12,-11,-38,0,9,1,25,-26,-13,7,-11,-7,-30,1,11,-2,-18,-8,-15,1,-17,-9,16,-26,-12,-27,-3,-13,-1,7,11,-1,-2,-17,-15,-17,-11,9,15,-2,-14,22,19,12,0,0,0,0,0,0,0,0,0,0,0,0,0,0,0,0,0,0
0,9,0,23,24,-12,15,-4,8,0,22,-4,-4,-16,-8,-8,-18,-13,-25,-2,14,1,-14,-21,-5,27,8,-2,-10,17,0,-7,12,12,6,7,-5,-8,-23,-10,10,13,-241,-25063,-25186,-25188,-25208,-24715,24942,24690,-24962,-24677,24476,-24431,24471,-24753,-100,24,-5,-24,-4,-11,-16,-14,8,21,-14,7,13,-35,-27,25,-39,4,-10,-20,-19,-7,13,-2,-12,-54,-49,-78,-73,-51,106,51,-106,-107,-99,-19668,-19637,-19796,-19723,-19350,19480,19326,-19468,-19351,19094,-19105,19144,-19285,-82,40,8,-15,-16,41,-50,-2,-12,6,6,35,31,23,22,32,-15,-8,-22,2,19,4,-15,15,1,-32,-6,-5,-3,4,11,-8,-20,2,25,10,24,-27,-2,-7,17,1,-14,0,-9,-15,-21,-24,-16,-22,-3,-9,-10,30,-17,-12,-9,-15,15,-1,-11,5,-15,-3,26,13,1,2,10,-19,-16,-8,-7,-11,-35,29,-14,7,23,-16,-6,4,-12,-14,-9,-8,14,15,11,-5,-19,-20,-2,4,21,-33,14,-17,-11,21,13,10,14,7,6,-28,7,3,10,-13,-10,-23,0,22,-25,-2,-9,12,-2,0,-7,7,6,-3,4,-1,-16,-5,0,0,0,0,0,0,0,0,0,0,0,0,0,0,0,0,0,0
-256,-19,12,-15,-11,3,-7,-19,7,-11,14,5,1,5,-8,-12,-28,11,-21,-16,25,-5,23,3,-15,8,3,6,17,-3,-13,9,22,-11,-8,-6,-20,10,-20,2,-7,-19,-251,-25076,-25186,-25176,-25197,-24697,24939,24700,-24963,-24688,24488,-24492,24463,-24723,-120,23,-42,7,11,-34,0,-10,-25,6,-21,-17,15,40,0,-11,7,-10,27,-7,3,-22,3,-14,-44,-34,-89,-84,-48,-74,65,69,-21,-72,-132,-19734,-19632,-19753,-19695,-19276,19490,19305,-19537,-19319,19134,-19140,19137,-19299,-107,-4,31,-26,5,-25,9,20,20,14,3,10,36,-33,23,-14,-10,2,10,-23,-15,5,-29,-31,12,-8,-3,4,-11,16,-8,25,26,-9,14,-18,27,3,-14,6,18,17,-11,-31,15,-34,-10,4,3,5,-1,-17,-16,-7,3,-3,32,0,11,7,8,-6,-10,-30,-18,1,-18,-21,-16,-12,0,13,-3,-7,4,-6,-10,-14,-29,-11,13,6,-18,-14,16,-25,12,7,2,12,6,-5,-6,14,-5,-3,4,-10,-12,2,8,15,5,0,-5,-9,-3,-3,-10,-2,14,-20,-3,5,5,1,5,16,-13,-12,-2,-1,-11,-1,22,-12,7,13,0,0,0,0,0,0,0,0,0,0,0,0,0,0,0,0,0,0
0,-8,-33,-30,-9,5,-23,-10,-2,-3,-5,1,29,-17,20,-8,-22,15,-20,-3,-6,17,-8,-2,-6,-7,-11,3,-14,-17,-10,9,-14,8,-15,-14,7,2,-14,-29,-3,-4,-252,-25085,-25199,-25225,-25214,-24699,24953,24694,-24960,-24689,24477,-24463,24469,-24730,-102,11,-22,7,-18,-5,13,33,3,-20,-24,1,-17,7,5,-28,25,6,-5,9,2,29,-59,-3,28,-116,-72,-62,-81,-68,3,50,-96,-71,-134,-19688,-19592,-19762,-19699,-19328,19541,19294,-19510,-19302,19133,-19141,19100,-19308,-105,2,-23,-28,-28,5,-12,-1,-1,-10,-29,-2,-27,-50,1,-20,27,12,-55,10,18,31,9,24,47,-36,11,-1,1,16,10,-36,-4,13,15,-7,-9,24,5,5,19,9,33,-10,-13,-5,-6,-4,5,-4,5,34,-15,-5,-1,-12,1,0,-1,-5,-4,5,-7,-2,3,-6,30,-19,1,-29,-13,-1,-4,-8,-18,-14,-18,-4,6,-3,-3,-7,10,-24,5,-13,-12,-5,-11,-8,5,1,-15,28,-21,-38,-40,-15,-1,7,3,3,-13,6,-7,5,17,1,-1,-2,2,2,-16,-3,4,-27,10,26,-18,15,22,-1,-28,-5,-2,14,-8,-11,0,0,0,0,0,0,0,0,0,0,0,0,0,0,0,0,0,0
0,-1,19,5,-13,7,-3,18,-2,0,2,10,-14,-8,-4,3,4,-20,20,3,-15,10,7,-3,17,-8,2,4,0,-14,-8,14,2,-2,-30,-20,-28,-1,5,-22,-24,10,-268,-25100,-25174,-25218,-25164,-24694,24953,24693,-24953,-24708,24461,-24457,24480,-24753,-130,-13,-13,-34,-32,-23,-1,-10,5,-13,7,16,17,-20,-32,-32,-11,-9,-4,-5,-31,-10,5,-8,4,-110,-60,-63,-56,-69,67,43,-81,-62,-105,-19651,-19618,-19760,-19712,-19295,19451,19303,-19519,-19362,19133,-19123,19137,-19343,-84,40,-24,0,1,-13,13,-7,-12,3,6,5,-50,-2,-8,2,32,13,-28,-16,-57,29,-7,-21,2,0,14,-33,21,-49,-14,-8,7,8,-4,-40,3,22,6,-28,-10,-5,27,2,3,0,-6,5,-17,-11,13,-11,-27,10,-25,-2,-3,2,11,-11,-22,14,-5,24,-15,5,-1,-4,-11,-38,-32,-9,21,22,1,-18,-11,-11,-16,-8,-25,33,-13,2,18,9,33,-3,-4,-15,21,21,-5,-4,25,13,6,-1,-23,-16,7,-1,-7,5,-13,-15,-4,20,-8,14,7,2,-16,-15,-23,-13,1,-3,23,-17,-7,8,7,11,-11,25,-10,-9,0,0,0,0,0,0,0,0,0,0,0,0,0,0,0,0,0,0
-256,7,18,9,-16,-14,1,-1,-1,5,-6,-16,-41,-30,5,-17,18,-26,-18,7,-2,-13,-4,-3,-3,-16,-7,-4,-5,5,41,0,3,-4,30,-10,9,7,-5,5,26,-37,-252,-25084,-25197,-25184,-25206,-24694,24974,24702,-24976,-24701,24487,-24487,24484,-24724,-116,15,-3,1,13,4,-16,-5,2,-17,3,17,-3,40,1,14,3,15,2,35,-18,27,1,4,23,-76,-86,-60,-37,-73,49,59,-72,-83,-136,-19727,-19638,-19727,-19702,-19335,19533,19304,-19515,-19305,19158,-19129,19148,-19354,-108,8,14,10,-31,-5,29,-38,5,-34,-29,-17,9,-19,-14,-21,-1,-35,-9,-10,-4,-3,8,-10,9,-25,7,-5,-16,-6,-25,-4,12,-13,-7,4,-65,22,5,12,-26,-13,9,4,23,-11,-8,9,-11,16,-21,-26,2,24,-1,0,15,-19,11,-14,-16,-11,-21,-20,11,-35,-2,15,28,-9,-14,-19,-4,-1,3,-10,-10,5,15,-9,13,-16,-7,-3,2,14,-1,-33,13,-7,-12,15,-2,13,-29,-1,-17,-12,10,8,8,-18,7,1,-14,12,8,-15,-28,0,9,-8,10,28,5,-6,3,-37,2,23,-4,-16,-6,-17,-28,-14,29,6,0,0,0,0,0,0,0,0,0,0,0,0,0,0,0,0,0,0
-256,-3,32,2,3,14,-22,-3,-19,0,14,8,3,-18,-14,-3,-3,-7,17,-3,-10,-5,6,-25,-5,37,3,23,10,-13,-23,-7,0,-39,-9,-14,11,3,7,7,1,22,-256,-25072,-25174,-25202,-25196,-24717,24980,24683,-24961,-24716,24450,-24472,24458,-24726,-107,-23,14,13,-32,6,5,14,-8,-17,-3,-40,12,0,-21,-17,-7,33,-16,10,-25,-24,21,2,19,-31,-67,-107,-79,-93,70,102,-81,-76,-100,-19680,-19632,-19745,-19668,-19324,19501,19298,-19537,-19343,19122,-19132,19149,-19330,-100,-25,-14,10,-18,19,-15,-5,-5,18,-23,-6,-26,18,2,14,7,-2,-16,31,-25,-33,-28,22,1,-35,-6,-19,17,-40,-13,-8,-1,27,40,-12,2,-29,-10,-15,-15,0,23,-7,-7,-8,29,-22,-15,-9,1,-47,-4,17,-18,12,8,13,-12,-14,-8,-1,-3,-13,16,19,6,10,4,-5,-30,-5,31,-9,4,-5,-1,9,6,4,2,-28,0,-11,21,18,-15,-8,-9,-3,-9,-4,-19,-23,-7,8,10,-2,8,11,-20,-7,-32,-5,4,12,6,-2,-9,-1,-6,-7,-10,-5,-3,0,-8,4,-18,4,-24,12,-7,-30,0,-16,9,4,0,0,0,0,0,0,0,0,0,0,0,0,0,0,0,0,0,0
-256,-10,9,-3,13,-3,21,6,0,1,-28,10,16,-4,-37,4,10,-1,4,-23,-1,0,-5,-2,17,1,3,-3,2,-19,-20,-13,8,11,-12,-23,-14,-58,-13,11,10,13,-231,-25061,-25165,-25180,-25189,-24682,24936,24696,-24951,-24694,24459,-24481,24452,-24731,-117,-32,9,-6,-24,14,20,13,-23,-10,6,-12,-13,-20,-19,-5,-18,0,-14,-24,-2,-2,-9,-24,9,-87,-46,-66,-94,-78,66,72,-82,-40,-122,-19675,-19600,-19764,-19687,-19325,19496,19260,-19508,-19318,19142,-19070,19104,-19301,-113,11,-25,7,-24,-51,33,-20,-35,-15,-2,-7,-9,-7,17,26,12,-20,-11,-35,-43,0,-32,-28,-9,-18,1,-6,-32,12,0,24,-34,25,18,-36,-32,-1,8,1,15,-19,-2,-5,-13,-8,-3,10,-9,30,13,-10,12,-19,-23,4,-2,-17,9,-10,-1,7,-14,-7,-5,-14,21,-26,-18,-11,-12,29,38,-7,10,16,2,1,7,-12,-17,4,8,2,-14,8,14,-2,9,-18,10,15,-12,-12,0,10,2,1,16,-23,-5,10,-5,8,8,-13,-4,1,-12,-13,-30,5,-16,0,-15,-15,-7,-17,-7,22,4,-14,-27,6,-10,25,6,8,0,0,0,0,0,0,0,0,0,0,0,0,0,0,0,0,0,0
0,-25,-2,7,0,16,7,-25,-4,1,-2,8,-3,-1,-4,-9,29,20,-10,-14,-39,-2,-6,-16,1,23,-20,17,9,-4,-16,-10,-16,7,-6,-3,-12,11,-18,8,1,-6,-226,-25092,-25179,-25188,-25197,-24701,24977,24718,-24974,-24668,24465,-24452,24472,-24716,-116,8,-11,7,-8,-6,-17,2,-2,-14,-13,-2,25,-1,11,0,-18,-1,-35,-2,0,-18,0,3,-42,-52,-88,-73,-81,-74,46,90,-94,-127,-135,-19660,-19637,-19759,-19725,-19303,19469,19299,-19500,-19283,19125,-19118,19131,-19324,-104,4,-48,5,20,8,-18,-29,-54,-20,11,-19,5,3,14,22,4,13,-28,18,-8,-14,6,28,-3,21,12,17,-13,-31,8,-6,-27,5,31,-9,-46,0,-15,-11,-6,13,-20,-14,18,-14,-32,10,-12,-13,-6,-15,19,28,12,-8,-7,-1,-24,-7,-51,11,10,16,-15,0,-28,8,-7,-20,-6,1,-18,2,-11,6,7,-5,-13,-22,20,6,14,-12,-22,-14,-5,-1,-4,3,-4,-5,26,-14,-13,-5,25,-2,-1,0,-2,-10,-17,19,9,-7,11,14,-4,-8,-3,-3,-23,-7,-16,-2,-11,29,-4,18,-10,-9,-4,22,18,-25,-4,-11,0,0,0,0,0,0,0,0,0,0,0,0,0,0,0,0,0,0
-256,-23,-4,1,10,-1,-30,18,-14,-18,-11,5,-13,-15,-11,-7,15,-3,-1,-10,-19,-14,1,-10,-3,10,40,-11,15,-4,-4,12,10,-1,-2,-22,0,-36,-1,22,-16,8,-218,-25046,-25184,-25188,-25206,-24713,24958,24684,-24980,-24729,24471,-24478,24435,-24708,-109,24,1,5,7,6,-19,23,11,-6,14,7,-35,9,17,7,-2,-43,-36,15,6,-29,22,-12,-8,-91,-88,-58,-77,-60,61,72,-75,-25,-123,-19695,-19608,-19761,-19663,-19314,19515,19289,-19505,-19304,19155,-19135,19110,-19298,-98,-19,0,0,-5,14,-11,-8,-43,-15,-29,11,5,-17,-22,-22,15,16,28,26,16,-18,18,6,39,28,28,-5,-21,-17,33,-37,5,-1,-11,-15,16,-35,24,-4,-9,21,8,25,-9,-23,1,11,-5,3,11,1,7,-11,6,-13,-19,-13,6,15,-7,-2,-4,-2,7,-13,-19,-13,-18,-6,1,7,-1,-28,-19,-4,-16,5,-24,13,6,-3,-18,0,17,-5,-35,5,1,0,-20,-7,20,0,12,7,-20,14,-21,-13,-11,1,2,-27,-14,18,14,-24,-3,-6,-32,16,2,-20,7,4,8,-14,1,12,9,26,-20,6,16,0,-11,10,0,0,0,0,0,0,0,0,0,0,0,0,0,0,0,0,0,0
0,9,5,-3,0,37,23,22,-10,-4,-2,7,-29,-3,4,-13,17,10,-23,7,13,-10,-37,10,-8,-3,3,8,8,12,32,2,-31,-3,-30,-11,16,-4,21,-7,0,12,-246,-25103,-25168,-25186,-25193,-24693,24974,24704,-24966,-24698,24473,-24474,24491,-24744,-128,13,-28,-13,13,36,-6,0,22,16,7,-7,-14,-6,15,-3,-10,-12,12,13,19,-7,-1,-5,-13,-70,-63,-87,-76,-36,73,90,-61,-66,-143,-19678,-19672,-19774,-19664,-19308,19480,19290,-19490,-19291,19133,-19110,19126,-19252,-86,15,0,-16,21,-1,-22,9,20,11,-19,-19,-11,13,-30,-8,-21,-11,36,15,-4,25,-3,-7,27,-19,-20,-27,-59,38,-25,-4,-9,-15,-27,-1,-27,-8,0,27,-9,-4,-22,-9,-10,-24,0,-10,-10,28,35,-33,-2,4,0,0,2,-6,11,-30,-3,-29,7,8,-20,5,-12,-6,5,5,-33,-12,-8,-21,-9,-2,4,23,-2,-2,8,-6,-5,-6,-1,-27,-1,-20,-20,-2,-5,-8,0,-4,6,8,11,7,-38,-12,-13,-12,-17,-20,0,-5,-7,0,-11,4,-26,-21,6,11,-12,-11,21,-2,-18,3,-4,-29,7,-32,-11,9,0,0,0,0,0,0,0,0,0,0,0,0,0,0,0,0,0,0,0,0
-256,-25,-5,-24,-7,-15,1,-20,-14,-17,-13,20,13,16,-7,-14,-17,-10,-11,-1,-4,17,21,-4,-4,-1,31,-9,-16,15,1,17,9,0,-8,-26,7,-6,-12,10,-10,6,-273,-25101,-25188,-25216,-25192,-24697,24959,24697,-24959,-24692,24452,-24482,24461,-24728,-131,-8,-24,-20,-26,-30,-16,-18,39,15,-1,22,-2,5,11,-7,19,-6,13,-14,-25,0,-3,22,12,-70,-88,-65,-87,-64,93,58,-53,-46,-121,-19679,-19600,-19743,-19701,-19274,19513,19299,-19539,-19299,19087,-19131,19120,-19300,-94,-31,19,2,-27,-7,-5,-3,-28,1,-36,6,35,-9,-16,-24,28,33,9,4,-48,6,-10,14,-33,-21,-22,13,6,-3,0,-14,-17,-8,-5,17,-14,1,-27,-6,-10,-13,-8,3,-24,14,-30,-1,-7,-29,7,8,-35,7,-18,29,-17,-5,-6,5,-1,6,4,-8,1,-19,28,13,10,0,-32,9,-29,10,-7,-25,-12,-9,17,20,11,20,1,-10,-10,-18,15,12,3,8,-19,20,-9,1,-12,0,9,-23,-15,-30,-9,-14,-17,-26,14,0,-1,-7,20,-17,-23,10,9,-7,-15,-8,-13,-18,-36,-9,18,-26,-5,0,-3,-5,-17,-16,0,0,0,0,0,0,0,0,0,0,0,0,0,0,0,0,0,0
0,-14,-4,-11,-7,-8,6,-19,-4,-8,-9,-1,4,-23,18,-6,-15,7,-4,-5,18,-15,-29,-2,1,-2,-12,12,-13,-1,-26,-7,-13,9,7,-33,-29,13,10,-22,0,-8,-246,-25071,-25194,-25187,-25191,-24715,24957,24705,-24958,-24674,24477,-24498,24457,-24727,-115,30,-28,-22,-1,-21,-11,-2,-27,1,-3,27,-16,4,5,-16,19,-4,-8,22,1,-13,23,-28,-24,-112,-101,-19,-72,-47,56,56,-54,-75,-172,-19681,-19647,-19757,-19702,-19290,19546,19310,-19495,-19290,19111,-19158,19155,-19338,-100,-5,-40,29,-39,-7,-1,3,-31,-23,-11,5,-4,0,1,2,41,-10,6,-17,2,21,28,41,1,-26,26,18,-6,-10,-6,-30,-24,12,26,-8,2,13,-20,1,-1,19,4,1,-12,-11,-25,21,-32,-9,24,-7,2,-3,-15,11,9,-15,19,-34,-11,-19,1,-15,-3,19,-19,1,0,0,-12,-12,14,-11,-6,-2,-7,4,10,14,-39,3,-20,-14,23,-3,-29,-1,-11,-12,-7,1,-11,-2,6,-3,-15,-5,-29,-10,7,13,5,-2,-21,-2,11,4,-5,-19,6,-29,-12,11,-31,-17,-9,-11,9,-1,-19,11,-3,1,-24,-2,6,1,0,0,0,0,0,0,0,0,0,0,0,0,0,0,0,0,0,0
0,3,-1,20,0,10,-4,-8,11,-14,-17,18,3,9,-7,9,-8,-1,1,-1,-33,-19,15,24,3,-11,-24,13,-6,-7,-1,-15,8,2,-3,-7,3,-5,-29,7,5,-17,-268,-25078,-25169,-25192,-25191,-24702,24965,24702,-24974,-24710,24462,-24471,24480,-24712,-143,-27,9,-25,-24,-22,-10,-7,-15,-15,-10,2,-11,13,-8,7,-5,-9,-22,-13,-63,-6,1,16,-16,-86,-90,-90,-103,-96,50,43,-87,-92,-157,-19629,-19621,-19741,-19733,-19303,19475,19293,-19535,-19280,19122,-19115,19135,-19321,-89,-38,-33,-25,-14,-20,-25,-29,-21,-20,-21,3,15,-47,9,-25,-14,-12,-14,-5,3,10,-14,9,-10,-9,0,-6,7,-21,-30,-45,30,-10,-19,-18,10,-11,-30,-1,27,-3,-3,5,-8,-8,-17,-1,8,5,14,-22,-34,2,10,-9,9,-7,-8,-10,5,19,-47,8,-22,-2,-9,8,11,-26,9,4,5,2,-8,-14,2,-3,-9,-12,1,-20,-28,-8,32,2,-30,10,5,-10,-16,-37,7,14,-6,-20,-22,-8,-5,8,7,10,15,-4,-12,6,-9,-14,-7,8,-3,31,-7,-11,-12,-4,-10,6,-8,1,-9,-12,18,-8,-7,-2,1,15,0,0,0,0,0,0,0,0,0,0,0,0,0,0,0,0,0,0
0,-5,-39,-14,-4,-2,2,-36,-8,-22,-7,5,19,-18,17,-4,1,-24,33,-12,7,10,-3,-7,-28,18,9,-16,-16,-21,-8,-10,1,6,-23,24,-25,-13,-2,-10,10,13,-226,-25079,-25185,-25198,-25179,-24674,24950,24693,-24964,-24722,24479,-24465,24448,-24727,-122,-16,-24,-18,-5,31,-29,-34,7,-11,-2,-2,-7,23,25,0,14,-42,-9,2,-5,17,-8,-34,-6,-80,-101,-51,-54,-59,84,66,-80,-65,-106,-19697,-19604,-19746,-19690,-19345,19516,19317,-19544,-19325,19120,-19126,19148,-19334,-123,-17,19,0,-33,5,6,3,18,-10,-13,3,-13,-9,-10,12,-36,-40,-42,47,-2,6,57,-6,-34,-39,1,-18,-25,3,-23,-3,23,-47,-10,20,-3,-12,20,12,-4,-3,15,0,-11,2,1,-18,25,-3,-4,-12,13,-4,-9,-8,-13,-13,-3,6,10,-13,-20,2,4,7,-15,13,29,-7,8,3,9,16,-21,11,-6,-7,-20,-19,-14,4,-40,20,10,1,3,0,-11,-14,13,17,-16,-13,-12,13,24,-30,-6,5,-32,3,-4,-15,-11,13,7,27,15,-23,8,-15,1,-11,-12,6,-4,29,-11,-29,5,-2,-3,-1,7,-15,9,25,0,0,0,0,0,0,0,0,0,0,0,0,0,0,0,0,0,0
0,-5,-4,-8,-5,6,-32,-8,-11,-47,-2,19,-25,0,-11,-4,-9,-11,0,-7,2,-7,-13,-30,-9,-23,-5,-2,-2,-9,-5,-11,-2,12,-11,-9,-3,7,13,1,2,-15,-247,-25086,-25200,-25180,-25177,-24701,24962,24707,-24955,-24669,24460,-24469,24467,-24704,-98,0,16,-3,9,-8,-18,-18,9,-12,-12,6,-1,-7,-2,0,-26,14,-5,-13,11,-29,-30,9,-15,-51,-88,-103,-99,-88,83,73,-85,-86,-110,-19688,-19611,-19746,-19650,-19271,19522,19294,-19511,-19302,19117,-19139,19145,-19322,-111,-1,-17,25,-27,9,2,-35,-17,15,2,17,-2,33,-17,21,-17,-18,-23,-63,24,23,-7,25,0,-19,14,2,-15,-15,-10,22,-24,1,-12,-6,4,2,-29,11,-6,8,-6,5,33,16,16,-21,-5,-13,1,-3,-3,22,16,-12,3,-6,-3,0,-10,6,25,14,11,-2,12,4,-20,7,4,2,7,-15,-3,16,-12,-1,12,-6,10,-14,-23,-1,-10,3,-21,13,-8,7,15,-9,-28,-12,-20,13,0,-8,-13,-13,8,-25,-15,-17,-10,-3,-15,-7,-14,-38,-12,3,-18,-25,10,-25,0,1,-17,15,-7,4,-8,-4,17,-21,-5,5,0,0,0,0,0,0,0,0,0,0,0,0,0,0,0,0,0,0
-256,5,-11,-12,9,-4,18,-17,2,-17,-19,22,2,-4,-9,4,-27,-12,-26,19,-1,-1,1,12,-12,-6,13,-16,-4,9,5,-12,-34,-8,13,-22,-10,5,10,-4,17,-3,-237,-25053,-25157,-25171,-25202,-24703,24952,24689,-24965,-24702,24452,-24476,24456,-24695,-106,-10,-41,-11,-17,-2,-22,-20,-14,-3,-8,-2,-21,5,20,15,-12,-5,9,-7,-11,62,-6,-8,-15,-67,-66,-93,-94,-71,71,103,-43,-68,-162,-19679,-19633,-19774,-19676,-19331,19491,19313,-19469,-19285,19124,-19153,19115,-19324,-110,20,-15,-3,16,5,1,10,-13,-1,2,-15,10,-9,12,6,-7,-40,46,-30,12,-6,25,-10,-3,32,-19,-34,-4,-37,-16,-32,23,4,35,-14,-22,12,2,-16,-1,11,13,-6,25,9,35,3,22,8,20,-20,5,0,-21,-11,-13,-15,21,7,-12,-18,-23,9,20,-19,5,-19,-22,11,7,-19,-1,7,8,28,4,-27,-6,2,6,-25,-13,-21,-6,3,7,18,7,-19,6,-18,9,-26,-18,-23,0,-3,-5,-7,-22,30,-2,-12,-9,-12,7,-5,-11,-13,-4,-30,12,3,-22,3,-8,-3,1,3,-4,24,-7,-6,4,4,-14,3,0,0,0,0,0,0,0,0,0,0,0,0,0,0,0,0,0,0
0,-30,-10,-5,-2,4,14,-7,23,-29,4,-11,8,-5,-2,3,2,-10,-9,-28,11,-11,1,-7,0,-6,-18,13,-11,-1,4,3,0,11,-25,11,29,-1,-13,-21,-26,-8,-224,-25058,-25180,-25187,-25207,-24709,24966,24692,-24969,-24711,24476,-24458,24464,-24733,-110,5,6,9,3,9,-27,-13,25,26,-23,32,-18,-2,-31,-25,3,-16,-4,-14,2,-11,-41,-12,-30,-71,-76,-66,-42,-81,71,70,-63,-98,-153,-19662,-19560,-19758,-19688,-19321,19498,19302,-19481,-19279,19100,-19118,19134,-19309,-101,0,-12,19,-13,-6,8,-6,-42,5,14,-10,-23,36,-20,19,-27,-12,-22,-19,18,32,3,13,6,16,1,-28,6,-40,15,17,-30,-35,-67,-9,5,18,-6,-11,-22,-5,-2,-5,3,-33,6,-27,-7,4,7,-27,-17,2,8,-7,13,6,-3,-14,15,7,-7,-29,-4,14,-13,1,-21,26,-5,-14,-25,7,13,-19,43,0,-6,-21,13,7,0,-32,2,16,11,7,7,-11,-23,-11,-26,7,0,-2,-19,-15,-13,-11,-28,-31,-38,-17,-19,-34,-15,18,-35,19,-20,10,4,0,2,5,2,-2,-8,-22,-17,-5,4,-23,-20,30,7,1,0,0,0,0,0,0,0,0,0,0,0,0,0,0,0,0,0,0
-256,15,-2,5,10,25,3,23,-15,-4,24,5,1,2,-16,-9,-16,-18,-13,0,-4,10,12,4,-12,17,-23,-10,8,10,7,-4,-19,-10,2,1,-12,21,9,-11,10,-18,-245,-25070,-25182,-25196,-25195,-24723,24951,24693,-24952,-24721,24473,-24466,24491,-24698,-123,7,-11,-10,11,21,4,-1,-15,5,-11,14,-11,44,2,-42,13,14,-14,-18,-18,-10,8,-21,0,-62,-54,-115,-90,-77,39,74,-77,-67,-112,-19647,-19609,-19780,-19704,-19325,19520,19288,-19554,-19330,19147,-19108,19131,-19321,-102,29,7,-14,-21,-14,-44,-4,-7,-12,-17,-3,-3,-6,-19,11,-16,8,22,-49,23,7,25,16,-22,1,27,-9,-17,-8,4,-35,-6,-20,-21,9,11,4,3,-29,-17,-32,-5,-16,-3,9,-5,-24,1,-4,18,-6,-5,9,3,-6,-24,-18,-4,1,17,-14,16,22,-14,-2,-14,-11,10,7,-1,-21,-26,-12,-4,2,-13,-14,-18,-22,0,-16,14,-3,-19,-4,-24,-11,-36,-7,-15,13,-28,-15,-13,4,-3,-15,-6,15,-11,3,-6,-8,-10,-3,-17,-24,-6,10,-1,-2,15,-15,-3,-6,30,-14,-37,6,-29,-5,6,-10,-23,5,-17,-8,0,0,0,0,0,0,0,0,0,0,0,0,0,0,0,0,0,0
0,24,2,-32,2,-11,-7,13,2,-2,3,4,-20,1,-10,-14,16,-3,22,29,-24,-8,7,2,4,-2,21,-16,19,11,-4,16,-25,0,-2,-31,5,13,5,-25,20,27,-256,-25064,-25164,-25181,-25177,-24691,24965,24658,-24951,-24688,24446,-24439,24453,-24713,-119,6,11,34,13,4,-15,-19,39,20,-3,26,-36,-20,-39,27,11,-8,0,36,0,1,-12,-22,-33,-22,-62,-93,-139,-75,55,80,-80,-85,-152,-19643,-19642,-19771,-19677,-19277,19519,19270,-19512,-19302,19096,-19172,19086,-19323,-99,-24,7,-39,19,-28,12,-14,-12,-13,-41,17,-24,3,-2,20,1,5,-11,-52,-4,-19,-37,40,4,-7,-17,-9,9,-11,-38,-48,-15,-18,2,17,26,-19,4,-8,-16,-45,-8,14,0,1,-15,8,2,9,-17,-1,0,-14,1,-10,4,7,11,-2,1,15,-2,-3,-12,2,-16,3,-12,-6,-15,17,18,-14,-4,-9,-14,-22,-28,12,-2,-1,7,21,16,-8,6,34,5,11,2,6,15,15,12,-7,7,-3,-12,1,-13,5,-34,-12,-29,-12,-11,7,1,22,-12,9,7,-3,12,-2,-33,-12,-25,-10,35,7,3,-15,10,8,2,-13,0,0,0,0,0,0,0,0,0,0,0,0,0,0,0,0,0,0
-256,-14,5,8,15,-31,-11,16,2,-19,-7,14,17,11,-9,-10,-27,-14,-12,-6,-5,-6,3,-15,-20,-9,-8,5,12,18,-23,-23,-11,0,18,27,-3,-27,7,-12,14,-11,-254,-25092,-25200,-25154,-25189,-24687,24981,24685,-24951,-24707,24474,-24476,24462,-24726,-139,1,0,7,-4,-10,1,-2,-9,3,12,-3,-12,23,-15,13,-17,10,-8,-17,30,-6,-10,-26,-32,-70,-66,-88,-60,-58,76,52,-76,-67,-107,-19647,-19604,-19763,-19673,-19317,19504,19278,-19501,-19285,19149,-19133,19126,-19355,-79,-1,-38,28,22,21,1,19,4,21,-21,9,-17,40,-23,-33,49,15,44,3,19,4,0,17,9,-14,12,42,42,0,15,-9,11,-19,31,29,23,33,8,-19,3,-2,-3,-21,13,17,-6,19,6,30,5,5,-13,-19,-5,2,10,-1,-7,-23,-28,-24,-10,-33,10,-1,-15,1,4,11,18,-16,-13,23,11,22,-28,-2,-22,-7,28,-25,12,1,-28,5,-5,21,-4,-2,2,23,-4,12,-8,5,-3,-10,19,14,-21,-4,-14,-25,-5,-26,23,-2,-23,3,-4,6,-5,9,-18,-10,4,-26,10,14,-1,-6,-1,2,2,15,-2,0,0,0,0,0,0,0,0,0,0,0,0,0,0,0,0,0,0,0
0,-26,-11,-29,-2,-50,-21,15,0,9,-3,-13,-4,-35,-2,3,-1,-11,6,4,-3,11,8,-6,-5,20,-1,-21,46,-19,-8,-14,-2,-6,0,8,31,-12,14,10,10,-15,-251,-25075,-25200,-25218,-25194,-24712,24981,24716,-24971,-24708,24486,-24469,24454,-24696,-109,-15,11,-27,-34,-7,-27,5,-8,-9,8,-22,-40,-38,9,-12,-14,-11,5,12,25,5,0,6,3,-90,-104,-115,-82,-42,66,68,-73,-85,-132,-19633,-19630,-19715,-19688,-19325,19501,19294,-19499,-19331,19107,-19085,19107,-19303,-81,-3,-2,9,5,-60,7,5,-2,1,8,-22,-62,-25,19,-12,3,5,-7,-18,-13,-11,19,42,-27,30,44,-9,-9,-25,-2,18,11,-18,-35,-4,21,2,-11,9,-20,1,13,-4,-21,-1,-11,-35,-2,3,-31,-13,-12,6,-11,-26,3,-25,15,-16,11,-12,-19,-10,5,-1,25,14,-3,-27,-8,-29,3,8,5,2,-15,8,19,4,9,-26,-6,10,5,-16,11,-29,-18,-9,0,-29,5,-20,17,8,-26,-29,-6,4,-6,-24,34,-9,8,-6,7,-10,-14,-27,6,-10,-16,15,-13,5,-24,-22,2,-21,-4,-4,-9,19,-16,-43,17,1,0,0,0,0,0,0,0,0,0,0,0,0,0,0,0,0,0,0
-256,-11,-7,-30,-2,33,0,1,14,4,-19,-14,24,-4,-15,9,8,-2,-23,2,-21,-6,-10,-5,41,22,-21,-18,3,-10,32,-7,17,-2,10,-19,-4,-11,-2,-10,13,2,-252,-25049,-25199,-25173,-25230,-24717,24965,24715,-24964,-24711,24474,-24463,24482,-24700,-117,-25,-19,6,9,-27,-27,-21,-12,-6,-4,19,4,1,4,-11,39,-23,-10,37,-9,9,-7,-34,10,-70,-52,-104,-65,-59,81,74,-78,-106,-129,-19705,-19605,-19770,-19658,-19304,19507,19312,-19499,-19299,19137,-19153,19117,-19308,-78,-60,-25,-2,-14,-30,-24,19,-23,25,10,-11,19,-23,-20,-34,-40,13,-8,6,-38,-17,-12,-27,-7,17,-1,-22,-15,22,-11,-12,-9,-29,1,19,36,9,17,-15,-12,5,15,-3,-27,-15,-17,1,-2,-13,6,-9,-30,-1,-10,-9,4,17,8,20,16,0,-38,5,7,-8,20,-15,-8,0,-33,-3,21,3,2,-17,-25,-9,5,-15,-10,6,7,10,-7,-2,6,2,4,1,9,-29,-7,-27,36,-1,9,15,3,-2,1,14,2,-1,-9,-12,-3,15,9,-12,7,-18,-11,17,14,-1,-23,-11,-12,-5,-9,-6,-7,-18,-7,-8,0,-2,0,0,0,0,0,0,0,0,0,0,0,0,0,0,0,0,0,0
0,4,0,-1,21,-10,-10,7,10,16,-14,7,-4,-3,-18,10,-10,21,-16,4,1,2,-4,-7,-7,10,-5,-21,-9,1,-1,-17,-13,2,-1,-3,-18,2,6,26,-20,-1,-270,-25061,-25201,-25194,-25207,-24714,24985,24687,-24988,-24709,24458,-24473,24496,-24717,-146,-8,-6,21,12,-11,2,-6,21,14,14,-11,-7,12,-10,-35,-18,-3,-23,15,33,9,-12,0,-16,-35,-69,-56,-78,-76,70,57,-73,-66,-152,-19694,-19641,-19781,-19697,-19329,19541,19285,-19515,-19301,19121,-19090,19138,-19374,-109,30,-9,3,22,-30,-47,-4,-6,11,-26,-7,-9,6,30,-29,-32,-34,-20,-20,1,-28,-10,10,-11,-2,4,-19,15,-13,-26,0,-14,-7,-39,-22,18,9,6,-28,-6,-34,-1,-11,-26,3,-12,20,-3,0,18,-9,1,-21,5,8,-4,-3,-20,-2,-6,3,2,-24,21,-12,-4,17,1,11,-24,-4,-6,20,17,-22,10,6,17,0,-22,1,-7,-14,-3,0,-1,-7,0,-9,10,-17,0,-16,-5,-7,-10,6,3,-5,12,31,-1,-12,-27,-8,-15,-6,3,30,7,7,-5,-10,1,11,-39,8,1,-3,-12,-10,-19,-1,-38,40,48,-10,0,0,0,0,0,0,0,0,0,0,0,0,0,0,0,0,0,0
0,11,-26,-9,-4,-18,-13,-2,1,-2,-20,-7,-5,-33,-11,16,-14,-16,-3,16,-30,-14,5,-31,9,20,0,-13,0,12,9,5,10,-20,0,-7,12,0,29,10,-17,-8,-246,-25083,-25202,-25199,-25192,-24696,24962,24715,-24933,-24698,24468,-24489,24477,-24728,-125,27,-11,1,3,-9,18,2,32,13,-6,-31,7,-8,-35,14,23,6,-21,-8,4,-17,13,-6,14,-100,-78,-75,-75,-91,52,50,-112,-71,-119,-19675,-19618,-19795,-19663,-19273,19525,19297,-19511,-19300,19099,-19114,19121,-19344,-100,22,-14,-29,8,2,-10,43,-3,-6,16,-32,-25,-10,-14,-22,7,17,-36,-15,-19,-7,-10,-23,11,-15,-27,17,-15,6,-25,-8,-15,40,17,-31,-14,-15,8,-16,-38,24,9,18,-10,7,-11,-9,1,2,-9,14,-11,16,4,14,-20,-20,-8,-3,-1,-2,18,-12,31,11,10,-12,3,24,-5,19,-5,8,-1,5,-8,-19,8,12,34,9,1,5,-15,0,-8,0,14,19,-17,-3,-4,-11,1,-4,1,4,-5,-2,13,-14,-24,8,-21,13,7,11,13,-22,-15,21,6,-11,-23,-14,-7,-3,8,10,10,2,-16,-24,7,-10,-23,8,0,0,0,0,0,0,0,0,0,0,0,0,0,0,0,0,0,0
0,6,-7,0,-33,-1,-14,-11,-15,-1,0,6,4,1,-3,-9,-1,-13,-9,-15,5,-12,19,-2,-18,18,-30,-11,10,-4,-1,2,31,-1,-25,8,-23,13,21,-1,-7,2,-285,-25075,-25195,-25206,-25204,-24691,24964,24692,-24987,-24702,24446,-24468,24475,-24717,-129,-8,-28,26,30,0,-8,-10,-1,-32,12,-13,0,-9,-11,-15,9,-7,-28,16,2,-38,20,-4,-54,-65,-60,-63,-99,-88,67,93,-110,-89,-137,-19698,-19654,-19717,-19704,-19347,19477,19342,-19515,-19337,19152,-19115,19090,-19324,-107,6,-3,-37,15,-14,-2,5,12,-25,-31,-9,-5,-20,-18,-8,-41,-12,-22,-3,20,1,-18,-14,14,57,-5,23,-22,-20,5,43,-16,12,-23,0,-17,-21,-20,-13,-19,1,-1,-9,1,-5,2,9,-8,-18,6,4,10,-1,-2,16,-4,13,12,1,-28,-3,0,-12,11,19,-19,-18,-26,-17,19,-5,-1,15,4,19,-16,-20,11,7,-21,-13,-11,25,6,-2,-17,-16,-21,-14,-15,34,-9,-3,-7,17,12,-15,14,8,-6,-9,-10,5,0,15,5,-1,-6,-27,-15,-9,6,13,-2,-19,15,-9,3,16,-19,10,24,-2,12,-20,-1,8,0,0,0,0,0,0,0,0,0,0,0,0,0,0,0,0,0,0
-256,-15,-40,-13,8,9,-21,19,-6,6,-33,-10,27,-1,5,-6,-7,-2,-12,-24,-9,-4,13,16,-18,11,11,-3,13,0,-10,-1,-12,-21,26,-2,-11,16,-6,-1,-11,7,-235,-25064,-25192,-25173,-25174,-24705,24986,24696,-24970,-24698,24475,-24456,24487,-24716,-92,-44,-6,2,-38,23,21,26,-14,-21,-8,-27,3,-3,16,-29,5,-8,1,7,-1,21,-32,-24,-2,-72,-110,-77,-78,-69,113,45,-71,-58,-138,-19672,-19612,-19737,-19654,-19314,19532,19333,-19552,-19290,19111,-19141,19142,-19307,-80,-22,-23,-12,-6,-24,12,26,16,0,17,-23,48,19,-9,9,-29,-44,6,-1,-34,-14,1,-38,-12,-35,38,-8,-7,-51,-5,7,23,16,0,8,-20,-10,1,17,-15,-2,-3,-8,-6,0,1,-3,2,5,9,-17,11,13,23,-8,2,-25,4,-8,-4,11,-13,-1,19,0,-20,-6,-14,-17,10,-3,12,13,-27,6,2,26,10,-2,-10,4,-10,-11,-22,1,-26,18,13,11,1,11,-12,3,-40,5,-30,6,-21,-12,-11,-15,-4,-52,8,25,5,-1,-18,-8,15,-17,0,-7,17,0,2,6,10,-5,4,16,-3,-5,-5,-18,-15,-13,0,0,0,0,0,0,0,0,0,0,0,0,0,0,0,0,0,0
0,-8,-1,3,-11,14,-11,-8,-22,-4,1,-11,-10,6,-7,34,6,-7,22,16,-7,-12,-4,33,12,2,-8,37,-6,3,-12,11,-7,-6,-21,8,2,9,7,-20,-1,-16,-238,-25073,-25198,-25200,-25194,-24702,24968,24705,-24966,-24696,24450,-24463,24454,-24693,-84,-35,22,-3,-33,6,2,-22,14,-30,-2,4,2,-10,-18,15,11,-23,-3,-73,-30,-7,-7,-29,11,-67,-29,-132,-76,-72,90,90,-74,-87,-115,-19662,-19612,-19759,-19696,-19322,19496,19313,-19510,-19302,19100,-19159,19126,-19339,-61,32,-9,24,24,33,-22,52,-7,-3,-9,-5,-19,23,-32,6,-12,-9,-3,-10,8,3,36,4,7,5,20,-39,29,-22,6,-35,-1,-11,-8,1,-4,19,-19,5,-32,-13,3,-22,-1,-7,5,13,-2,7,-13,-7,8,-9,-6,-2,-3,-6,-33,-24,-3,1,-26,0,-3,16,-22,-9,11,-12,10,21,12,2,-5,0,-14,-14,-18,2,16,5,-20,9,-8,24,-15,2,-1,10,9,8,4,-4,-5,-25,4,14,-3,-6,-13,-19,14,6,11,4,22,-10,8,-21,-27,-14,-3,-7,-21,-15,-20,6,9,-11,22,6,-4,8,10,-23,-4,-22,0,0,0,0,0,0,0,0,0,0,0,0,0,0,0,0,0,0
-256,-11,-3,-8,-38,-17,1,-11,6,12,-19,-24,2,-3,-9,-9,0,4,9,-4,-2,-10,41,7,0,-26,-7,-1,12,-12,-7,11,-25,10,-11,-6,39,-14,-24,-24,9,10,-223,-25092,-25178,-25197,-25194,-24705,24956,24711,-24969,-24696,24466,-24438,24466,-24733,-109,-33,10,-15,1,-9,8,-5,18,-11,3,-17,10,2,6,4,9,-29,21,-3,-7,-21,12,25,-10,-87,-91,-70,-62,-92,66,71,-71,-77,-129,-19656,-19635,-19763,-19711,-19313,19485,19303,-19554,-19328,19143,-19168,19057,-19360,-68,-18,45,0,4,-14,-10,-9,-4,25,-6,-54,-2,0,1,6,-11,-4,2,-10,19,-3,6,31,40,14,-24,27,-7,29,-16,-6,-21,12,-12,-7,8,-34,-7,-3,42,-21,32,3,-6,-2,-16,5,-4,1,-11,-15,-9,-12,-24,-11,-3,2,9,9,3,5,25,-3,-13,-6,-27,8,-10,12,8,-25,-5,-23,-8,18,-25,11,3,-19,8,-25,-5,-4,-10,6,-8,-11,-8,12,8,-10,8,-5,-24,14,-7,3,-15,4,-14,-28,3,-8,8,17,-2,9,8,-24,13,22,-17,-3,-14,-11,19,0,-25,-14,-11,11,3,-2,42,-1,23,14,0,0,0,0,0,0,0,0,0,0,0,0,0,0,0,0,0,0
-256,6,14,-6,-35,27,14,2,0,-4,-10,-8,19,-8,5,-12,-3,7,-11,-22,-26,-22,-8,-23,-33,-17,-27,8,-7,10,0,-2,-12,7,-34,-7,-14,-35,-19,-32,5,-19,-241,-25081,-25183,-25194,-25160,-24679,24942,24702,-24956,-24685,24453,-24472,24453,-24706,-110,4,8,11,-7,-3,-31,-25,-24,-23,0,-22,12,-44,-21,26,7,-18,-14,-10,8,-13,-25,-12,-37,-72,-43,-54,-89,-90,56,78,-77,-77,-105,-19638,-19646,-19762,-19705,-19332,19515,19312,-19525,-19293,19142,-19088,19121,-19299,-120,-25,3,-15,8,-13,-2,-44,18,19,34,16,-22,-49,-6,-31,1,-10,22,-20,-14,10,-16,13,-1,-24,17,-9,-12,-27,22,5,-9,9,-22,-27,25,14,-9,11,-11,3,-28,-7,-12,-24,5,16,2,-2,9,-18,-1,-13,-6,-13,-16,-13,-6,-6,-4,13,-8,14,30,-9,-30,10,5,-18,6,-4,-21,-13,4,-6,-21,-20,12,-20,-21,-14,-6,8,-39,0,-18,3,-29,16,22,13,-20,1,-15,1,-24,-17,-22,-9,-1,10,-2,4,-39,-15,9,-6,-2,20,-3,9,-25,-8,19,9,-26,-8,20,-7,-18,-17,-10,16,-2,-1,3,2,0,0,0,0,0,0,0,0,0,0,0,0,0,0,0,0,0,0
