-256,29,4,-4,-5,-20,15,11,7,13,-2,-4,32,4,-10,-6,-1,-1,2,-6,-2,14,-1,5,-11,5,17,-12,20,20,5,26,3,6,-13,22,24,9,-8,8,-1,14,13,-9,-18,-42,-27,1,27,47,-35,-31,39,-10,12,-22,3,-22,23,39,5,-4,-38,-14,20,18,31,20,-27,-15,15,-9,14,-5,12,-16,-9,0,9,0,-17,83,70,71,107,61,-57,-65,71,93,151,22926,22870,23016,22954,22537,-22724,-22514,22710,22510,-22296,22267,-22290,22521,96,15,8,5,43,11,-5,-39,16,39,-21,12,-27,-2,19,25,-18,-27,7,6,28,-24,12,-17,45,30,14,21,18,-22,13,-72,12,-16,-18,42,11,-22,4,0,-15,26,-3,-6,9,-17,-2,-4,22,-10,-12,-2,-6,4,5,3,7,2,38,-9,0,14,-22,8,36,18,-2,-12,4,5,-14,-5,27,3,16,-4,1,3,-5,1,16,-1,-5,-7,20,-3,6,-11,-7,7,2,10,11,-6,-29,-12,-3,-12,34,19,13,17,1,14,17,17,-20,34,-4,-9,8,31,3,10,28,-9,3,28,-4,3,12,25,16,3,-3,6,-5,1,0,0,0,0,0,0,0,0,0,0,0,0,0,0,0,0,0,0
-256,25,7,-8,-9,7,-7,33,34,1,14,1,-5,-11,18,-8,-14,19,7,22,18,20,4,22,9,40,-4,0,31,8,13,9,8,6,-9,5,9,18,-5,14,-3,25,-15,-38,-31,-30,-35,-1,48,31,-49,-42,65,-48,-1,-38,-5,0,9,-5,-6,7,-22,14,18,1,15,16,0,-14,2,4,15,-3,-25,11,12,30,22,30,14,46,102,51,103,108,-34,-65,78,118,122,22912,22846,22992,22972,22495,-22733,-22475,22749,22525,-22263,22324,-22257,22536,104,14,-45,0,24,16,4,5,-20,-1,35,-6,-26,-6,-9,27,-10,11,-35,15,39,26,16,16,0,20,-33,28,44,20,37,-8,-36,42,-4,-3,6,-1,21,6,-3,-1,-7,2,11,8,-2,8,5,-17,15,13,14,15,-14,-14,-7,-9,1,0,-5,6,5,9,32,8,12,-4,4,30,29,14,18,-2,-20,11,-8,26,-5,-30,18,6,-1,-4,18,16,20,24,-12,32,11,13,9,-7,-7,-17,20,-9,-19,-8,21,-4,-7,10,5,-1,3,-15,11,1,6,10,-17,9,13,19,-2,-12,1,5,7,10,-7,7,-4,6,17,3,0,0,0,0,0,0,0,0,0,0,0,0,0,0,0,0,0,0
-256,5,22,-3,17,-7,23,-10,-2,-29,-1,-7,43,-18,5,6,21,6,3,-16,-3,-3,-1,20,-9,9,-14,-19,-15,-4,0,6,19,-8,-1,13,13,9,-18,-11,-17,7,8,-29,-39,-23,-21,-24,35,48,-11,-28,45,-36,44,-21,11,7,-5,10,-28,7,43,-13,-9,-16,-11,11,21,16,32,1,-3,7,26,-12,-11,-37,-19,10,45,43,54,92,71,58,-35,-5,95,86,149,22884,22854,22987,22938,22466,-22727,-22478,22733,22485,-22268,22245,-22304,22501,104,1,19,-9,37,-9,-38,-10,20,5,-29,40,19,6,-8,-33,32,-11,-11,20,20,27,-30,16,19,15,0,3,-36,-2,-31,2,14,-17,-4,-1,24,-5,-13,27,17,23,-24,-17,7,3,6,-9,-4,13,20,-9,8,11,7,29,13,6,7,10,22,25,7,-5,0,35,-14,-26,9,-8,9,10,15,35,-30,-5,5,-15,-9,-22,-6,8,0,10,14,5,20,-6,10,-13,26,16,6,4,-22,-14,-21,-3,27,7,4,27,-16,-18,13,7,6,-25,8,19,-20,-19,15,-7,21,3,7,-13,23,5,-1,-10,-9,26,12,0,-2,0,0,0,0,0,0,0,0,0,0,0,0,0,0,0,0,0,0,0
0,1,21,10,29,12,-2,-9,21,1,14,24,-8,-8,10,-17,5,-5,3,2,20,-9,-21,0,13,15,-8,-20,12,-5,0,0,6,13,-14,6,19,9,4,-4,13,-10,-7,-36,-30,-38,-23,-8,49,52,-32,-62,51,-25,22,-25,-4,16,11,-14,2,24,21,-13,-19,-14,3,12,-23,19,4,-3,5,-4,-20,23,1,-20,23,-16,9,57,84,56,52,65,-81,-45,66,86,140,22886,22904,23057,22991,22491,-22764,-22487,22704,22500,-22299,22281,-22286,22512,90,21,18,11,4,-14,-5,11,31,1,30,-12,-11,-18,-4,9,-9,19,30,-4,-6,-11,14,13,12,-37,39,14,-30,-13,25,27,9,10,-20,-14,-13,-21,19,10,32,12,8,-1,10,2,-9,22,3,10,-15,-24,8,-2,-31,-6,42,-4,-15,-9,-2,29,27,-8,9,-5,-3,13,14,-13,-7,0,15,-19,19,-6,8,-38,0,21,20,-10,23,-5,-3,6,16,26,22,-5,-10,11,22,-3,27,14,-1,15,8,-3,-1,21,19,-18,7,6,6,3,-5,-31,-23,1,3,-1,15,21,-7,-7,16,-25,0,-1,2,21,4,2,-7,-9,0,0,0,0,0,0,0,0,0,0,0,0,0,0,0,0,0,0
0,-7,-7,0,5,21,-7,-9,-11,20,-13,35,2,7,16,5,-1,8,17,16,-7,1,9,31,-2,12,19,-9,-3,2,-5,9,3,5,4,36,30,9,9,20,5,18,7,-11,-13,-6,-18,-17,40,28,3,-23,50,-50,46,-31,18,12,-10,27,47,4,31,-23,3,20,-11,2,-3,9,27,1,-15,7,12,-12,13,-9,37,-41,3,77,66,74,94,84,-62,-83,106,87,134,22922,22917,23068,22936,22494,-22720,-22494,22753,22479,-22275,22291,-22281,22536,105,46,-14,21,-56,6,52,21,6,-35,-24,22,-17,19,13,33,-24,32,-28,30,10,17,48,-37,-12,8,22,-37,20,22,-10,-5,-7,32,-4,8,-14,19,18,24,40,6,17,19,-11,-14,-14,4,2,14,-21,12,5,-5,8,18,13,12,-11,3,-15,34,0,16,8,-2,0,28,5,-21,20,1,17,-5,-4,-22,-34,12,-14,-2,8,16,-4,16,28,31,-12,2,15,10,7,8,6,1,9,31,11,-11,45,22,4,11,-25,2,1,22,-7,18,-1,24,-5,22,-11,20,18,8,19,2,-13,-9,3,-14,-18,19,2,-15,10,4,0,0,0,0,0,0,0,0,0,0,0,0,0,0,0,0,0,0
0,9,-18,11,20,4,11,0,-8,-1,-4,12,16,17,20,15,-10,-7,-12,6,4,-9,-9,25,-5,2,-9,15,-7,-24,-6,-4,9,5,8,24,20,3,12,24,4,-30,17,-20,-66,-30,-11,-27,38,27,-71,-36,41,-35,57,-36,19,-2,21,18,1,16,-3,25,-7,7,13,12,8,9,-4,5,-31,-15,4,10,36,-2,34,16,0,90,78,81,80,63,-72,-35,106,77,165,22849,22882,23000,22941,22479,-22715,-22472,22677,22493,-22324,22311,-22283,22573,129,-20,-2,21,5,31,12,12,2,-10,24,6,0,72,-12,40,7,-1,15,25,-8,5,-18,-49,-5,16,-28,15,-20,-13,28,30,7,17,15,13,-2,-5,7,-14,11,2,21,-15,15,32,14,5,-3,3,-18,3,1,-4,3,8,-10,8,3,29,4,-16,-7,-6,0,10,-4,5,0,15,7,14,-21,11,-4,-20,10,-3,-17,-7,-7,26,19,24,18,3,11,9,16,6,1,37,20,24,28,1,-4,-8,-7,-17,8,-4,6,22,7,-6,15,-7,-11,19,22,-15,27,7,15,37,9,6,26,1,7,17,-1,12,-11,3,15,10,0,0,0,0,0,0,0,0,0,0,0,0,0,0,0,0,0,0
0,4,-1,16,17,-26,14,-16,2,18,-11,-27,3,6,-3,2,23,-9,18,8,-22,12,-6,-3,15,4,19,-2,16,23,15,17,-18,23,9,15,22,-25,-22,-6,7,14,11,-28,-33,-14,-35,-48,12,18,-60,-47,38,-36,40,-21,-5,6,-4,-4,-5,-22,0,30,-1,38,38,6,15,25,16,11,-23,7,2,9,-2,20,40,-17,-1,55,85,57,117,67,-62,-55,85,78,166,22922,22830,23012,22976,22479,-22716,-22494,22732,22527,-22303,22296,-22295,22504,87,27,7,27,-39,22,27,-6,21,12,16,-9,30,21,16,9,-12,-44,15,-9,-8,-3,-29,16,-19,18,20,27,21,-6,-13,10,-14,10,-13,21,7,12,-11,0,24,13,4,-17,-1,20,4,3,6,17,27,-6,6,12,-5,0,1,-18,21,26,30,-14,-10,-16,5,22,-4,29,-21,11,-4,19,-9,25,-1,22,-10,19,30,-8,11,-9,5,-5,12,1,15,1,-3,-1,-2,9,16,16,19,-3,13,-12,-22,18,-1,-18,16,17,-1,1,11,15,31,7,5,-10,-19,-6,-3,-1,7,10,-7,14,22,16,3,1,20,7,15,-6,0,0,0,0,0,0,0,0,0,0,0,0,0,0,0,0,0,0
0,6,5,18,6,-6,0,21,-22,10,13,22,-1,9,-2,-3,37,-5,7,-4,-8,-2,-4,21,-4,8,-2,-16,6,21,7,9,-39,-14,7,-1,18,-10,15,-1,18,14,-13,-51,-27,-13,-32,-37,47,36,-3,-38,56,-33,38,-47,34,7,12,-6,12,0,7,3,14,8,-23,1,-15,-15,14,-2,36,25,-14,12,-7,20,5,29,-1,49,79,76,91,41,-51,-79,75,83,135,22917,22844,22999,22945,22501,-22724,-22519,22735,22471,-22277,22283,-22259,22492,93,10,-5,-23,65,17,-2,-32,11,-4,25,13,21,-13,4,27,-18,-3,2,27,37,-1,-46,1,-6,-4,18,19,-2,3,-6,10,-3,26,-40,-15,18,3,11,6,-9,18,27,31,8,11,-14,-8,-15,19,16,11,-10,10,8,-2,-14,13,7,25,-7,5,32,-8,-6,-6,-4,-3,1,-6,8,5,23,-17,13,5,-10,3,12,-2,-9,-4,16,-2,0,-12,24,-1,-5,9,10,-15,-15,-2,7,11,13,8,-13,-26,1,28,-1,-19,3,19,12,1,-5,15,11,16,11,-9,16,34,34,20,-15,-18,4,5,-27,-6,3,19,16,6,0,0,0,0,0,0,0,0,0,0,0,0,0,0,0,0,0,0
0,-15,-20,-6,-20,6,23,8,-9,-4,31,11,10,9,-7,-1,6,11,-3,10,4,5,15,-23,-9,41,-3,-1,17,3,4,18,-1,21,15,24,6,-20,3,-30,-1,28,-15,-45,-8,-49,-24,-18,58,46,-29,-59,59,-56,37,-43,2,21,-16,-5,-19,3,-2,-12,28,-10,6,19,1,-11,-10,-5,7,23,8,16,-9,8,15,8,40,82,75,57,55,85,-70,-81,9,73,193,22900,22908,23006,22956,22520,-22725,-22459,22734,22480,-22300,22275,-22307,22470,126,-2,-28,22,8,-32,-1,26,-13,-7,20,16,23,15,13,3,-27,37,0,6,-3,-23,19,13,3,-14,-23,-9,10,-29,-35,-21,25,23,-28,-2,-7,-4,4,-2,23,13,12,0,7,6,-6,8,-1,19,-1,16,15,37,35,-7,-17,4,36,11,34,21,31,3,28,10,-3,4,0,28,14,12,7,3,11,16,4,12,16,1,-13,9,-10,2,3,12,23,9,-1,11,1,44,30,16,23,-3,8,5,-6,-13,-7,-15,7,18,4,4,11,16,-13,1,13,54,1,0,-5,0,3,-19,17,-17,15,2,-19,-10,-11,14,2,6,0,0,0,0,0,0,0,0,0,0,0,0,0,0,0,0,0,0
-256,20,-5,-13,2,9,-21,-5,15,-8,-3,1,0,-12,-5,34,-26,-5,13,11,2,-4,0,16,7,30,7,-2,11,17,-7,27,7,3,4,-6,2,-3,-26,11,-2,20,35,-13,-19,-44,-53,-45,44,41,-50,-41,36,-38,34,-34,12,31,2,15,12,5,2,23,27,-2,-3,-16,17,12,14,45,-14,2,5,-6,-3,-7,13,-3,8,92,129,54,92,50,-35,-93,80,80,163,22943,22917,22999,22942,22494,-22694,-22492,22764,22458,-22272,22275,-22304,22507,101,41,8,-2,26,9,19,13,16,22,12,-3,-11,27,-12,12,-20,19,10,36,45,11,-4,2,-22,-13,7,-12,10,-23,1,25,24,-37,-20,7,17,-21,13,24,-7,9,-3,0,34,15,15,-3,7,-21,-8,1,15,12,-3,31,-13,-16,9,4,2,7,-16,-7,7,20,9,0,3,-2,-17,9,12,8,0,22,-3,6,7,17,-4,6,29,7,-2,-2,-16,12,-8,23,-12,-8,10,-9,-8,7,16,31,-2,-11,-6,2,2,10,19,-4,5,-15,-1,4,7,3,21,31,28,12,17,-10,-3,-11,-5,17,-5,27,11,-33,12,-17,0,0,0,0,0,0,0,0,0,0,0,0,0,0,0,0,0,0
-256,-7,4,12,-31,3,-37,1,7,4,2,14,-3,14,14,10,8,15,15,7,8,-14,-1,10,-23,-11,19,-17,4,10,-17,8,1,28,23,-4,-4,6,14,4,17,26,2,-54,-13,-66,-30,-44,41,58,-35,-23,36,-42,53,-43,3,4,-1,6,2,30,8,-18,39,30,-22,6,6,18,-8,-16,-6,-8,13,-5,-12,13,11,-43,-16,78,63,86,45,72,-52,-81,84,61,173,22856,22909,23059,22950,22499,-22723,-22453,22748,22504,-22277,22248,-22278,22493,90,-5,13,33,-16,3,4,8,-14,11,16,17,-18,-29,2,22,-32,45,34,8,15,19,25,7,-2,-33,7,29,-10,-20,24,-9,-4,-33,7,7,27,-13,-11,-11,-22,-7,22,-14,0,19,12,27,15,15,-18,14,11,-15,10,-6,14,-8,6,-1,6,5,20,-11,11,-7,-5,17,-8,18,24,15,27,1,11,1,11,17,2,-13,-11,-11,-7,-11,15,-6,12,29,6,20,28,-2,31,1,0,8,-7,6,5,24,7,2,-4,-6,-13,0,-1,24,-8,-17,-2,-10,18,6,1,-5,18,17,-3,11,6,17,22,3,18,-11,-9,5,0,0,0,0,0,0,0,0,0,0,0,0,0,0,0,0,0,0
-256,0,9,17,9,14,6,8,26,10,-2,-19,0,-22,2,13,-23,21,6,11,10,-2,34,12,21,1,-1,15,21,5,-3,5,8,23,-8,20,-4,-10,-12,11,14,1,1,-31,-32,-21,-66,-39,33,18,-32,-30,48,-33,52,-36,-13,-10,-16,10,8,2,42,16,-12,36,20,5,14,-30,34,-45,23,12,-7,-37,-33,-18,3,25,-21,65,69,106,60,81,-42,-73,51,39,141,22908,22839,22997,22962,22503,-22707,-22502,22721,22484,-22277,22257,-22260,22508,87,26,-13,-6,20,8,20,-18,-19,-16,-28,8,-33,22,-20,-6,-22,4,0,-30,-21,-19,28,-37,-31,2,23,-38,28,4,10,5,4,35,-23,-27,-22,-3,3,3,28,16,6,14,0,-2,15,-18,-3,-16,-2,16,-2,-10,4,-1,-9,7,-4,-2,19,-5,-25,10,23,5,15,-12,7,20,2,23,18,11,4,20,-6,-1,2,-5,24,16,-14,-1,6,4,12,-19,10,15,22,-4,32,-8,-12,23,-21,3,38,19,-1,0,6,18,16,-26,37,-14,-4,18,-3,30,-28,26,-16,1,25,2,16,-10,-3,-27,2,9,-3,4,-13,0,0,0,0,0,0,0,0,0,0,0,0,0,0,0,0,0,0,0
-256,30,-11,8,2,-10,23,-9,-7,-16,-15,2,-21,-28,-15,8,1,8,6,-18,-3,-11,1,-14,14,-10,32,7,22,-13,12,-3,-4,2,-2,21,9,0,-7,27,-6,5,16,-23,-38,-34,-31,-47,59,37,-27,-10,50,-27,44,-7,10,7,12,14,-9,11,41,13,24,35,-9,22,-4,-5,13,-8,16,27,19,21,27,-2,9,-22,2,61,72,81,69,41,-59,-63,65,112,144,22909,22853,23046,22939,22501,-22731,-22492,22731,22479,-22268,22258,-22295,22511,105,11,-13,11,2,-25,-6,-12,40,-1,30,55,16,5,19,10,-13,7,-12,21,-12,7,9,16,-35,23,3,22,4,15,2,-17,-5,13,5,14,0,-10,17,12,-12,-3,-12,5,20,-2,31,14,-1,1,25,-16,9,-9,-11,30,-7,12,20,2,11,-1,3,-9,-43,1,5,1,21,18,-13,-6,13,4,-21,-21,-7,-7,3,9,22,-27,5,16,21,7,20,14,-21,-3,-24,3,16,-5,-5,-1,1,-3,19,13,8,0,-38,-14,-17,25,7,-4,4,-21,27,5,-12,6,-10,2,1,0,4,23,-13,13,-4,25,7,-20,-6,12,0,0,0,0,0,0,0,0,0,0,0,0,0,0,0,0,0,0
0,16,-20,3,15,11,-31,13,7,-18,-7,-9,19,9,-17,18,36,-19,10,5,5,22,2,-5,17,7,13,1,-6,3,18,1,15,-22,27,-9,-18,2,-29,2,8,2,-8,-56,-24,-21,-17,-41,10,36,3,-18,55,-19,60,-33,-3,-1,19,-8,8,-20,-12,10,-5,-22,-2,-17,-1,15,3,5,28,-6,33,11,32,-18,5,-14,27,85,80,63,31,94,-94,-55,70,63,162,22916,22841,23019,22940,22529,-22738,-22521,22723,22485,-22320,22288,-22253,22496,110,-16,-21,30,46,-15,-4,15,27,-9,-29,-31,6,-14,2,52,1,29,-15,12,-19,-17,-16,-24,33,52,-8,19,19,-31,5,-7,4,-21,-20,-1,12,15,-34,12,20,23,-6,6,1,16,15,18,15,-17,6,-12,-9,-24,-10,-10,-10,20,0,-1,5,0,-8,11,3,25,-14,32,20,15,8,4,-2,-4,1,-9,-12,22,20,8,13,27,18,19,-3,18,24,-30,20,13,7,-2,19,12,-9,4,12,32,2,13,17,8,-4,17,-29,6,21,13,23,9,8,-7,1,-5,1,-16,14,12,28,41,31,-27,30,-20,19,22,-14,6,0,0,0,0,0,0,0,0,0,0,0,0,0,0,0,0,0,0
-256,12,3,42,-10,8,7,2,9,16,-1,13,13,19,8,2,17,36,-8,5,-27,-9,5,16,-8,21,5,8,-13,25,29,-2,4,2,1,-25,8,27,26,5,17,10,-9,-48,-47,-36,-44,-36,53,49,-23,-31,34,-47,65,-48,8,-23,4,19,-23,-3,-14,-10,2,12,-1,15,0,-1,14,-19,4,8,4,33,6,58,9,19,-11,84,64,74,101,75,-46,-94,45,60,145,22934,22894,23024,22963,22503,-22733,-22457,22765,22483,-22270,22287,-22290,22510,124,3,-23,-37,31,23,-6,-6,-28,-11,-12,11,-13,12,0,1,-21,12,16,-16,-7,27,14,24,10,-14,21,1,26,-3,1,13,17,44,12,11,-16,-6,-29,-10,-22,-7,-15,5,0,7,0,0,21,8,-9,-18,14,14,-3,-1,-26,6,-7,-2,-3,39,-2,14,3,1,23,2,15,8,21,-9,23,-5,0,-8,-8,25,12,12,-14,27,-21,21,20,7,-13,13,13,13,20,8,-29,11,15,-17,20,23,7,-12,-4,12,-18,30,40,14,13,14,10,20,0,8,2,23,24,11,-13,-3,-4,-16,1,12,10,-1,22,50,-8,-11,0,0,0,0,0,0,0,0,0,0,0,0,0,0,0,0,0,0
-256,2,-2,-24,46,14,-4,32,-9,-18,3,30,7,-14,-15,-3,2,-13,4,0,-11,-5,22,17,28,3,-1,33,-8,-5,-1,7,8,-2,20,21,-9,-20,-13,-6,3,11,4,-33,-43,-4,-40,-44,16,35,-36,-43,31,-31,63,-47,9,2,-4,-4,-21,19,27,-16,-9,-4,4,-6,12,1,-18,-25,-5,-2,16,-5,26,-14,-21,-11,-13,88,69,61,86,90,-17,-98,108,30,175,22898,22850,23049,22916,22490,-22737,-22484,22767,22508,-22287,22309,-22317,22515,90,-5,-1,7,-10,-4,15,25,0,-29,35,45,59,-17,16,-13,13,-25,18,19,-18,17,-8,1,2,37,-22,6,-8,-21,58,-3,38,7,-5,18,-16,6,-5,21,26,14,-7,13,-1,1,-13,-28,-8,5,13,18,23,0,-5,13,0,38,-9,-19,-1,8,4,12,3,-22,7,20,22,15,9,-4,-5,-17,14,1,29,0,-11,13,9,-23,-15,13,20,-20,-13,-5,10,21,11,16,-18,8,16,-4,-6,-14,-16,4,13,4,16,12,9,-18,21,-12,-3,-24,8,4,17,-9,-6,-27,-21,-14,21,2,-15,8,10,-16,17,7,9,3,0,0,0,0,0,0,0,0,0,0,0,0,0,0,0,0,0,0
-256,-3,15,-12,5,-1,-12,13,10,-5,-9,6,9,3,-5,16,16,15,-1,-17,-25,19,11,4,7,5,-4,17,1,0,-3,-21,6,6,17,2,-8,-2,22,-16,10,-1,-4,-13,-26,-41,-10,-41,25,32,1,-9,0,-43,42,-44,24,-20,6,4,-18,-18,19,-1,-2,6,19,25,4,8,-22,-20,14,0,-2,7,43,23,39,25,9,87,70,81,91,80,-74,-78,117,85,183,22884,22871,23049,22950,22510,-22675,-22437,22719,22475,-22260,22279,-22277,22498,88,-21,-10,-23,-22,15,18,13,7,-11,-10,40,-15,-1,-11,2,-3,-7,-14,10,-3,-5,12,32,10,-16,-24,16,20,13,14,23,7,18,15,-4,-2,-14,-9,-12,19,-1,28,-8,10,-12,-11,4,14,-13,11,-9,3,-17,12,1,5,-7,-8,4,4,2,14,0,0,-1,-4,17,6,10,10,6,9,-1,5,-4,3,11,7,10,11,-2,17,3,-2,-15,9,15,0,-5,1,15,-1,16,6,1,20,8,-5,14,-11,-27,18,-12,13,3,-8,-7,37,-1,-7,-2,10,-2,-18,-23,5,-1,-3,-9,-6,-7,7,32,-3,8,6,13,0,0,0,0,0,0,0,0,0,0,0,0,0,0,0,0,0,0
-256,-23,-8,18,-5,-6,17,26,15,-6,11,-10,-20,32,-1,15,-6,-5,5,-10,-2,15,5,24,22,9,5,16,14,3,-6,5,4,-2,20,5,1,9,18,0,15,15,5,-41,-18,-53,-34,-56,59,21,-9,-36,18,-49,42,-33,12,7,-19,-25,-8,14,-10,-18,-20,-9,13,-2,20,46,14,-22,12,-25,-7,30,0,32,9,6,52,88,104,56,72,66,-63,-61,66,77,153,22919,22918,23021,22912,22520,-22747,-22505,22717,22515,-22240,22293,-22318,22487,130,-24,-5,-4,6,21,18,-8,25,4,13,-1,-17,23,-14,-21,-19,12,48,6,0,25,36,29,-25,-32,6,4,-7,32,38,-31,16,2,21,0,-25,34,-14,3,-4,14,-31,14,-3,-1,10,-16,-21,2,1,0,17,5,-2,-1,10,22,19,-2,-2,-23,12,-2,-17,-1,-2,-8,15,-10,23,-1,-10,-22,-1,12,-1,-13,23,39,-11,8,15,10,5,-15,7,26,-18,20,7,0,19,3,7,4,16,-2,3,8,21,-3,8,-31,-8,-7,6,-24,-2,29,4,-17,-14,24,-5,16,7,-7,5,-13,17,14,25,11,10,-6,1,6,0,0,0,0,0,0,0,0,0,0,0,0,0,0,0,0,0,0
0,9,-7,-16,-1,19,-4,-1,-9,6,-3,-13,23,-2,-14,8,9,5,13,-12,11,11,2,-4,33,-5,-33,-26,1,-6,22,-26,1,-2,-12,17,18,-8,-3,18,-29,2,9,-6,-36,-40,-29,-32,48,36,-31,-11,17,-7,51,-43,-11,11,-13,33,20,17,-7,-12,34,28,20,19,30,3,22,35,17,27,37,-25,22,-3,14,-12,-41,75,76,63,73,55,-75,-79,78,76,163,22928,22863,23032,22949,22518,-22722,-22490,22748,22510,-22268,22268,-22292,22500,102,-23,18,4,30,-25,7,2,19,-11,-26,20,-19,2,13,-9,-12,-24,28,-12,26,21,8,55,-22,-10,-7,-11,11,19,44,6,2,9,-5,25,-36,23,8,-2,39,0,9,15,3,10,7,11,22,-1,25,8,-19,-14,4,29,20,-18,-7,-17,13,-13,15,10,16,10,0,4,11,2,-11,1,-6,-22,5,-3,-3,9,29,0,19,-7,-18,6,3,37,-2,6,6,40,-11,7,-4,-4,2,16,-4,-26,15,-8,17,27,16,-13,3,38,9,-11,2,1,1,-7,-13,17,16,9,2,16,0,12,22,1,8,15,8,-2,-9,-12,0,0,0,0,0,0,0,0,0,0,0,0,0,0,0,0,0,0
-256,15,-31,4,-12,-26,-17,-10,17,18,-10,-24,-8,7,0,-2,-12,-3,0,-10,3,8,-2,8,-1,6,-2,18,-2,9,-2,8,-7,-8,-7,7,0,9,14,-6,12,-20,25,-25,3,-43,-30,-26,26,38,-40,-13,47,-12,32,-55,30,-13,-9,12,-4,22,-15,-7,-33,5,-5,45,-16,21,21,16,59,-3,1,15,26,-2,-14,4,-13,84,63,115,61,62,-88,-115,51,25,203,22868,22892,23031,22916,22476,-22732,-22470,22779,22475,-22270,22304,-22246,22512,114,-15,11,-23,-13,5,21,-5,-14,6,31,-18,-36,14,-8,4,15,59,-4,1,29,31,-22,6,14,23,22,-19,-12,8,-21,11,-12,56,35,20,-3,4,-28,-12,-20,11,17,10,24,-5,1,-11,-14,-13,-29,5,-2,13,20,15,15,-9,16,-7,12,5,9,13,22,3,14,-12,15,10,12,-15,1,24,3,7,9,-15,38,-12,-3,0,8,-14,-19,-13,8,-4,6,26,8,12,-8,16,-16,29,7,11,-7,16,-20,-10,24,14,-13,23,-9,9,-1,2,7,-13,1,11,0,1,18,6,4,-2,3,-36,6,13,-21,7,7,26,0,0,0,0,0,0,0,0,0,0,0,0,0,0,0,0,0,0
0,-31,-7,-2,2,-2,27,-14,-7,6,-23,-9,-3,13,22,-5,-17,10,7,29,-12,8,0,41,-4,13,4,24,13,-17,11,-3,3,25,33,12,23,23,-13,16,12,10,-13,-35,-32,-6,-31,-18,34,44,-42,-33,47,-41,50,-41,-14,0,19,16,-4,36,2,-3,8,-11,-17,-4,-10,20,5,-19,-8,-9,0,-19,-10,25,-14,49,11,66,68,82,28,55,-57,-78,102,86,165,22918,22881,23007,22960,22490,-22715,-22481,22739,22450,-22297,22266,-22330,22511,77,3,4,63,20,39,23,30,21,13,32,29,-3,-6,-13,17,-12,24,-31,26,-36,-16,-32,41,-27,-52,-9,-2,-5,27,33,1,-28,19,-5,10,24,-10,-23,8,1,13,-7,16,27,9,-31,-5,7,-2,-2,8,20,-3,-4,-10,-20,0,-12,-6,31,24,21,19,-15,11,0,-13,2,20,-11,33,-6,19,-13,-9,1,19,20,22,-8,3,-1,0,-7,28,2,19,22,20,18,0,-3,13,7,6,1,0,-20,1,-10,-28,7,28,0,-3,0,38,-3,-29,7,20,-16,15,9,14,3,-11,20,-27,-1,-1,-2,5,22,39,8,-11,0,0,0,0,0,0,0,0,0,0,0,0,0,0,0,0,0,0
-256,-2,10,-21,-11,-6,1,2,-10,-13,18,30,17,1,-22,-9,16,11,-40,3,28,-7,4,35,-17,13,-11,-9,-12,-11,-9,-1,8,-11,-11,11,7,5,12,31,10,-4,-31,-26,-19,-9,-39,-44,38,50,-46,-49,68,-38,32,-47,11,-12,12,-1,1,-12,-1,-24,-21,15,14,6,-19,-30,4,15,2,9,34,31,-27,6,25,-10,-35,76,66,46,32,66,-37,-61,46,64,158,22936,22885,22999,22932,22477,-22738,-22506,22705,22474,-22307,22281,-22284,22503,114,5,-10,-16,10,-27,24,9,-7,18,-6,-33,20,10,4,8,-31,-4,-8,9,34,-9,-3,-29,-14,19,-1,5,14,22,0,33,14,-20,-3,58,2,-8,9,23,-5,-19,8,-21,23,1,-3,-1,-12,-4,3,5,4,-3,5,17,-1,-12,6,-4,-10,14,-2,-2,8,-20,2,-2,20,0,1,-1,-10,-4,4,5,24,-14,-19,0,20,3,6,21,28,-22,5,0,-15,23,20,-5,4,13,18,-32,6,13,1,-15,-15,-17,35,10,-21,-1,11,11,1,6,-12,5,-11,-20,7,0,-4,25,22,-7,1,14,-5,5,-6,-6,29,-7,0,0,0,0,0,0,0,0,0,0,0,0,0,0,0,0,0,0
0,-3,-29,1,8,0,10,21,-19,10,0,-23,0,25,-10,-18,-12,2,4,6,-15,2,12,1,-4,-8,-15,-14,15,-11,6,-11,21,3,17,-2,40,-5,12,24,-3,15,-19,-33,-45,-38,-27,-19,48,43,-54,-18,61,-21,29,-21,38,-10,27,-24,4,28,8,-9,-7,7,2,9,16,-19,-24,-14,6,8,-12,18,-10,-9,19,20,-3,61,71,112,77,72,-30,-47,85,80,155,22885,22864,23007,22947,22480,-22752,-22485,22716,22533,-22284,22290,-22285,22531,136,-11,16,4,18,-15,-12,18,-11,19,6,8,48,-2,-20,-9,-23,-18,-22,-22,4,-9,-30,-3,6,32,-5,-7,-21,36,50,-11,33,8,11,-4,-8,6,15,-26,6,12,-7,2,1,29,-11,3,31,15,3,22,8,11,-8,6,22,-11,17,33,4,-12,3,-10,-8,6,-20,-9,-9,15,1,3,3,-22,0,8,30,-5,-26,0,-8,9,10,35,15,-6,-1,-17,2,-9,-5,10,-2,2,-3,-7,-39,4,16,23,12,4,-4,-6,4,12,12,21,10,10,-12,4,30,7,2,9,18,9,-11,6,7,-6,19,-3,-8,-4,-14,-6,0,0,0,0,0,0,0,0,0,0,0,0,0,0,0,0,0,0
-256,-9,-10,-34,-12,0,21,7,6,6,-16,18,-4,24,4,-1,11,-1,-5,22,0,32,14,-18,15,5,3,-1,-21,10,30,-22,8,-9,-13,-17,-18,10,-4,-11,-2,1,-27,-35,-12,-33,-32,-36,35,35,-34,-21,30,-27,36,-18,9,-2,2,-18,0,-3,20,-19,25,-13,-39,-10,27,-33,-5,-37,28,-11,-31,22,17,1,9,3,22,72,82,79,58,87,-72,-90,100,82,175,22900,22894,23018,22937,22498,-22744,-22503,22730,22489,-22269,22248,-22277,22526,60,-1,30,25,-42,-12,7,5,24,4,24,-18,-5,15,34,-25,3,48,10,5,12,-23,-55,15,-22,16,-18,-6,31,34,55,-23,15,14,-14,15,42,-2,-15,14,-5,-8,1,9,19,22,-4,6,-18,-5,26,8,-11,4,0,-1,-15,17,-29,0,-7,-17,-4,-25,0,9,2,32,13,9,-19,4,28,22,12,-14,-5,10,-5,7,6,12,14,7,-13,-9,34,-28,-4,2,-6,-6,8,5,5,-12,17,14,-15,1,39,-2,7,10,6,5,15,29,-8,22,14,-5,-5,22,10,2,22,25,26,6,50,25,15,-12,8,19,4,32,0,0,0,0,0,0,0,0,0,0,0,0,0,0,0,0,0,0
0,-15,27,6,20,-1,-1,-3,28,31,35,9,-5,6,12,-2,-2,-8,8,0,23,4,9,-29,3,-6,-1,-2,-1,-19,7,-4,3,9,-6,-14,-6,15,2,9,-8,20,8,-14,-31,-30,-53,-5,56,31,-18,-23,37,-19,27,-19,30,11,-9,38,6,31,16,19,-5,24,15,2,-1,-29,-30,26,39,22,4,-20,27,28,2,32,2,93,66,52,80,103,-61,-56,53,63,140,22907,22882,23011,22935,22502,-22715,-22483,22730,22495,-22287,22266,-22292,22542,122,10,-1,-19,39,23,40,-2,-33,15,-11,-7,12,-26,24,0,1,39,47,7,17,20,-29,-56,29,-25,14,29,-24,27,10,21,40,-22,4,11,-29,-14,25,-3,-2,11,9,12,18,16,-9,10,-21,16,0,-8,-2,-1,-6,6,29,30,-7,19,28,1,23,-1,15,12,-9,-19,-6,17,15,27,-2,22,9,11,12,20,15,1,-33,20,13,8,0,-6,21,4,6,11,-20,1,-8,13,-16,4,9,20,22,-2,-10,-8,2,19,21,2,2,2,-20,-11,-2,20,-14,16,-29,1,-8,8,-5,12,8,9,3,11,-7,-26,-6,4,0,0,0,0,0,0,0,0,0,0,0,0,0,0,0,0,0,0
0,-6,7,12,-9,3,-6,-3,-32,-16,15,1,31,4,5,2,5,-12,-8,-1,16,11,-1,-2,18,-27,3,9,-11,1,-9,-9,-7,-15,-1,-2,-7,0,23,-18,1,15,-11,-44,-59,-39,-15,-25,55,22,-28,-27,36,-40,43,-13,-10,-4,13,-18,-8,2,-5,18,32,-29,15,39,9,10,-20,-6,-9,-8,8,-32,32,0,-10,3,29,102,75,78,108,53,-108,-64,82,70,156,22906,22918,23037,22923,22480,-22721,-22468,22760,22526,-22254,22258,-22238,22548,126,8,-4,5,7,26,25,11,32,2,12,1,2,-10,1,1,-11,18,3,-28,25,14,-6,31,21,1,6,33,14,-19,-22,8,15,19,26,-16,2,53,11,31,-4,-6,-16,36,-13,1,-22,18,7,-6,-12,-27,12,14,11,30,3,-13,10,17,-1,23,22,-2,-10,37,-35,-12,4,-5,17,8,9,0,-8,18,7,14,-9,-2,7,17,-14,-16,16,5,-4,-25,15,-12,13,-9,11,-21,-22,-8,18,12,13,-24,4,-1,10,2,-26,18,-17,-16,-8,1,-33,-23,-16,8,14,16,-6,0,2,22,5,8,-3,1,19,3,9,10,0,0,0,0,0,0,0,0,0,0,0,0,0,0,0,0,0,0
0,-4,15,6,-20,18,29,-14,-6,10,18,15,-8,1,-9,1,15,33,17,4,31,-3,8,5,0,-20,-1,-24,-9,-15,23,22,13,-3,31,7,-8,-13,17,3,7,16,-5,-25,-32,-43,-28,-29,46,24,-42,-37,37,-59,58,-48,-12,-4,6,12,14,10,-24,26,-7,-19,-17,-11,17,3,-9,-19,13,-12,-14,-3,15,7,-4,-23,11,66,109,94,78,80,-47,-40,43,97,124,22914,22899,22978,22947,22537,-22752,-22471,22743,22495,-22260,22312,-22288,22524,112,14,-17,12,-2,-30,-4,12,-9,-9,21,-39,33,-13,-5,5,14,17,-26,-2,21,20,4,4,23,-6,18,-42,-21,24,25,41,-30,-27,-10,10,13,-9,-8,15,23,5,-2,19,23,9,-22,13,4,18,2,24,-1,0,5,9,-11,-39,16,10,-19,17,3,-20,-1,10,9,2,-4,23,-4,1,-4,-11,-33,-17,-19,-18,-17,-15,1,-3,1,18,12,9,30,-24,-15,3,3,12,31,-7,8,-14,9,5,-4,40,0,34,-10,-10,-12,-18,9,2,-3,18,18,5,17,-8,-31,-20,16,15,-5,15,9,30,11,13,-21,-14,25,9,0,0,0,0,0,0,0,0,0,0,0,0,0,0,0,0,0,0
-256,29,-10,0,-30,7,30,1,-1,5,-13,9,-23,14,14,-15,-4,11,41,-6,5,-34,11,1,-29,11,-17,18,-1,-19,7,-5,-3,-6,8,-5,-8,-16,4,17,3,-8,-12,-51,-52,-27,-38,-31,29,24,-34,-19,26,-62,47,-43,0,-12,25,35,-16,0,-3,10,-5,4,-3,-13,10,21,23,-4,-4,-5,18,11,-18,9,-14,6,23,73,70,62,61,77,-62,-62,77,91,173,22870,22850,23024,22914,22507,-22703,-22481,22770,22499,-22276,22281,-22258,22526,114,-17,22,-36,1,19,18,-6,-5,25,-7,41,-11,-6,-5,3,36,26,-10,5,-11,-16,24,-39,-2,-31,-8,12,14,12,14,23,29,-19,9,-21,8,-3,4,-6,11,22,0,4,31,6,14,1,11,-5,13,-3,-16,5,20,12,-9,2,19,27,2,-12,5,0,-28,-5,-6,0,0,10,20,-2,13,2,17,10,20,3,-29,4,2,-8,17,6,14,-10,-11,-5,4,1,12,7,6,0,23,-25,10,-1,10,22,10,-10,16,14,9,4,12,-7,3,-11,10,-16,7,5,-21,21,10,26,0,5,5,19,11,32,-25,-24,-14,12,0,0,0,0,0,0,0,0,0,0,0,0,0,0,0,0,0,0
-256,-4,-2,-4,1,22,18,5,5,5,21,17,12,-2,-4,-2,13,9,10,21,-1,3,16,0,-10,-21,22,27,-1,4,5,2,-17,-20,-2,-12,23,-1,7,12,16,-2,15,-58,-48,-45,-39,-27,36,49,-41,-33,66,-22,31,-11,19,-21,1,3,-23,25,13,-8,-9,14,2,-12,13,4,5,14,8,13,3,-17,5,8,-24,-8,1,79,64,84,57,91,-103,-76,74,88,186,22896,22895,22978,22953,22496,-22750,-22511,22705,22492,-22274,22304,-22286,22517,112,-9,32,-5,-6,-19,-19,5,-3,22,19,20,-35,-7,9,-16,-3,-16,5,-5,-21,-28,-22,4,36,-12,-17,19,10,7,11,-4,-31,18,21,-27,-16,25,36,4,34,10,-26,7,-13,14,-14,18,1,25,9,-7,21,1,-8,-15,-23,-6,-4,-14,17,13,24,9,15,4,0,1,15,18,-8,-7,21,-1,19,-13,15,-24,17,-30,-16,-4,-1,-12,23,7,25,-16,1,-15,14,-7,21,0,-9,1,11,35,28,25,-11,-9,2,8,-6,15,-1,28,7,21,-8,2,4,2,-13,9,10,-1,2,-10,-14,-8,-12,-5,-16,0,-9,3,0,0,0,0,0,0,0,0,0,0,0,0,0,0,0,0,0,0
-256,-9,-6,25,20,17,5,40,-10,9,8,-12,-13,5,1,-4,5,0,16,14,-1,-5,-3,-2,2,-3,-6,14,15,6,-9,-3,-18,23,11,4,24,-6,-2,4,-1,12,1,-37,-63,-38,-16,-28,56,21,-55,-23,50,-54,36,-45,6,18,4,15,-9,-17,-8,-4,-1,12,-6,16,0,33,23,0,0,25,-2,27,-3,-2,-45,4,42,49,71,64,81,68,-74,-69,86,48,180,22925,22863,23041,22968,22511,-22734,-22482,22749,22474,-22293,22291,-22307,22527,83,17,36,4,54,13,14,27,-1,12,30,18,-6,2,-3,-12,-15,-13,-56,-10,0,-10,-17,-12,6,12,15,-2,28,-9,-10,3,14,-12,-12,2,-6,-12,-10,-11,5,11,-13,-22,3,27,33,-6,-9,-26,24,-14,23,-19,-3,-5,-14,18,1,14,-14,10,-8,9,-6,-1,15,-6,6,16,3,5,7,16,-12,-10,21,15,-20,-6,-14,-12,8,14,18,28,-7,18,13,17,8,10,13,-2,-5,7,-14,-24,14,2,-4,2,22,1,6,-10,-2,20,-31,-6,47,-12,20,-4,-20,-4,-6,0,2,13,19,8,-1,1,-10,5,25,7,0,0,0,0,0,0,0,0,0,0,0,0,0,0,0,0,0,0
0,6,-26,-2,-8,-2,5,8,-16,15,-12,12,39,1,5,6,6,14,25,2,6,16,-7,-2,6,3,-8,-7,-2,12,-13,11,-8,3,15,26,-6,6,-6,1,-5,-15,15,-22,-45,-22,-41,-19,38,37,-5,-37,32,-31,2,-50,2,4,-4,6,9,16,7,4,-7,30,-4,17,-26,16,15,-24,20,14,-17,13,21,6,7,16,6,85,91,90,79,37,-49,-48,66,67,127,22935,22903,22994,22959,22474,-22706,-22505,22739,22473,-22290,22281,-22262,22530,123,14,-6,21,24,7,-7,17,3,39,6,-8,47,-1,4,53,-10,35,22,0,-34,-5,8,-8,24,52,-11,-5,2,-13,19,-8,14,22,16,6,8,-17,27,14,19,4,1,5,12,19,-25,5,16,-2,20,-15,7,24,-12,-5,17,22,-2,52,-2,15,6,5,5,-8,3,13,8,11,-28,14,14,-9,-11,3,27,21,-6,8,2,-1,12,-4,-8,12,9,4,23,-5,-1,30,12,20,2,0,0,-2,1,5,-27,37,-5,8,-13,-3,32,0,18,5,-8,19,4,15,-12,8,8,-17,16,9,-6,8,-3,12,-4,-8,2,10,0,0,0,0,0,0,0,0,0,0,0,0,0,0,0,0,0,0
0,-11,16,11,6,2,38,8,5,-8,-13,0,16,20,2,11,6,3,9,-2,10,2,1,16,34,18,4,18,11,-5,-8,15,22,5,6,33,14,19,-29,-11,-21,13,0,-56,-38,-15,-12,-37,48,48,8,-23,32,-33,39,-42,-1,6,-17,-10,-5,-2,2,4,-20,20,-10,5,38,24,0,-1,20,4,23,-14,-21,60,19,-6,38,122,53,102,84,58,-60,-77,90,96,170,22903,22832,23057,22914,22498,-22714,-22521,22698,22474,-22290,22291,-22311,22500,98,9,-35,-2,21,3,-1,-16,35,23,16,10,-37,-32,7,-19,13,-11,6,-28,13,19,27,5,-1,-8,-1,0,9,8,-3,42,48,10,9,-12,-24,12,-18,11,15,-1,-5,10,-11,-5,9,-6,-4,-9,11,4,-10,25,-1,8,1,0,0,-14,-1,1,4,5,8,-8,2,5,17,20,6,10,33,2,22,15,7,5,6,2,16,20,-13,17,-1,12,5,11,-8,-26,24,7,2,-13,-2,-24,15,8,15,1,-35,-12,-14,2,16,-12,7,4,6,24,12,-2,-2,4,25,0,6,6,42,-9,5,8,-9,-5,15,-21,48,-13,0,0,0,0,0,0,0,0,0,0,0,0,0,0,0,0,0,0
-256,-9,0,11,-10,-6,7,0,21,-2,-29,8,22,30,-4,3,15,-9,-3,11,-14,-5,-9,-18,15,11,-7,5,20,11,8,-11,20,-15,25,5,8,23,12,22,-2,-12,4,-16,-30,-31,-33,-20,50,47,-43,-35,20,-35,47,-47,23,12,-31,-15,30,9,-14,-1,8,2,-18,-4,-5,11,-30,22,2,24,-1,-42,-19,1,36,4,-6,85,66,99,118,103,-66,-81,48,80,149,22936,22871,23011,22936,22464,-22736,-22463,22730,22457,-22315,22256,-22289,22487,93,-7,7,7,-12,-17,17,-6,11,4,18,-64,-4,-33,-27,1,27,4,-43,30,-1,-44,0,-12,8,0,-6,5,-7,31,-20,36,15,7,-3,-12,9,8,9,-9,-5,-26,6,14,-10,21,9,11,3,15,-2,-16,17,6,-17,6,-13,18,39,3,-44,-11,19,2,-5,21,7,10,0,-27,-19,-1,-8,5,19,-17,3,4,-6,-2,12,43,-6,7,3,13,-24,1,19,4,15,-1,15,3,-5,-10,4,11,2,17,10,21,25,0,-5,-4,-18,7,-21,-15,11,2,-9,16,-8,17,4,-8,4,3,4,14,2,-8,9,10,-6,6,0,0,0,0,0,0,0,0,0,0,0,0,0,0,0,0,0,0
-256,10,-5,-18,-2,-19,31,20,-2,-10,-7,-9,3,11,-39,-19,-2,-28,8,17,-7,9,34,-7,21,6,13,19,9,-11,-7,-1,4,-17,-1,-7,-6,22,-21,20,8,10,14,-10,-27,-29,-62,-18,57,40,-11,-33,46,-43,35,-12,-35,-2,8,-19,-13,-5,-13,-10,-18,-1,1,8,34,-16,-20,-11,-21,14,-2,-29,-7,-15,-9,-17,-16,63,72,77,97,93,-27,-59,93,62,173,22923,22871,22999,22936,22522,-22782,-22484,22737,22500,-22269,22285,-22255,22524,116,8,4,-13,20,-29,22,33,6,-35,2,24,45,-13,-6,-40,-8,23,7,3,-8,-11,-31,13,15,17,51,32,-16,-41,-34,6,-4,-2,44,-4,-6,12,2,1,-1,5,21,-13,-17,22,-3,-2,7,-8,8,16,-7,8,11,-8,7,1,-2,24,22,1,-19,-17,13,12,-7,13,16,13,1,-3,0,-4,17,8,-13,19,-17,-21,8,-19,-6,-3,23,5,4,25,0,7,5,0,22,16,-17,2,1,-1,2,31,0,16,10,4,19,-22,-10,-7,-6,11,2,-1,4,6,-4,-23,26,25,20,17,54,27,-12,-1,-8,-14,-7,8,0,0,0,0,0,0,0,0,0,0,0,0,0,0,0,0,0,0
-256,19,-7,-8,7,31,2,-9,-25,-12,1,-16,-15,4,18,3,10,0,-26,-3,-2,1,-17,-4,25,36,18,1,10,-15,-22,18,1,16,10,-2,17,-9,4,-8,18,32,-12,-37,-33,-25,-68,-3,12,51,-41,-25,50,-52,22,-39,-21,-24,17,10,2,-7,-15,-36,-20,2,14,11,-17,40,-7,19,-9,10,-14,23,-39,-9,7,-20,27,57,60,65,50,34,-72,-93,45,65,180,22890,22859,22982,22893,22511,-22709,-22455,22702,22461,-22289,22298,-22260,22514,110,-38,6,-16,0,-5,51,-17,5,-18,30,9,22,-14,4,-3,-18,-15,-39,-17,-16,10,-2,-9,14,-4,-1,4,19,15,25,4,45,9,-13,-30,12,11,-2,0,26,23,19,1,-13,16,-8,11,8,-3,-6,16,-6,4,20,26,9,1,14,-10,30,31,18,27,-2,20,-26,7,39,-24,-9,-22,15,10,-26,-18,-1,8,-20,6,-1,-13,9,5,-2,-21,-3,-5,-8,14,4,45,-17,1,26,11,-2,11,25,9,7,-2,2,16,-13,2,-5,19,4,-5,0,-34,-15,5,11,36,-12,15,-27,-17,5,-15,5,-13,7,7,33,7,0,0,0,0,0,0,0,0,0,0,0,0,0,0,0,0,0,0
-256,5,14,-23,-10,18,-4,-14,0,-13,-7,18,0,5,3,31,-17,-17,13,-14,12,-6,24,3,-12,13,-2,19,10,-21,10,24,3,0,3,-16,-6,9,17,5,6,-1,8,-9,-30,-30,-35,-42,40,23,-32,-43,46,-35,44,-41,18,-2,-13,-4,-3,18,0,23,16,-12,-6,-5,-10,17,6,17,-5,-7,7,7,5,7,17,-33,20,61,88,74,73,48,-66,-54,55,113,161,22870,22892,22970,22934,22515,-22679,-22511,22769,22527,-22300,22254,-22294,22513,115,4,-40,13,-3,-5,20,-38,-22,12,26,3,3,-7,53,-18,-4,13,0,-1,20,18,-21,-22,10,15,-10,-37,-2,-22,41,58,-6,1,-9,46,45,22,6,7,2,-2,-5,19,-16,-13,13,-7,12,13,-23,2,16,14,-6,2,3,-25,-1,-11,33,2,5,0,-2,0,23,-14,1,-1,14,-11,-3,-9,9,13,2,14,-10,-9,-4,4,4,18,-4,15,-5,4,-5,-6,17,-9,-2,5,-2,-10,1,29,13,1,29,-7,-23,8,-14,8,9,3,-10,3,-5,-8,-9,2,-20,11,-4,-2,1,-4,2,8,16,26,-14,10,11,15,0,0,0,0,0,0,0,0,0,0,0,0,0,0,0,0,0,0
0,-3,-3,0,-2,-16,-11,-12,0,-6,1,-6,13,-3,14,-5,14,16,42,13,14,11,-19,10,16,7,-7,6,0,6,-5,-10,22,-1,11,10,16,-2,12,12,20,-3,8,-45,-30,-20,-39,-32,45,15,-28,-49,42,0,29,-27,20,6,41,-4,22,-12,-13,4,18,3,-3,16,15,35,-10,-19,14,2,22,38,14,1,17,18,-10,52,87,60,88,34,-59,-38,88,48,121,22875,22886,23066,22947,22502,-22692,-22461,22726,22490,-22252,22286,-22267,22500,98,14,-4,30,9,-15,11,12,34,11,-14,1,-2,25,-14,-10,-18,-3,3,17,1,22,-29,4,-8,6,49,22,7,-1,10,-29,-26,43,18,-10,-30,8,12,5,-11,35,5,-14,27,1,4,23,-21,27,-2,0,6,-5,14,-12,1,7,-12,-9,20,5,-2,0,10,16,2,-1,-13,-12,12,6,16,-2,14,4,-4,15,11,11,7,4,0,10,5,2,-1,8,-1,5,3,-16,6,-26,-18,-9,20,-3,2,5,25,-22,27,1,5,3,33,-10,6,18,1,0,7,14,-23,-7,1,-3,17,-31,8,-18,1,40,1,16,-9,-4,0,0,0,0,0,0,0,0,0,0,0,0,0,0,0,0,0,0
0,-14,6,0,0,4,-1,9,4,-6,-15,8,16,26,-5,-9,17,19,-8,-23,1,31,11,1,3,4,-13,10,4,24,1,-13,1,-17,2,4,24,10,19,-1,-20,13,-2,-43,-43,-15,-26,-50,53,65,-35,-29,14,-19,33,-18,-19,7,-24,-4,17,0,-6,-11,-7,6,-21,2,21,-14,-16,21,7,5,-28,6,7,-10,-8,18,-15,68,79,63,100,67,-40,-27,116,52,180,22899,22880,23039,22923,22485,-22731,-22507,22686,22509,-22264,22269,-22219,22534,124,-35,6,8,-21,14,2,48,4,-12,20,15,-6,-23,41,-29,-20,5,2,8,-14,-41,9,-21,-11,-33,-42,27,2,-36,-24,-6,6,8,27,-8,23,26,-1,30,15,-9,1,-7,-3,-10,22,-1,4,-18,3,24,1,8,-1,-6,18,-10,-5,-8,2,24,9,9,19,-15,-4,-5,12,0,24,-2,-1,20,4,-5,13,17,-6,-1,18,-15,-3,-5,17,12,10,-6,17,-7,8,0,-4,0,-1,7,-2,-2,-11,0,17,10,16,29,-7,11,-37,1,16,11,1,6,-10,6,-11,3,3,-4,6,-9,-5,1,-5,19,-11,0,-3,6,0,0,0,0,0,0,0,0,0,0,0,0,0,0,0,0,0,0
-256,6,13,18,2,10,-21,14,3,-19,-14,-6,-7,16,-2,16,12,-4,-15,-3,12,20,-2,-8,5,18,-10,-21,15,36,-1,2,9,42,-1,6,17,1,6,5,5,-9,15,1,-39,-63,-40,-45,36,51,-39,-17,45,-18,30,-43,2,4,0,6,20,2,-8,0,6,-16,-10,5,8,-14,19,8,34,14,22,34,-20,22,17,-11,17,54,39,96,121,107,-75,-67,74,63,150,22885,22844,23031,22931,22483,-22743,-22485,22734,22434,-22261,22262,-22287,22472,104,-34,36,28,-35,18,2,9,-25,28,-6,-1,3,2,1,4,-7,29,12,1,-21,9,20,23,-23,-14,-1,-17,48,-13,37,14,-19,22,-38,17,2,27,0,-8,22,-19,31,2,13,1,15,2,20,1,14,28,26,22,22,0,9,9,16,8,18,-19,10,1,6,-9,2,13,31,2,20,12,-17,28,4,5,3,1,-22,22,17,2,13,16,-10,12,-8,8,23,15,-12,2,5,11,-14,28,-1,6,2,9,16,-6,-26,12,-6,-1,9,2,-1,-8,4,3,8,23,8,7,-15,-15,-2,-6,-1,-1,12,-14,21,5,-12,-1,0,0,0,0,0,0,0,0,0,0,0,0,0,0,0,0,0,0
0,8,-1,16,17,-11,-5,18,12,10,14,6,14,0,-3,-9,13,-9,-2,-1,-1,8,20,19,-5,-13,-27,3,-23,13,25,-26,5,11,10,-6,-18,-1,-19,-1,-8,-5,32,-10,-39,-48,-15,-28,54,43,-19,-36,23,-39,29,-16,20,5,24,1,4,-5,7,23,-7,-24,-12,13,6,15,0,-12,24,16,5,17,16,-10,0,-28,-18,80,63,71,82,97,-42,-38,46,77,168,22884,22846,23007,22896,22481,-22725,-22520,22740,22488,-22302,22282,-22286,22514,131,23,-47,9,8,4,43,8,-12,-12,41,2,25,-45,-18,18,4,6,-12,8,3,34,-15,32,26,10,1,8,32,-18,29,13,25,10,-25,0,-4,3,46,-20,1,9,2,-6,23,-27,39,-7,-6,-10,7,-15,-2,8,4,-3,4,8,29,4,4,11,21,34,-14,20,7,-3,-13,10,-3,-5,-6,-27,2,11,13,3,11,-19,5,-8,-9,0,5,17,-25,36,8,8,19,22,30,11,-11,-24,14,22,1,14,-11,11,9,18,19,12,19,0,-9,22,-10,-14,-14,5,-1,6,18,8,30,-2,9,5,-20,8,-2,26,-6,25,0,0,0,0,0,0,0,0,0,0,0,0,0,0,0,0,0,0
0,-13,3,-1,18,-1,-2,24,-12,-11,15,17,-27,-9,5,-30,4,17,16,17,16,1,1,-1,7,9,-15,1,11,8,-2,6,-3,13,5,-6,6,-33,1,13,-7,7,44,-29,-37,-38,-16,-26,17,22,-19,-41,24,-34,55,-47,-6,39,-35,4,-13,26,23,13,31,9,-15,-9,16,-18,1,-10,0,-11,34,21,-4,-38,2,9,4,50,80,66,84,67,-56,-53,60,45,191,22923,22868,22985,22948,22509,-22746,-22488,22723,22467,-22268,22275,-22259,22529,124,-18,31,18,16,12,-1,-12,2,18,6,0,10,-1,-7,26,29,35,-17,20,-43,-19,14,-2,20,-44,11,23,8,51,-22,23,27,-3,-15,9,22,1,-5,-3,11,9,4,-1,-1,5,7,20,-10,1,-9,0,-35,18,7,11,20,16,16,28,-8,-11,11,-19,15,1,-8,19,5,-3,-2,8,-19,2,-7,23,0,-6,14,-7,-20,-12,5,0,9,-11,14,13,-3,-17,-19,31,-5,-2,24,-5,28,21,12,3,-10,1,-1,25,15,5,17,17,7,6,-13,-22,-6,-14,17,18,-30,-16,-4,11,-17,-18,21,8,12,6,14,-6,0,0,0,0,0,0,0,0,0,0,0,0,0,0,0,0,0,0
0,13,-13,-7,2,14,15,2,-8,3,17,15,-8,0,-11,30,5,9,13,12,-1,4,27,-24,1,8,-18,16,30,21,10,17,16,3,14,15,16,-22,12,2,-1,-21,8,-10,-55,-59,-57,-39,39,18,-37,-32,56,-49,51,-40,17,-2,-1,22,14,-5,31,-15,10,10,6,-32,7,-38,-4,-7,1,2,-7,2,-10,12,37,-41,8,103,96,78,87,99,-56,-53,82,90,190,22889,22861,23019,22903,22501,-22745,-22511,22748,22494,-22282,22271,-22263,22531,155,14,26,-11,-10,-19,-39,13,-34,6,8,7,5,-8,4,16,-25,16,-8,4,39,-19,-19,3,-19,22,-6,9,22,2,-15,-5,25,30,1,1,-12,4,-3,-14,8,3,3,-8,16,24,6,16,11,-9,8,-7,18,-2,-7,13,17,22,-2,-1,2,-14,36,-11,17,33,-1,2,-11,-4,-17,10,-7,16,-2,-10,11,-23,19,25,20,-11,4,-3,-6,-1,-10,24,9,2,9,2,18,6,16,-15,-4,27,1,2,3,-7,5,9,32,19,-23,-4,3,-15,-13,13,-7,24,-18,1,3,-15,-4,-3,13,10,-2,19,1,1,2,-1,0,0,0,0,0,0,0,0,0,0,0,0,0,0,0,0,0,0
0,15,28,-18,7,-9,6,0,-1,1,-4,6,-19,-2,5,26,-7,15,3,3,3,10,-13,18,3,0,18,18,4,-9,1,14,-6,-12,6,-19,16,5,-8,0,-7,-13,11,-22,-29,-25,-34,-34,50,72,-11,-42,13,-23,2,-39,3,-2,0,6,37,14,-2,-26,-10,15,-3,-6,12,-16,-1,-40,-15,10,16,-10,0,-6,-15,60,-23,96,94,40,124,73,-66,-66,121,70,195,22873,22885,22989,22921,22513,-22732,-22480,22727,22458,-22251,22309,-22284,22532,96,-6,-2,-28,-18,25,3,-29,26,3,2,5,39,0,-37,-45,-23,-19,28,26,23,3,-22,-9,-26,-25,4,-19,-5,40,39,30,1,4,17,-23,-6,-6,10,8,23,2,30,-13,2,1,24,-4,-14,13,-1,-8,19,-23,7,25,-15,28,13,14,-7,-27,4,23,12,-10,5,21,32,-2,-24,14,-7,28,-6,12,-8,4,10,-28,15,10,5,22,-25,-2,15,-19,18,12,15,12,0,-12,-9,19,1,-1,6,-12,7,-4,12,15,-14,13,13,-15,16,-1,-3,0,-3,-32,-1,16,1,3,-4,0,8,14,14,5,17,-10,-9,17,0,0,0,0,0,0,0,0,0,0,0,0,0,0,0,0,0,0
0,3,6,13,2,-12,-21,2,10,-14,13,7,27,-5,24,20,-18,-18,25,1,2,24,-18,11,4,-19,4,31,5,5,-5,-13,4,20,-3,11,10,27,8,-9,6,4,-12,-35,-39,-51,-30,-15,34,40,-52,-53,27,-35,40,-23,9,14,25,33,25,27,8,4,14,22,3,-18,-27,-4,23,-10,15,0,7,23,16,-6,11,21,2,45,89,47,96,58,-61,-40,33,79,148,22892,22896,22985,22971,22489,-22731,-22485,22761,22494,-22289,22272,-22321,22536,84,7,-12,9,47,4,14,31,12,-8,-1,-9,-23,24,-19,27,35,3,-7,56,5,11,-14,-29,-19,12,-11,13,9,27,18,-10,5,-7,-26,7,16,8,17,5,25,-17,-1,18,25,-7,5,-3,-8,9,-11,16,14,17,36,8,-10,-21,9,0,4,-13,17,20,25,-4,-3,-14,-8,2,0,-22,-10,-1,5,15,5,-10,17,30,23,1,-4,-2,2,18,11,-7,0,16,-26,5,15,-11,20,-15,-13,11,24,-19,6,-9,13,14,3,2,12,-4,4,20,-12,-6,-27,1,27,1,-8,10,18,2,18,22,9,-24,29,-1,2,-27,0,0,0,0,0,0,0,0,0,0,0,0,0,0,0,0,0,0
0,6,-19,-2,-5,27,-27,7,9,8,19,10,-6,-12,-28,8,3,-2,-14,2,8,-6,14,20,-2,-12,-11,5,-2,13,5,23,7,-23,-2,-12,33,-22,10,-13,-14,-11,1,-33,-19,-56,-13,-26,17,46,-27,-29,25,-33,58,-36,33,23,29,14,-38,-1,11,-8,15,40,-8,36,-11,14,-12,12,-7,23,-13,-23,28,31,-5,28,-13,83,81,98,92,63,-80,-46,48,70,134,22960,22884,23021,22950,22466,-22710,-22496,22728,22470,-22289,22310,-22252,22484,98,7,33,23,1,-36,-35,7,6,-41,55,-11,5,-13,22,6,21,-1,-33,22,-16,2,21,-13,28,-49,13,29,4,33,-14,6,-5,10,6,0,43,9,-1,-17,17,14,1,12,6,-11,3,-2,20,-3,-19,9,1,8,15,11,6,-10,-3,-12,13,0,-21,26,40,1,12,-4,2,12,13,11,24,31,4,0,-12,-6,9,14,-5,-1,-14,-12,-24,1,10,-20,2,5,-11,-8,21,12,-22,22,-6,1,10,4,-1,7,-1,-2,16,-18,15,6,-29,38,-14,-25,1,19,20,-10,19,6,-7,2,-1,-34,19,-8,4,46,12,-18,0,0,0,0,0,0,0,0,0,0,0,0,0,0,0,0,0,0
0,6,-1,9,5,15,-4,-7,-9,2,9,4,6,18,12,4,6,4,3,13,-6,4,9,-9,18,9,0,2,13,16,25,7,6,-3,-10,-20,14,-2,12,8,-12,4,0,-46,-31,-37,-24,-28,42,53,-28,-22,61,-23,77,-28,-3,2,6,-26,-7,27,-1,-5,17,-10,0,-4,19,-19,31,2,8,-8,18,38,-11,-20,-15,13,1,75,83,86,70,81,-103,-63,54,59,122,22914,22880,23008,22934,22501,-22754,-22488,22712,22482,-22270,22282,-22208,22533,125,4,27,-6,4,9,1,14,44,-13,-8,22,38,6,-5,21,-3,47,-23,-17,-5,4,21,38,-14,-17,19,7,31,4,8,-12,-12,15,14,4,29,-23,-8,33,-4,43,-19,1,15,-8,13,13,11,6,-24,-1,13,-9,-14,24,-2,7,11,-2,-6,33,10,-4,13,11,14,-19,-10,-8,-8,-2,19,-8,20,-25,-2,17,-18,45,23,-22,27,-6,-2,13,-12,10,-1,11,-7,3,7,19,4,25,3,12,-9,-3,5,-11,-2,-2,14,-1,-11,-9,7,16,0,21,3,14,4,-8,-8,33,-16,15,21,19,24,7,-9,11,9,10,0,0,0,0,0,0,0,0,0,0,0,0,0,0,0,0,0,0
0,0,-32,-14,12,6,26,8,16,32,-18,4,2,2,-1,-3,4,0,20,14,-1,-6,18,13,10,-12,-7,13,5,18,-10,-16,-4,9,0,-4,-12,-9,23,12,5,0,-19,-30,-35,-38,-28,-25,52,40,-41,-9,40,-28,2,-61,-7,33,0,2,-5,69,38,-8,-1,5,6,13,2,28,0,-40,8,12,20,18,-3,13,-19,-11,12,90,98,39,95,48,-67,-50,101,48,153,22888,22855,23026,22958,22487,-22737,-22477,22761,22519,-22302,22290,-22274,22476,89,-10,35,16,40,7,0,12,12,11,-6,-19,-16,-28,12,45,-1,34,-1,24,6,32,35,26,6,-21,30,-8,-22,-25,14,42,-18,-14,17,-2,1,2,-13,11,3,9,10,-5,-9,-10,7,-20,5,-9,8,-4,10,12,2,7,1,-5,-1,5,9,1,13,7,17,5,4,16,0,-14,1,26,9,-9,-9,-5,3,8,8,20,-21,20,7,9,12,-15,15,25,-14,2,14,-11,-8,-5,-11,-34,-1,12,16,7,-10,11,15,21,15,-4,14,-3,-8,21,-7,-15,15,6,8,8,12,-21,7,-7,36,-1,13,-23,5,-2,11,16,0,0,0,0,0,0,0,0,0,0,0,0,0,0,0,0,0,0
0,-10,3,-25,-6,-19,10,12,4,15,-11,-27,5,-4,10,2,7,15,10,14,24,-3,-3,-13,16,11,5,-11,13,9,14,-14,-13,-4,-1,25,28,22,2,30,9,-23,-5,-18,-44,-57,-26,-8,51,54,-36,-24,48,-27,69,-23,-2,26,-5,-10,-6,14,-28,-6,7,26,-14,-7,25,8,12,19,10,0,27,6,-2,-5,12,-9,19,80,56,74,55,61,-86,-29,62,111,147,22898,22872,23003,22940,22495,-22741,-22474,22764,22510,-22290,22306,-22281,22507,132,-17,-16,5,-12,12,29,-24,-17,19,-30,-17,-3,8,51,47,-14,-24,-2,-19,-1,23,18,18,-11,-24,9,-47,-25,13,8,-17,24,11,-22,-13,5,-22,8,41,8,19,4,8,-21,19,12,-3,2,6,-13,-3,1,23,2,-9,-6,12,14,26,8,34,11,12,16,8,16,7,0,12,-19,-7,0,7,13,-15,35,0,-2,-8,3,12,13,20,-5,-2,10,-3,6,31,-18,1,-1,-9,9,-4,0,-17,-15,28,-6,6,-7,-26,37,42,-15,19,13,24,19,-6,36,-5,38,-21,-7,14,-8,0,-12,44,3,8,14,16,-3,-15,0,0,0,0,0,0,0,0,0,0,0,0,0,0,0,0,0,0
-256,20,-16,1,-6,-2,-26,27,5,13,-5,17,10,-9,-6,20,-2,-4,25,14,-5,5,-14,19,-2,-21,-3,1,5,-12,8,-3,-13,12,3,-5,6,-1,-23,3,-16,-6,8,-56,-41,-34,-34,-22,57,39,-39,-19,82,-21,40,-39,7,-20,7,1,13,-6,20,-7,23,25,-6,5,-6,-5,23,8,-13,18,-21,-10,4,-6,-10,9,-7,63,88,78,83,67,-51,-52,33,103,149,22899,22893,22993,22955,22504,-22730,-22500,22733,22473,-22258,22276,-22277,22485,103,23,-5,28,-19,16,-16,5,-16,35,18,-6,-49,-16,8,28,-23,-40,-22,-9,-21,4,-16,57,27,-17,15,-15,8,-26,-50,-6,-6,11,17,6,-8,-18,-16,-5,4,-7,13,3,-2,-4,21,-18,8,-9,4,-1,-9,23,-8,-8,-1,4,3,-4,-1,-19,-22,24,15,-44,2,4,-16,-13,-27,6,8,-5,3,5,-1,0,3,-2,8,21,3,0,-15,9,14,35,-5,-8,8,6,-21,36,15,0,21,0,-10,-2,3,0,5,-1,14,-5,-19,-11,-1,-5,-19,15,0,9,32,7,13,-13,3,-5,11,-5,-6,24,7,28,-13,8,0,0,0,0,0,0,0,0,0,0,0,0,0,0,0,0,0,0
-256,13,9,-4,8,-34,-3,5,10,8,13,-19,27,-3,7,11,4,13,4,11,-8,8,-7,5,-18,-2,-11,-12,14,12,-4,5,20,6,-11,24,-11,25,17,-3,3,26,-3,-12,-42,-23,-20,-43,34,45,-18,-38,40,-5,50,-42,0,24,-5,29,-2,-15,-4,3,14,41,-12,11,-5,6,26,24,14,-20,13,-8,27,17,4,1,13,90,65,65,84,81,1,-70,92,85,153,22872,22900,22989,22949,22477,-22703,-22487,22755,22484,-22264,22290,-22273,22511,95,-10,38,16,-1,34,4,23,-7,0,23,18,-12,-20,3,26,50,-34,11,-8,-22,-5,-29,6,24,22,14,-27,14,45,19,26,1,20,45,4,5,1,23,0,9,6,6,-29,-19,12,7,19,18,-1,-17,8,46,13,17,-9,-11,-6,13,-14,16,16,3,0,15,19,-2,4,6,-20,15,10,-18,15,0,4,-6,14,-19,5,-15,-6,1,20,6,-10,32,11,4,-5,15,-26,4,19,2,-7,-21,-9,3,-3,14,0,41,-20,20,-6,4,10,-11,3,-2,-30,10,-18,18,-18,-3,-1,-7,3,2,16,-1,29,-18,0,0,27,0,0,0,0,0,0,0,0,0,0,0,0,0,0,0,0,0,0
-256,3,2,-7,2,-5,-6,-14,-1,1,-1,14,-2,6,-3,13,-8,6,-21,9,-2,-12,11,14,1,11,-1,-5,-6,-13,-14,14,14,-14,15,-17,10,0,34,9,15,29,22,-20,-31,-23,-22,-10,23,34,-37,-54,38,-6,28,-22,0,3,2,-25,-1,27,-16,5,17,-13,46,17,11,-9,24,4,8,8,-24,3,-25,8,5,39,11,78,79,72,95,53,-87,-68,70,95,155,22921,22878,23004,22917,22513,-22722,-22465,22777,22530,-22255,22286,-22296,22510,89,-44,22,21,0,13,-24,15,13,38,20,2,11,11,4,27,30,59,-6,-47,5,14,-7,-22,-20,-13,15,-5,18,35,41,1,-14,5,23,13,25,8,16,8,-8,6,-10,19,-26,18,18,-7,12,-7,12,-24,15,-6,13,4,-6,23,-27,-12,-13,12,-4,14,-1,5,7,2,0,1,-2,33,20,2,-4,-17,32,-8,-18,1,-10,4,-19,33,16,-16,-9,11,-1,1,2,17,-10,17,-7,5,-15,50,24,0,17,18,-16,5,-5,-24,22,38,-4,5,3,22,6,-15,4,18,18,-4,12,32,-7,-7,12,19,-2,-9,-17,21,0,0,0,0,0,0,0,0,0,0,0,0,0,0,0,0,0,0
-256,33,10,-11,-12,-12,48,11,21,-11,-4,6,12,29,16,13,15,7,13,1,1,-18,-10,24,25,17,3,1,32,-6,5,13,26,10,36,5,-36,-5,-11,-12,10,25,12,-51,-81,-28,-37,-35,35,44,-33,-27,31,-39,19,-41,-2,10,11,-19,1,-34,25,-7,3,22,21,-7,-5,-25,-31,5,-3,0,3,-8,3,-4,13,15,-10,83,59,70,74,71,-34,-58,92,87,161,22946,22854,23005,22952,22495,-22732,-22501,22769,22509,-22278,22288,-22330,22516,92,-31,17,6,3,-47,8,-14,-21,18,-2,-14,-27,-3,22,3,1,-10,23,-6,19,33,38,-9,-5,29,11,-23,-2,39,7,11,-10,47,-22,-14,27,-15,11,-3,39,-7,-11,-17,24,-5,24,12,20,31,5,5,26,-7,-17,2,5,-9,12,12,24,-8,-29,-2,0,1,32,13,-3,-1,-16,10,0,27,1,26,-10,-10,2,1,-4,17,-7,4,-7,-5,0,-5,10,-7,13,-3,-7,-9,-9,3,20,4,-7,-18,-8,16,-21,-10,-4,3,14,-12,-5,5,3,0,16,6,10,-4,27,31,-1,20,5,-10,4,5,-11,-21,-3,17,0,0,0,0,0,0,0,0,0,0,0,0,0,0,0,0,0,0
-256,-14,14,1,7,8,-8,15,-21,1,9,-8,12,-5,16,-20,5,-7,-6,20,20,4,-8,2,20,-2,4,-4,2,25,-9,2,-7,-7,17,-17,29,9,6,-18,25,4,18,-27,-27,-7,-26,-46,64,45,-29,-11,45,20,48,-26,31,17,15,-9,-20,-16,-3,7,28,13,9,-22,-5,8,-35,16,-13,18,33,-3,26,-14,0,-1,-12,45,67,45,84,45,-71,-52,85,79,160,22907,22874,22989,22945,22515,-22709,-22487,22758,22479,-22270,22285,-22287,22502,95,28,-10,10,14,-23,10,-36,33,46,6,10,5,-23,5,6,-32,2,49,-17,-25,-21,27,-23,-16,-5,-34,-10,-20,-30,-26,-11,-11,16,23,-12,-26,19,-17,-15,21,-1,-2,-3,21,-20,0,18,39,13,-5,5,2,18,27,-3,-20,-5,45,-4,3,3,-2,10,13,18,3,22,-8,-13,-14,9,-1,13,14,3,10,0,8,15,-10,15,0,2,3,-12,8,-5,24,2,35,-13,11,5,33,17,0,-14,14,-15,11,-14,3,16,16,-3,-13,6,4,1,5,12,27,15,9,-1,-14,-2,-4,8,14,23,-10,30,2,12,-7,-13,0,0,0,0,0,0,0,0,0,0,0,0,0,0,0,0,0,0
0,-6,-3,-23,10,-3,7,-5,17,-19,12,-1,-22,-5,42,-6,18,22,5,-19,15,16,-15,-18,37,-26,-6,17,-1,-6,13,-12,-3,9,-1,20,-14,7,-9,6,22,-23,17,-23,-26,-57,-39,-50,60,21,-56,-40,47,-34,39,-18,16,-11,-11,16,0,-4,-2,-5,1,5,-11,-19,-6,3,2,24,23,-18,7,20,-8,17,19,4,17,52,70,69,93,66,-65,-59,88,80,140,22893,22889,22988,22958,22523,-22737,-22503,22737,22459,-22270,22270,-22277,22523,129,-23,52,16,6,-28,16,15,36,-6,18,-20,3,21,49,37,-32,-11,-13,-34,4,10,-2,3,49,-45,-17,4,23,-16,33,13,3,-17,-27,-6,-1,18,-34,-8,12,-4,35,6,12,28,18,17,8,5,16,18,-2,-10,-6,22,3,-12,5,-12,5,10,10,17,3,9,10,-4,-13,-12,-10,-1,3,22,14,17,35,13,11,8,-1,16,18,3,1,-11,14,8,1,17,13,28,8,-33,-27,13,-13,-9,-1,19,1,15,-3,-24,12,0,5,-7,19,9,10,6,-24,25,13,8,-23,12,19,-5,26,-10,6,33,22,-23,4,-1,0,0,0,0,0,0,0,0,0,0,0,0,0,0,0,0,0,0
-256,9,9,-18,-14,-8,15,-17,11,8,8,-8,-3,-2,-7,-3,0,-6,13,-2,4,-4,-11,10,14,-17,-31,1,4,1,8,18,-7,-5,-10,11,-2,-10,10,3,-4,-21,-18,-30,-20,-52,-39,-42,43,27,-41,-31,36,-21,36,-12,2,-2,14,25,2,-4,18,-8,-9,0,26,12,8,28,3,-21,17,-4,1,16,-33,12,-16,23,-22,76,58,61,73,70,-69,-66,78,74,183,22943,22866,22998,22972,22508,-22745,-22451,22727,22467,-22263,22270,-22272,22518,92,30,29,11,5,-31,46,3,-12,17,9,2,-15,2,-18,8,-38,36,1,53,-14,-22,4,29,26,-5,8,33,18,31,4,-27,1,17,23,-7,-3,-1,-17,2,-18,16,11,-14,-9,25,-24,-15,-9,-19,7,-1,13,-23,3,-33,12,1,1,16,-1,22,15,-6,-6,17,-3,23,24,-6,-4,-19,10,-11,7,5,5,-11,-14,31,2,13,-5,28,24,17,-3,-33,2,3,-6,1,6,-1,1,9,4,1,1,-9,-2,1,0,8,43,-14,3,6,10,-4,21,9,12,15,-8,4,-2,7,0,-16,-21,12,0,10,6,-2,20,33,0,0,0,0,0,0,0,0,0,0,0,0,0,0,0,0,0,0
0,-3,-2,10,11,1,24,34,-1,26,3,28,12,15,11,13,22,10,6,4,5,19,4,-3,-11,-6,-13,33,-2,-4,-6,10,22,9,13,-11,-17,-8,4,18,7,4,9,-43,-41,-25,-24,-22,14,40,-34,-60,31,-40,15,-7,-17,-7,24,-13,0,40,-3,11,32,27,25,48,19,6,-1,20,-15,5,19,0,-15,-9,-2,-8,27,96,63,64,46,88,-64,-70,69,67,156,22922,22860,23050,22921,22515,-22759,-22504,22732,22488,-22281,22254,-22267,22535,95,-5,-27,50,15,-23,27,26,-7,28,12,14,6,-7,5,72,6,38,6,-13,-25,16,32,33,9,11,9,-14,21,-1,4,18,-17,23,22,-12,27,1,-9,3,-16,11,11,6,-3,15,27,-2,2,9,6,-6,9,28,-11,5,0,-8,4,-15,-15,-19,5,24,-2,9,9,15,3,-5,8,1,-29,11,-24,40,-9,-8,0,11,-3,-5,17,10,-10,-2,-7,13,16,17,-6,25,7,0,-9,-1,11,-13,18,-7,22,10,5,-32,-12,21,5,-15,18,-5,-8,-3,13,6,8,0,-3,11,50,-35,19,20,4,-5,34,-14,6,-6,0,0,0,0,0,0,0,0,0,0,0,0,0,0,0,0,0,0
-256,-22,-14,-14,12,5,16,6,3,17,2,11,-7,15,-12,10,-1,33,5,9,6,5,-9,-9,-2,-14,1,-3,13,0,-1,20,32,-15,8,-1,-6,-20,-1,-3,13,5,2,-11,-13,-13,-41,-49,27,34,-10,-13,29,-17,61,-35,-15,1,25,43,-3,1,-13,9,-8,-3,-4,23,15,20,10,28,-1,-11,25,16,19,6,16,16,43,38,77,71,87,63,-80,-78,54,83,154,22916,22854,23019,22941,22513,-22729,-22502,22754,22455,-22272,22264,-22307,22505,94,33,19,-7,-1,29,8,13,3,-11,9,9,26,31,-42,38,20,2,-17,-34,-19,-18,-35,-7,0,-16,-7,-12,23,-12,-60,11,4,13,21,23,10,19,-1,24,8,-13,28,2,13,9,-9,-16,20,8,22,-21,-6,-9,12,-5,-4,18,4,-10,4,5,21,-14,1,3,7,12,18,18,-1,10,7,-26,42,-9,-28,10,15,-21,0,7,-8,-8,-7,6,0,-4,-42,-8,-20,-30,10,-12,-5,-7,2,13,-1,-9,12,-3,9,10,-10,-24,5,-3,6,-8,11,9,8,15,5,28,-12,16,19,-11,-31,-11,20,0,20,-11,14,22,0,0,0,0,0,0,0,0,0,0,0,0,0,0,0,0,0,0
0,-5,15,-9,15,-9,26,-22,15,-3,-4,10,-24,15,49,4,-3,4,5,36,28,5,21,3,13,-6,-5,14,-8,5,2,7,-21,-12,3,3,4,3,1,17,39,14,12,-2,-10,-48,-27,-32,25,36,-19,0,50,-20,42,-46,7,-8,1,-16,20,2,-13,7,-2,2,-16,13,20,-13,-16,0,0,4,-12,-1,-9,40,4,66,22,41,69,85,70,46,-56,-72,74,60,170,22901,22842,23023,22935,22481,-22708,-22486,22717,22479,-22267,22252,-22280,22479,86,0,-9,4,20,-16,-19,8,28,30,-14,-28,-7,7,-7,31,18,25,23,-4,27,21,36,5,15,30,-5,54,-30,2,17,20,10,19,5,32,16,4,17,-10,26,-5,-8,-6,-10,-9,-11,-5,-5,-1,-1,4,-5,1,31,1,-1,0,16,30,-8,-26,8,-7,-16,-5,13,31,-21,-1,2,22,4,-20,21,6,7,4,18,9,26,46,-8,8,11,11,13,-18,9,18,13,7,1,-5,2,-15,2,-7,7,15,-1,-1,11,-12,3,9,6,6,0,-6,17,2,-13,-26,4,9,16,-16,10,-29,-1,-1,1,6,2,-30,20,44,0,0,0,0,0,0,0,0,0,0,0,0,0,0,0,0,0,0
-256,2,2,1,9,0,1,3,2,-16,28,35,34,-6,5,13,14,22,-19,-5,7,7,2,13,7,13,7,17,15,16,23,0,18,4,36,-5,3,3,0,13,-12,22,5,-33,-49,-38,-15,-50,59,38,-12,-38,50,-6,49,-46,-4,-16,3,10,-17,6,-5,10,3,18,19,30,6,-4,20,37,8,-6,44,36,-4,33,45,-14,32,57,95,70,52,71,-63,-74,66,73,115,22941,22894,23013,22942,22510,-22737,-22475,22743,22484,-22304,22294,-22285,22574,79,11,-32,23,25,-32,15,25,13,34,4,15,-15,-31,6,0,-61,-24,-15,-7,26,27,-4,8,21,14,14,3,-4,25,45,4,-26,-27,-20,-23,24,12,14,9,19,22,7,4,5,-11,3,20,1,-8,-21,14,-4,-12,-3,-5,2,27,16,-12,26,-9,13,-24,-5,-9,-1,9,10,2,2,5,-8,-22,6,-2,26,5,1,-20,16,4,-5,22,4,7,3,3,-1,21,10,-12,10,-2,5,-13,-6,-4,10,-22,21,5,5,17,15,-40,1,-2,6,22,18,-13,23,7,17,-14,31,28,6,-5,-6,0,19,-21,-10,21,4,2,0,0,0,0,0,0,0,0,0,0,0,0,0,0,0,0,0,0
0,21,11,25,0,2,15,9,-19,-53,-11,10,16,29,-6,16,4,32,-15,16,32,-24,16,47,34,13,8,25,-17,-5,-38,2,17,15,-17,21,10,-7,14,1,-20,13,9,-11,-40,-47,-36,-12,38,16,-19,-33,29,-22,30,-17,-4,10,-13,1,2,-21,23,28,21,-8,-24,-24,0,12,-10,-3,8,-12,-26,-11,4,-4,-9,-9,-19,72,35,86,73,62,-66,-81,50,81,158,22912,22842,22999,22932,22531,-22737,-22516,22688,22482,-22246,22289,-22299,22537,109,-22,-44,28,-5,-17,18,-25,-12,-11,21,15,-6,22,42,50,3,22,-4,-12,5,-3,-21,13,-6,38,9,33,-9,6,-2,-8,32,-14,-26,16,1,5,-9,5,6,15,-6,2,-2,-24,-11,26,19,20,7,-1,11,10,2,-10,27,20,-2,6,22,6,-9,14,-17,28,-17,8,-10,-12,0,21,3,-19,-32,24,38,-11,-3,8,27,-1,6,-9,12,-14,11,29,-4,-4,23,4,15,12,-18,7,3,-22,-2,-11,-3,-4,14,35,-1,2,-31,-1,-6,6,11,9,-1,9,-18,-3,10,3,-12,3,-11,-6,-2,-10,24,-1,-15,-10,0,0,0,0,0,0,0,0,0,0,0,0,0,0,0,0,0,0
0,11,15,0,10,-1,-9,21,-3,28,-11,8,12,-10,34,-1,-21,-8,-15,-13,18,6,19,11,2,-15,-2,13,12,1,19,8,13,-1,-24,0,6,4,18,28,24,21,-1,-29,-43,-27,-30,-45,38,24,-54,-19,62,-7,17,-30,-9,-13,7,-12,0,3,-2,-15,-9,19,-3,12,3,2,-5,15,18,-21,31,12,-17,-35,-6,31,-1,66,65,64,60,69,-52,-50,84,94,167,22900,22886,23020,22926,22517,-22749,-22488,22730,22482,-22231,22298,-22280,22533,99,-25,9,-18,1,-13,-3,23,0,-13,18,2,-19,-25,0,23,-2,13,-2,13,-3,-14,-17,50,-12,8,2,-3,-1,21,15,1,-26,-9,14,-26,-20,27,-12,16,-7,-13,10,22,0,8,2,2,14,-23,5,12,-26,15,-18,-8,-9,23,32,9,2,-3,-28,-11,-1,24,-3,-3,5,14,3,26,-5,2,-3,6,-1,4,-3,13,-15,8,-6,22,22,-4,-16,30,2,12,-26,20,-16,3,-15,-1,15,3,-4,-2,-17,17,-14,-14,-4,0,-9,5,11,-2,1,2,4,-5,2,16,16,-8,-17,-37,-24,10,17,16,17,7,-3,-5,0,0,0,0,0,0,0,0,0,0,0,0,0,0,0,0,0,0
-256,-8,-3,26,-1,13,-15,-7,-5,-34,23,7,-5,-7,-4,22,13,20,-5,16,31,26,14,12,21,-16,13,-1,9,-15,-7,-16,-7,11,-18,-11,-7,-7,32,-2,5,9,6,-29,-29,-26,-22,-32,52,16,-47,-36,42,-15,70,-15,14,-11,-12,11,13,13,-2,2,-28,-11,20,0,32,-4,7,20,-20,15,28,-2,3,14,33,3,32,92,76,72,54,55,-63,-88,74,50,138,22911,22845,23018,22915,22478,-22771,-22526,22727,22501,-22271,22321,-22313,22516,68,62,-8,0,-20,9,6,27,-12,-10,-17,-13,6,-24,-8,23,15,-9,-12,-24,-4,-27,20,-15,45,12,-35,-9,-13,-13,5,-20,-13,21,10,-31,23,14,-23,-18,23,-3,-2,3,31,4,0,-17,-20,-26,16,-5,12,6,-12,-1,11,36,9,32,23,10,5,6,12,-12,12,-34,3,-20,-11,10,17,48,-9,23,-5,-2,-2,33,6,11,-4,9,9,13,4,16,-26,-21,29,10,7,5,38,11,-5,-9,-25,9,16,-10,16,10,21,11,-26,2,-14,-5,-29,1,-14,1,7,19,29,11,-1,17,-27,-4,-19,-18,2,-23,22,5,0,0,0,0,0,0,0,0,0,0,0,0,0,0,0,0,0,0
-256,-17,20,-7,-14,21,5,-10,11,8,-11,-15,-8,-8,3,-12,15,-1,-9,11,24,-7,13,35,-8,21,9,-26,16,10,12,-6,-5,13,5,15,-11,17,-3,24,4,-21,6,-18,-47,-36,-39,-14,15,51,-57,-37,25,-25,43,-39,17,-43,16,10,-8,18,2,11,11,-9,-8,-31,14,0,-7,20,-8,41,16,6,60,-12,3,-3,2,102,76,52,75,72,-30,-76,55,59,171,22921,22850,23015,22944,22508,-22725,-22465,22732,22467,-22286,22296,-22303,22542,107,46,15,24,5,-17,35,-7,-11,-1,6,-14,11,12,-16,-35,3,27,19,25,14,20,-24,-24,15,33,14,5,-15,-12,3,37,8,-6,-7,2,15,18,6,-7,11,27,32,33,11,-2,13,9,-2,5,21,-12,25,9,-13,5,3,25,2,29,-13,-3,11,39,-9,13,25,-14,12,0,-15,-4,14,-6,12,15,27,7,-3,13,9,2,19,9,8,6,-8,11,5,11,-5,22,14,7,8,15,9,16,9,17,19,13,9,-10,-12,17,-2,6,-2,-26,13,2,12,7,42,0,-11,3,12,7,15,4,14,14,9,-8,-5,18,0,0,0,0,0,0,0,0,0,0,0,0,0,0,0,0,0,0
0,-12,12,-3,-22,-5,12,2,8,-11,7,-3,15,-9,6,11,3,3,-22,5,15,2,-2,-13,7,27,24,-8,11,1,13,-6,7,-5,-18,-9,-26,16,22,-7,10,5,9,-27,-39,-49,-25,-32,44,36,-27,-60,21,-20,29,-29,-11,-22,5,9,-4,-2,-46,-5,12,-2,24,22,6,-25,-9,12,-29,22,-28,11,-17,-1,3,32,4,66,34,82,74,46,-65,-27,114,92,172,22903,22858,23020,22948,22454,-22718,-22518,22688,22436,-22272,22302,-22280,22563,98,-32,13,8,-11,2,23,21,-6,10,-8,-29,5,-6,-12,-8,-11,22,-52,9,13,-39,2,24,-3,12,-2,3,-7,-18,-18,-22,1,-7,-28,1,10,-10,19,27,19,4,-2,-25,-13,-19,-15,7,-20,-12,-12,-15,-8,8,-13,-6,-16,3,16,10,15,-7,20,0,20,14,-14,-15,-12,24,-1,9,-6,24,-11,-7,-3,9,11,10,-15,4,-5,13,12,29,5,0,-14,-6,5,26,-20,-12,14,5,-2,-28,-1,-4,-8,14,-2,2,31,-7,-4,-11,-12,16,4,26,7,9,20,-1,-8,-18,-8,22,22,-8,7,11,-4,11,4,-1,0,0,0,0,0,0,0,0,0,0,0,0,0,0,0,0,0,0
0,32,-9,17,-8,24,-25,23,-2,9,-33,14,30,-12,8,16,31,-10,-10,6,-4,5,4,-3,25,-1,13,-19,-39,33,13,7,-4,-26,-43,-6,18,22,16,32,14,-4,-11,-8,-46,-35,-16,-46,38,37,16,-53,33,-14,26,-12,8,31,6,4,-9,23,-18,-24,21,-28,24,-4,18,17,6,18,16,-20,-4,7,5,-21,-8,-37,13,108,42,60,92,31,-81,-74,60,109,173,22949,22860,22986,22905,22513,-22698,-22488,22759,22478,-22202,22273,-22313,22547,104,32,17,11,3,0,-2,-4,1,7,18,-3,32,-35,-34,4,-21,35,-3,-24,4,9,-6,-11,-3,-26,25,-10,7,10,-10,-21,7,15,10,-18,1,12,23,-21,-2,39,-39,8,11,-13,-3,8,-13,-12,-2,8,-31,0,-2,8,-3,17,-4,20,5,-13,7,0,-17,7,1,-8,-23,-14,-1,-23,4,-24,-7,-8,1,10,-10,17,-11,-22,-1,25,0,17,-5,16,-7,12,-7,17,-8,17,-4,-12,4,13,9,-4,-8,0,1,3,10,15,9,-6,9,-5,-17,5,14,5,8,-25,17,-13,10,1,5,0,8,-20,-24,23,12,29,0,0,0,0,0,0,0,0,0,0,0,0,0,0,0,0,0,0
0,-2,-27,22,-7,-6,5,5,2,11,10,19,7,-7,-8,22,-17,-8,13,-1,33,2,2,5,-12,4,11,-28,-12,-8,-4,1,11,-2,21,14,7,7,-8,1,5,6,10,-39,-60,-22,-37,-9,37,25,-45,-33,60,-51,53,-29,-4,-9,-1,-9,-6,-10,-3,19,-6,-6,-12,5,0,18,-24,14,-43,45,-48,-14,-18,2,-13,-32,-1,85,98,82,80,42,-34,-79,46,17,154,22912,22896,22976,22949,22492,-22708,-22486,22710,22496,-22290,22285,-22283,22531,92,-25,-12,-18,30,-12,8,-18,13,-20,5,7,10,12,21,-7,19,15,33,8,3,16,35,-21,6,-26,11,-57,-12,-4,-20,-13,-4,-15,12,-2,-5,15,11,4,6,19,-5,-3,-7,-5,3,0,-11,6,6,28,16,15,5,0,-3,5,-6,-3,3,18,-9,-18,-9,-17,-4,12,10,-2,8,-19,5,-5,9,14,14,12,4,45,-22,12,1,6,16,4,18,22,26,23,28,14,15,5,7,5,-7,9,-14,21,11,10,15,1,5,-1,16,-5,-8,1,-20,3,31,3,-6,-7,1,16,22,0,20,-5,-9,-33,16,3,19,16,0,0,0,0,0,0,0,0,0,0,0,0,0,0,0,0,0,0
0,29,16,0,6,8,-4,-15,17,0,-4,-7,-14,-1,-4,1,19,-10,-4,2,3,-2,3,6,-11,22,8,11,16,-4,-4,17,19,7,21,5,-4,8,23,-15,0,16,-1,-17,-38,-66,-79,-24,73,21,-45,-28,46,-24,28,-33,-29,5,8,-33,0,10,8,20,5,18,-3,25,-34,-16,23,-4,-4,2,5,-1,31,7,35,-28,15,54,72,57,81,77,-64,-62,49,56,192,22894,22860,22985,22925,22494,-22739,-22507,22750,22480,-22277,22252,-22299,22483,96,-11,48,4,6,5,7,-10,7,-38,24,-24,-12,-14,42,38,27,24,18,6,17,-37,0,5,55,-27,-20,20,21,-31,7,-7,-20,22,-11,-3,-23,-8,24,20,11,-5,33,1,8,-2,11,25,-19,9,12,1,-9,-2,29,5,-3,-12,7,-3,-9,-5,-9,-1,-2,25,20,7,5,-20,-10,28,-1,-19,27,12,-8,-7,20,5,-12,9,21,-9,-7,-6,16,2,0,12,17,-19,-16,36,3,14,-12,7,4,-1,-19,28,17,-1,9,-8,16,26,1,-7,14,9,-26,18,8,21,-5,-20,-3,17,-20,5,3,0,34,6,12,7,0,0,0,0,0,0,0,0,0,0,0,0,0,0,0,0,0,0
0,12,9,-9,27,1,-8,-23,6,17,23,17,10,30,2,14,4,6,-5,9,37,23,12,10,-11,-8,-31,12,0,-22,21,21,-2,-4,7,-5,35,12,22,-5,-1,2,27,-45,-47,-13,-42,-33,38,-3,-48,-20,32,-5,56,-21,-3,2,-17,2,-16,27,0,6,5,-17,-30,36,-21,27,-11,27,8,16,-7,29,30,-18,22,-3,20,69,94,86,99,101,-64,-60,71,40,170,22910,22861,22988,22903,22517,-22671,-22427,22716,22478,-22272,22293,-22275,22494,50,-22,-25,-25,21,-15,-10,24,2,-30,1,7,-15,23,-13,16,38,-46,18,24,-7,-3,13,6,-14,-5,-15,-24,-6,-9,4,-37,-19,-24,-4,12,-5,-29,26,25,-26,22,0,5,-12,15,11,22,-6,13,26,1,23,10,-1,4,7,-12,14,11,7,-7,19,15,-10,0,9,3,6,23,0,6,11,3,11,21,25,-7,-26,13,-18,21,-8,15,2,-4,6,-9,1,14,-15,5,-10,-16,-6,-6,3,11,36,22,1,-1,12,19,-8,-24,22,20,-3,40,20,-28,17,1,16,41,-5,-9,-20,7,-5,25,-10,-10,22,15,-16,-12,0,0,0,0,0,0,0,0,0,0,0,0,0,0,0,0,0,0
0,1,8,4,18,8,-4,-30,-7,-2,29,-7,9,-2,11,36,-10,8,-25,-7,4,15,-13,-17,14,18,-11,15,5,20,-6,14,7,8,-8,21,18,38,-22,32,0,-11,4,-16,-25,-53,-22,-42,55,43,-24,-22,42,-6,17,-40,10,1,-7,-5,-3,5,4,0,12,29,15,24,-4,30,40,-57,6,37,-35,10,-5,-8,19,23,-5,94,75,63,72,60,-76,-31,79,69,154,22914,22822,23013,22985,22514,-22731,-22471,22750,22560,-22296,22261,-22283,22496,78,21,-51,11,23,2,18,-13,23,-16,1,21,7,5,6,-15,0,-7,14,19,-30,21,14,11,-19,-15,0,2,46,-19,1,10,2,-55,1,-33,-1,-10,-17,5,11,-7,7,25,11,4,18,-21,11,1,-11,-8,-14,-21,-2,0,-8,0,-31,11,-8,16,1,6,3,29,0,-3,14,30,9,20,7,15,9,21,-21,-5,0,-8,2,8,-8,-12,-5,20,-16,-3,12,5,-11,22,17,22,23,-8,-7,-2,19,18,7,-6,15,3,18,-19,-8,-36,29,-13,3,0,10,24,-13,18,18,16,18,14,29,20,3,22,27,-14,20,11,0,0,0,0,0,0,0,0,0,0,0,0,0,0,0,0,0,0
0,-1,8,-5,12,13,12,13,6,-8,18,-22,15,-1,-15,22,14,18,-17,-9,-17,-11,14,7,8,1,20,9,-1,3,8,-9,-14,10,0,-1,2,-20,0,2,3,15,-12,-15,-41,-28,-40,-43,64,57,-23,-26,41,-35,16,-36,-2,14,-9,2,-9,20,-8,31,0,25,-2,-9,6,11,24,-4,9,-39,24,-23,-26,33,28,21,20,95,98,91,74,95,-73,-77,72,97,126,22864,22901,23059,22964,22476,-22723,-22538,22759,22525,-22322,22257,-22297,22520,63,-10,37,-7,7,19,-23,38,2,-5,-39,8,-23,27,49,11,-12,12,-17,32,-5,23,8,53,21,-31,9,-2,-2,5,43,17,24,40,-22,27,-21,28,38,-1,17,12,-8,9,5,-16,25,28,18,24,-5,6,-6,9,-1,3,37,-8,-1,-15,-5,7,9,32,-19,9,4,-2,32,-4,15,31,12,-6,2,19,15,8,15,-8,21,8,14,-1,-16,-34,10,13,30,11,0,-2,24,24,-8,11,-24,13,21,-2,11,29,-1,15,1,-15,20,10,5,-7,-8,24,18,-3,-4,-4,11,-12,-14,9,5,17,-1,9,-7,18,26,10,0,0,0,0,0,0,0,0,0,0,0,0,0,0,0,0,0,0
0,4,15,-7,0,21,-5,42,3,17,2,13,26,-21,8,-4,-8,17,-12,26,-16,24,6,17,-3,17,6,-6,-4,17,0,-9,-4,15,14,-11,-8,11,-12,5,4,15,-15,-19,-32,-7,-64,-47,58,30,-19,1,39,-34,20,-24,23,-25,11,-2,-17,5,-4,-3,2,-1,8,1,28,2,-9,3,4,-23,-16,-9,20,38,5,21,-5,87,90,59,98,82,-68,-92,53,92,156,22902,22858,23043,22949,22477,-22714,-22507,22744,22508,-22296,22307,-22287,22544,90,56,11,0,7,-16,-6,-12,-16,5,5,54,13,-14,0,-27,-18,-22,-40,1,-18,-23,-6,26,2,27,21,-21,0,-17,-14,-1,9,-34,5,-5,-12,-19,13,-20,-13,14,-19,18,1,15,8,7,23,6,-6,-18,-33,-26,19,22,12,-3,-5,-10,32,13,1,-15,-14,-7,14,-27,12,9,1,-2,5,-7,5,-7,3,8,-7,-15,8,-7,-1,38,-3,16,-18,-14,-8,26,0,-12,18,-15,-11,34,-4,-13,-7,-2,27,-9,18,-3,-13,10,-17,-22,1,-17,-4,-16,-14,12,2,10,5,28,-1,-14,11,8,21,4,4,-1,25,8,0,0,0,0,0,0,0,0,0,0,0,0,0,0,0,0,0,0
0,-7,-8,2,-16,4,2,28,27,-4,-1,12,-3,8,-21,-4,2,11,-7,10,-6,16,-6,9,10,37,12,-9,-31,3,-12,-3,23,7,6,-14,-3,-13,18,13,-19,7,-4,-38,-17,-34,-29,-39,51,48,-12,-43,34,-36,13,-6,7,6,-2,-7,9,-12,0,25,-12,14,29,10,38,15,0,62,-10,13,28,36,3,-2,10,13,34,93,82,96,116,71,-65,-16,57,39,142,22886,22860,22991,22947,22495,-22738,-22467,22710,22520,-22271,22286,-22315,22555,99,29,17,-24,22,18,55,-1,24,-28,16,-14,29,-10,-43,25,-3,53,-9,26,-3,-11,-4,9,-4,-9,-10,21,-15,-2,2,4,12,-5,-2,24,24,-11,30,3,0,-15,-3,-10,-2,5,5,4,-1,-11,31,-20,2,19,7,5,-29,18,29,-33,12,-19,3,9,-16,11,-9,4,1,-9,21,-7,-11,-21,-10,0,-19,6,5,10,-17,30,-12,-16,6,11,12,4,-5,-9,4,32,36,4,13,20,31,-23,-16,23,-1,6,0,-2,8,-1,-16,7,0,4,12,6,-15,11,-18,10,-10,16,-1,-12,8,20,1,-12,-12,20,9,23,0,0,0,0,0,0,0,0,0,0,0,0,0,0,0,0,0,0
-256,-2,-2,22,27,1,20,-2,0,14,-12,-2,20,23,18,21,0,-1,16,11,-7,16,-13,4,46,12,9,-1,12,-12,1,10,14,-4,3,-14,-11,5,21,-1,-3,7,32,-31,-35,-22,-61,-37,61,32,-45,-37,32,-33,59,-8,20,-16,-8,33,9,-23,-3,1,12,24,18,16,15,-22,29,-2,26,19,18,-27,9,-25,-23,-10,21,91,98,79,86,135,-118,-52,70,54,143,22939,22870,23020,22940,22529,-22712,-22511,22761,22517,-22281,22284,-22268,22506,100,15,8,-41,-29,-18,-24,7,0,23,4,4,14,22,46,25,-2,9,-6,23,26,-29,3,15,55,-10,-15,-12,2,-32,13,-4,53,-22,-7,4,15,-15,-10,6,-6,28,6,15,-6,19,-12,8,-1,-10,31,-5,0,-16,13,-8,10,12,-19,7,4,-20,-24,-24,-11,2,10,7,-13,37,-11,15,-5,-12,14,19,7,16,0,14,-26,6,-1,17,-10,-6,21,6,-6,21,4,24,5,-7,-19,18,4,3,-2,5,5,3,-5,9,1,6,18,-17,-5,-3,-13,7,-14,-13,-5,-13,-5,8,1,7,10,17,-3,3,-7,12,10,15,0,0,0,0,0,0,0,0,0,0,0,0,0,0,0,0,0,0
-256,5,15,-10,-7,35,9,-7,5,2,13,10,-6,22,-7,10,-2,15,4,8,-5,36,2,5,18,-3,2,38,1,4,-12,20,0,-6,8,3,27,10,-1,-4,-5,11,-8,-27,-29,-31,-36,-29,11,74,-9,-30,66,-14,51,-35,15,-8,29,6,-31,41,4,11,10,17,5,23,-8,-37,-37,14,-4,1,-6,-3,-5,-10,-4,-16,19,59,54,61,83,52,-35,-31,65,127,158,22901,22907,22968,22920,22489,-22713,-22490,22769,22483,-22273,22275,-22236,22534,86,8,-25,4,6,47,13,22,27,-2,31,-20,24,-17,-6,-20,24,31,11,-3,-11,-12,-47,26,-1,-18,13,33,-26,-16,7,-21,46,1,46,17,7,-8,-15,-8,-4,23,-3,-4,25,19,2,19,-18,4,-9,20,8,-23,3,1,-7,-2,8,15,22,2,-2,8,2,-4,-2,19,34,-5,22,25,-11,5,-26,14,13,-6,24,30,10,-2,27,-6,12,5,14,3,10,-4,35,8,32,-6,8,11,-20,9,18,24,6,33,29,-9,20,21,18,-22,17,16,11,-22,16,2,14,0,-4,3,5,22,18,18,23,35,49,-11,35,-6,0,0,0,0,0,0,0,0,0,0,0,0,0,0,0,0,0,0
0,13,5,11,14,9,-2,7,-13,0,-12,-3,3,17,10,13,21,21,14,-10,-5,4,1,17,25,11,-11,49,11,-14,12,16,-6,26,18,20,24,15,-9,0,10,-9,-1,-51,-28,-35,-51,-21,51,22,-60,-53,50,-54,35,-57,32,8,-4,26,-8,-23,-3,-22,-24,12,21,-1,19,29,8,-1,21,13,26,5,1,-10,9,35,15,86,71,98,67,63,-53,-70,61,40,145,22931,22866,23009,22892,22489,-22729,-22485,22757,22518,-22309,22311,-22286,22460,74,-20,22,61,25,5,4,1,-31,-3,36,-4,9,-8,42,-23,-3,-5,18,13,-5,14,23,9,-25,-16,-18,21,3,15,37,-8,-11,-7,0,-11,12,-35,13,-5,-2,-7,1,2,1,-4,21,19,30,11,0,-3,3,-1,6,-15,-3,38,-1,23,-3,10,22,-1,15,-26,0,13,33,2,-4,11,13,-7,7,0,-16,3,0,0,22,34,0,-9,13,-5,-6,-2,-2,-24,12,17,1,10,-1,18,-8,12,-36,-5,-10,2,-4,-23,14,48,12,17,2,-3,7,27,-26,10,15,17,-10,33,7,9,18,-1,-6,4,2,-10,26,4,0,0,0,0,0,0,0,0,0,0,0,0,0,0,0,0,0,0
0,7,0,11,9,-6,-2,1,20,1,9,9,-4,-4,1,8,29,9,17,3,0,-2,31,3,-16,15,19,7,-9,3,2,24,16,-5,2,-12,0,14,24,-6,-8,4,29,-39,-15,-48,-45,-24,39,27,-25,-19,43,-37,45,-40,7,-15,5,4,29,30,15,-34,3,-2,-11,-12,-33,-8,-30,4,-17,5,12,0,-9,-21,-4,-14,-8,52,56,81,63,82,-75,-52,118,79,167,22896,22889,22990,22946,22526,-22704,-22476,22739,22495,-22287,22323,-22293,22497,91,20,19,19,29,12,8,-21,-2,11,12,4,4,-19,1,-25,2,-5,-18,39,3,-57,-30,1,28,0,42,-10,5,14,9,42,37,44,30,0,-26,13,6,-29,-4,26,-6,33,-7,10,-52,-3,4,10,26,-17,15,0,5,-13,-2,17,4,-24,10,14,-22,-13,3,-10,19,5,-4,19,13,7,-11,4,-3,13,12,-5,29,16,-14,11,6,20,9,12,-17,13,17,-12,-30,-3,1,-9,15,-12,8,6,0,27,17,0,0,17,-14,33,4,30,0,-1,26,-10,11,-3,7,8,-3,5,11,17,-2,11,6,28,-8,-6,15,6,0,0,0,0,0,0,0,0,0,0,0,0,0,0,0,0,0,0
0,-2,20,20,10,-5,4,-13,4,-17,-7,-2,52,13,21,16,-5,1,6,5,10,23,-17,36,9,29,8,8,26,-2,1,41,23,9,5,-12,-15,6,23,8,-7,-3,14,-28,2,-34,-35,-6,71,27,-12,-39,47,-43,51,-50,14,24,9,-4,-7,-7,-22,29,7,12,19,-34,16,2,14,17,-25,1,11,23,-8,-16,0,14,-25,82,92,66,95,63,-67,-84,74,92,186,22880,22867,22983,22942,22500,-22758,-22498,22766,22501,-22337,22252,-22265,22511,96,0,-13,-1,16,-11,-6,-7,14,-16,0,31,-4,14,13,-20,17,24,51,12,28,-2,44,-2,-22,4,39,-3,-59,44,23,-11,-2,11,19,31,5,-6,-5,-9,-26,-29,3,9,4,21,-20,11,-10,-4,2,20,9,5,-5,9,-7,34,19,-10,-4,-16,-22,-10,5,2,-12,-15,-3,2,4,5,5,7,12,5,31,26,4,3,-15,1,6,-5,-5,20,16,30,-1,3,-10,-2,0,-2,9,-4,12,-3,-11,19,-10,-30,29,11,-2,9,-2,17,11,0,12,37,0,-1,2,-10,0,6,21,-2,12,-18,4,7,-10,15,7,22,0,0,0,0,0,0,0,0,0,0,0,0,0,0,0,0,0,0
-256,0,16,10,17,13,12,2,4,1,12,6,0,-2,13,-12,5,35,11,-2,20,28,3,-17,6,16,-20,6,-1,24,0,-3,8,17,27,6,14,-2,-13,-15,7,-1,23,-12,-19,-20,-43,-39,42,49,-31,-36,29,-19,38,2,22,25,-19,27,-10,-13,12,-20,7,14,14,-23,12,4,12,36,19,12,33,22,34,-2,-12,-22,7,67,84,61,57,85,-78,-75,91,55,151,22915,22849,22999,22985,22517,-22700,-22488,22733,22474,-22263,22284,-22281,22500,104,3,-9,-15,3,22,1,-30,-20,-9,11,31,25,15,20,-20,25,3,31,15,29,0,-9,-21,2,16,-27,-10,30,15,-12,31,-5,21,17,-37,1,22,4,16,-7,26,-4,-1,14,8,-17,-7,3,11,-2,2,-37,-12,-4,-12,4,33,2,-16,-5,9,4,5,15,-22,11,9,25,-15,1,13,-1,17,16,7,1,-18,-16,7,7,12,20,-14,0,16,-8,4,15,-5,3,-19,22,28,-8,-17,7,-3,-6,8,3,-6,20,-2,18,2,6,-2,-1,17,-4,5,28,10,24,9,3,29,13,-18,3,-7,16,10,13,15,-15,9,0,0,0,0,0,0,0,0,0,0,0,0,0,0,0,0,0,0
0,11,-25,9,4,-15,27,-1,7,-5,-8,3,-3,11,1,19,5,5,-4,5,6,45,9,1,18,-1,11,1,-11,-11,6,26,8,9,6,4,6,9,2,-13,2,-1,-2,-24,-35,-40,-44,-47,53,33,-49,-62,23,-22,34,-27,-57,-15,20,4,12,17,-15,-11,12,-2,-32,1,8,-4,29,-7,-2,4,23,24,2,-11,17,-10,29,71,74,44,87,80,-47,-51,73,98,163,22915,22889,22998,22942,22530,-22759,-22492,22756,22474,-22256,22266,-22271,22512,108,14,-2,6,-17,9,17,13,-21,26,-19,6,5,-11,7,9,0,19,52,43,-24,13,23,5,16,-42,11,46,17,-17,-13,-1,-1,29,9,-1,-20,-32,0,1,15,1,0,24,20,-3,7,19,-1,3,-21,18,8,-13,9,-2,2,5,14,0,-7,-2,2,8,-20,19,0,10,2,-5,8,-9,10,-17,13,8,13,0,24,21,9,15,30,3,5,-3,-20,23,-14,6,37,-12,-3,-4,4,-10,14,-18,20,-12,5,6,19,22,2,-24,-11,3,6,26,13,-18,10,-22,20,-10,16,-3,-35,5,7,1,21,12,8,7,41,15,0,0,0,0,0,0,0,0,0,0,0,0,0,0,0,0,0,0
-256,5,19,-4,2,16,-11,5,7,23,5,6,11,28,7,-5,-1,-10,-18,27,-38,6,2,9,-2,17,28,1,-6,4,-7,15,13,2,-4,0,-16,9,1,13,5,-3,17,-51,-19,-43,-52,-61,33,77,-19,-39,55,-45,44,-38,38,-11,7,26,0,-22,10,-3,43,1,-26,-5,-1,-11,45,-10,-7,3,37,-11,-30,-4,4,47,-27,74,84,113,111,70,-118,-59,80,89,168,22925,22850,22998,22948,22454,-22731,-22475,22763,22526,-22261,22307,-22281,22515,123,1,34,-41,29,4,3,9,15,-26,-2,-14,4,-1,13,4,5,-4,-8,3,5,33,-11,7,-25,27,-7,14,21,33,21,46,29,9,7,12,-5,-15,-25,15,-13,10,16,10,22,-4,16,27,0,-1,5,-6,24,16,17,5,7,16,-17,-2,-5,12,-14,7,-11,-1,12,12,-9,-6,2,-14,19,-5,19,10,4,28,-1,-4,38,-3,49,-5,-13,1,12,6,-5,1,10,10,-24,-12,3,32,18,-14,10,-9,10,13,12,-1,4,8,-12,12,6,25,-1,0,-2,22,17,28,-2,2,-18,18,-4,3,-18,18,2,45,5,8,0,0,0,0,0,0,0,0,0,0,0,0,0,0,0,0,0,0
0,18,18,-16,1,8,14,12,-12,-14,44,-3,-1,6,0,24,6,-3,-4,-17,7,23,15,-2,-14,-8,0,-4,-4,13,0,4,4,14,-1,-20,-4,8,-1,2,-14,31,-2,-36,0,-32,-35,-6,55,55,-39,-10,40,-24,43,-36,-8,-6,-7,0,-13,-6,3,0,-1,0,-4,-18,7,-33,13,3,12,-9,22,26,11,13,0,-25,28,51,72,97,58,51,-70,-72,75,55,147,22871,22913,23023,22919,22514,-22722,-22513,22718,22523,-22277,22285,-22252,22544,120,10,14,-2,26,-29,21,18,16,-23,-5,-39,1,37,9,2,-8,19,-9,-3,15,27,-2,-7,52,-50,-7,-28,-16,16,-7,-13,30,11,-12,-3,-29,3,21,-2,9,23,21,-9,0,31,2,33,10,21,8,7,22,0,-10,-7,15,-1,1,1,-2,21,8,-16,-20,21,2,29,19,4,20,0,-13,-4,11,9,15,1,1,19,25,-25,21,9,-10,4,-18,-14,-17,10,15,1,-22,6,3,2,3,39,17,-14,-7,16,8,12,-21,14,4,-7,-33,10,11,18,-12,18,12,-6,22,-10,-1,-1,5,8,-20,-3,7,-15,12,-13,0,0,0,0,0,0,0,0,0,0,0,0,0,0,0,0,0,0
-256,34,8,-15,2,9,23,6,3,-2,-1,5,6,14,-8,7,1,-8,6,4,-4,-16,16,29,7,-11,-2,3,33,-30,20,3,10,14,-6,-8,5,-7,-8,-8,-1,-11,2,-19,-27,-32,-39,-33,57,66,-72,-9,29,-10,23,-29,29,14,18,49,18,1,29,-4,-11,-25,-16,7,18,15,17,20,31,-8,5,0,-22,-8,-2,-4,17,51,81,43,58,44,-77,-58,64,56,170,22901,22902,23017,22963,22482,-22723,-22468,22723,22485,-22268,22312,-22269,22543,80,33,30,26,-1,-17,34,10,-20,23,-1,26,11,24,29,-1,-21,22,-27,38,20,11,24,-27,-19,8,-20,-43,-41,13,10,13,-22,35,18,-16,20,-13,10,-36,23,-10,6,6,-27,20,9,17,-11,11,8,6,21,-7,-17,-3,-41,-3,16,-18,2,-19,-21,1,-5,6,-3,-9,16,1,-1,19,2,3,21,32,-6,-8,-5,1,-6,-14,12,-13,12,-9,34,-16,27,21,2,18,24,-2,-6,18,4,9,15,10,1,-3,-13,15,16,13,2,-7,-6,-1,-10,2,28,28,20,-30,13,18,-14,-8,-15,16,-6,-4,27,-17,1,-19,0,0,0,0,0,0,0,0,0,0,0,0,0,0,0,0,0,0
-256,-1,19,19,11,-9,18,-3,9,14,30,5,12,4,12,6,0,3,-15,5,25,-15,2,-6,10,7,1,-4,-21,-5,-1,5,17,-4,-1,11,-12,-3,3,-47,-9,9,-5,-46,-27,-51,-30,-45,69,33,-14,-38,35,9,29,-12,-2,-6,-12,14,12,-7,3,30,28,-21,1,12,-9,-21,8,6,-15,11,14,22,40,-24,5,-25,15,41,67,75,74,65,-63,-116,52,92,168,22951,22887,22995,22948,22505,-22735,-22466,22722,22518,-22312,22325,-22275,22514,88,15,43,-62,28,39,23,-3,-8,21,-26,21,-6,1,-14,0,-1,-18,3,-19,54,-25,9,-8,-13,-22,-11,-8,2,19,-15,14,-6,31,10,20,6,36,33,31,-18,11,-17,-3,13,38,20,21,4,14,1,-2,9,33,5,12,-3,9,23,-23,-15,-5,2,8,10,-12,-18,0,7,-17,20,-10,-1,30,0,28,-7,21,-15,6,2,-18,14,13,21,3,2,10,13,28,9,-14,16,4,-10,15,9,-35,34,11,25,8,26,-26,11,-6,4,6,34,22,20,20,-7,6,0,-9,-12,-4,44,12,-19,12,-5,0,7,15,33,0,0,0,0,0,0,0,0,0,0,0,0,0,0,0,0,0,0,0
-256,11,-10,7,7,-17,12,-3,8,23,-13,-9,-1,21,6,1,28,18,7,-9,-5,-12,-5,-4,22,24,8,5,18,-5,14,11,12,2,3,-3,-15,-3,15,7,-13,16,-13,-30,-13,-17,1,-8,29,54,-29,-9,46,-23,36,-29,5,-28,-4,-3,-2,-12,4,13,-5,-5,6,19,19,25,0,-7,-16,10,6,15,9,27,13,-13,24,86,68,80,109,83,-85,-62,85,102,155,22918,22865,22986,22947,22514,-22701,-22488,22757,22504,-22325,22324,-22276,22515,73,10,2,36,18,14,34,-4,-30,59,17,-19,28,12,38,20,22,6,2,-13,-1,17,-1,-2,19,-8,30,-2,-23,-21,11,27,18,-12,5,36,5,-27,19,-11,-15,15,21,17,24,-12,-5,-36,-8,4,-9,15,2,-4,12,-2,-9,-5,9,-18,17,23,3,19,23,-2,35,-1,5,3,-26,-11,15,5,6,-13,0,9,-20,3,5,-14,-20,4,26,-5,-8,0,12,3,3,-8,16,-5,-9,4,-7,-24,-4,-6,-18,-15,15,33,3,8,26,2,-6,9,-4,2,9,25,-10,27,11,-4,-16,-6,-1,-14,-13,7,7,-3,-1,-4,0,0,0,0,0,0,0,0,0,0,0,0,0,0,0,0,0,0
0,14,1,-3,1,-17,18,8,1,-2,14,-8,12,-17,21,10,-2,-5,-2,12,7,-6,23,16,0,-5,-19,11,-3,9,-3,-13,3,1,-20,3,22,7,-18,16,2,11,-14,-21,-58,-21,-51,-28,47,11,-46,-31,33,-28,44,-8,11,17,52,-4,-13,15,-28,1,22,13,0,31,11,-12,-3,11,-19,1,-1,31,21,-7,9,-6,-11,125,64,75,69,77,-27,-92,93,84,192,22900,22901,23055,22934,22511,-22761,-22488,22736,22536,-22316,22318,-22293,22507,127,13,0,0,-33,0,-1,22,-13,15,15,28,4,-11,11,-8,29,35,-22,4,11,20,14,-14,2,28,-8,28,19,-14,-11,3,1,4,0,5,17,21,-31,-2,4,7,-1,15,25,-4,-10,-3,4,10,15,25,6,-23,1,17,-5,-1,8,2,-28,25,13,7,21,13,13,11,8,15,0,-9,1,-15,17,0,0,25,33,3,19,17,-4,5,-3,-5,14,6,6,0,-8,10,-11,0,1,5,7,8,19,23,10,-12,-20,15,22,5,-2,-23,-19,15,10,15,13,9,15,-1,-4,1,-12,8,11,-10,20,28,28,7,9,7,0,0,0,0,0,0,0,0,0,0,0,0,0,0,0,0,0,0
0,5,7,5,30,8,14,-16,1,-3,16,-3,22,30,4,15,-9,31,9,9,10,-7,-17,-11,11,10,-34,34,-17,-1,-18,31,19,-11,-1,-16,-12,-3,10,-5,-7,15,-21,-18,-21,6,-38,-33,33,-3,-51,-38,50,-40,26,-43,10,20,-2,10,15,2,-2,-48,6,5,-15,6,-6,22,18,1,-50,46,-13,5,-14,-6,-29,5,-15,81,48,86,26,82,-78,-76,78,41,120,22872,22841,23003,22930,22451,-22734,-22502,22734,22482,-22261,22318,-22256,22483,63,17,4,-8,16,0,28,-10,-29,7,-20,38,-5,2,22,27,15,3,6,40,20,11,5,9,-24,45,13,27,-1,-13,-24,19,3,16,-13,8,5,15,-31,26,-18,-8,-4,-1,2,-3,4,-4,7,23,18,24,11,5,3,-14,26,1,-12,10,-13,-20,23,10,3,17,7,-15,19,12,-28,-8,7,6,6,29,-2,-16,-10,9,-16,3,-9,16,8,-2,12,-10,-9,16,-3,40,11,13,-27,-17,13,-15,-10,3,2,-9,17,6,1,14,10,11,3,18,3,20,-2,-4,7,0,12,-8,41,18,2,10,-15,-20,-3,-3,15,13,0,0,0,0,0,0,0,0,0,0,0,0,0,0,0,0,0,0
0,-5,6,6,39,9,4,-2,6,15,-3,-24,24,-7,-9,31,5,-12,20,22,12,32,-3,-1,25,4,-13,-14,35,3,-9,-4,3,4,16,3,12,2,-8,-21,23,9,-2,-51,-57,-52,-44,-47,1,42,-35,-49,42,-8,27,-20,11,7,20,-2,-30,10,23,22,21,-8,-28,2,4,11,26,-21,5,-10,25,-6,22,14,-15,-8,19,56,67,31,75,64,-41,-64,52,79,176,22899,22862,23031,22960,22530,-22726,-22523,22761,22509,-22253,22283,-22247,22531,141,-3,24,17,-24,24,30,-2,-7,1,14,-3,-1,-16,-40,-2,-31,45,26,7,31,37,-32,4,-27,34,-13,-7,10,18,29,-17,-13,19,46,1,38,-22,4,11,31,-27,-22,4,6,-2,5,-13,21,10,-12,-2,9,13,3,7,-14,-9,-1,-7,13,9,12,7,34,15,-8,10,6,-7,-18,11,26,-15,6,-31,4,9,-6,-10,-2,-1,2,8,9,18,-15,2,15,27,29,-13,-1,43,-22,7,16,28,-28,-21,4,-3,-3,19,13,-5,-1,-9,4,-24,30,10,13,-27,-4,5,-16,10,-1,-1,10,10,8,-4,0,23,15,-21,0,0,0,0,0,0,0,0,0,0,0,0,0,0,0,0,0,0
-256,23,24,-1,-3,27,4,5,1,-7,2,-11,-2,-6,-4,0,15,7,16,8,-4,13,37,-4,-4,13,4,9,13,1,-9,2,31,8,-10,-1,15,12,22,20,4,15,-10,-12,-40,-56,-23,-56,48,28,-57,-27,45,-41,16,-46,14,10,8,5,8,-7,12,-18,8,-8,15,-26,3,14,15,-16,8,2,10,1,11,14,-10,0,6,85,50,74,73,78,-87,-79,90,49,137,22941,22864,23014,22941,22501,-22738,-22451,22719,22510,-22292,22275,-22300,22532,110,7,14,42,13,-36,32,8,-9,-8,-2,29,-30,8,77,-19,29,-9,-23,4,-7,11,7,-1,55,31,15,-12,16,-19,8,0,7,9,-7,15,-1,-10,21,2,19,3,6,12,15,0,9,7,-17,3,-1,13,-11,7,-16,2,0,-8,20,24,14,0,-14,-25,-18,21,10,17,-11,0,-12,19,5,5,13,13,8,-3,-24,-4,35,26,6,-23,-42,10,-8,1,15,-12,16,33,-3,7,-3,-6,16,25,-3,-3,7,13,12,-9,-7,-13,26,-14,-10,24,10,-6,3,2,-3,11,-38,14,-8,3,2,-9,14,1,3,-24,-8,10,0,0,0,0,0,0,0,0,0,0,0,0,0,0,0,0,0,0
-256,24,34,-5,10,24,5,-1,1,-2,8,3,15,51,3,0,22,-4,-22,0,-7,7,-7,-10,10,-2,-6,5,24,21,5,10,-10,17,14,27,13,10,13,-1,29,-11,6,-52,-18,-18,-56,-26,52,43,-25,-31,33,-41,48,-47,8,-3,8,13,-6,6,4,-13,27,-9,-9,-2,20,-9,2,-31,-8,15,-27,-10,28,-16,16,12,-1,104,82,35,101,92,-71,-41,67,109,151,22890,22866,22989,22953,22491,-22755,-22477,22757,22505,-22308,22286,-22239,22507,116,35,28,-34,-3,71,1,11,-6,-35,69,21,-10,0,-16,33,-2,-64,-8,26,-2,7,-13,3,9,6,-8,-2,13,57,35,11,-8,26,19,-4,-29,-8,10,-7,4,3,2,-5,24,-3,9,2,2,-6,27,-1,-7,3,27,12,-11,17,11,-1,17,25,27,-4,12,23,25,2,12,6,22,17,1,13,12,-4,27,-5,3,2,10,4,-8,1,22,-10,0,20,-14,11,-12,3,-37,10,-6,11,4,-14,-3,-8,7,15,22,-6,-12,20,-5,9,2,11,8,-6,-9,4,10,3,4,4,5,7,-11,-10,24,-4,-14,0,-14,-10,0,0,0,0,0,0,0,0,0,0,0,0,0,0,0,0,0,0
0,2,4,-9,1,-11,-6,9,-19,-28,2,6,-9,-15,4,6,-6,-2,0,4,-4,9,-30,20,-11,17,0,1,-24,19,0,12,24,-5,-2,-24,13,-15,16,15,10,7,-27,-6,-32,-41,-24,-58,48,25,-8,-38,25,-48,35,-43,32,1,2,-5,17,-7,35,-20,30,5,15,-24,-43,-23,-12,-8,-13,2,12,-53,42,3,28,-1,21,89,104,84,57,71,-41,-63,69,91,152,22904,22856,23001,22926,22493,-22708,-22468,22716,22473,-22274,22272,-22272,22517,101,18,-31,-4,-24,8,-3,5,18,20,-39,22,13,18,23,-15,-4,-41,5,0,-8,7,-8,13,0,21,47,59,18,-7,-40,58,19,-36,4,-25,6,-26,34,5,-30,1,18,20,12,15,12,-17,-18,17,-12,0,3,32,-4,-5,6,10,-6,13,4,8,14,-17,9,0,-1,-17,-7,-7,-28,30,-34,0,8,-9,4,15,21,8,-2,5,33,13,13,30,21,17,25,11,1,-4,-16,-1,1,7,6,16,24,-2,-4,16,-15,33,3,4,21,20,-8,5,1,0,-46,-9,-15,16,-12,-4,-6,-7,17,-24,-6,-3,22,42,6,4,0,0,0,0,0,0,0,0,0,0,0,0,0,0,0,0,0,0
-256,-8,4,8,14,-16,13,40,-15,11,23,14,5,24,-2,-3,-15,-2,-32,5,-9,-6,2,-10,33,-6,15,-2,-22,7,-14,3,1,-8,-24,19,-15,12,-1,-6,-30,17,8,-43,-79,-50,-50,7,57,49,-58,-13,43,-55,36,-10,7,29,-31,-13,4,21,9,-4,24,14,56,19,30,14,21,30,12,19,0,12,-21,18,12,-8,14,82,20,98,78,55,-83,-84,102,87,121,22899,22867,22992,22946,22508,-22727,-22503,22759,22509,-22279,22284,-22263,22525,113,-15,20,-48,-24,-6,-10,0,63,-18,-1,15,44,47,-39,-2,14,13,-15,29,15,45,-30,-2,14,-30,43,6,28,1,-4,14,-11,-6,-23,25,-18,12,26,20,-44,37,16,8,26,-33,30,18,5,3,17,-7,22,14,12,-22,0,12,6,23,36,-7,-6,-6,-4,-8,15,22,13,17,18,17,20,2,8,-14,7,16,39,16,4,29,-26,-10,14,-2,7,8,8,-21,7,2,20,-1,9,-5,8,9,5,4,3,-20,33,-9,-10,-12,-9,15,-11,11,7,3,5,32,23,11,11,13,23,5,4,-13,19,-9,-7,-3,12,5,0,0,0,0,0,0,0,0,0,0,0,0,0,0,0,0,0,0
-256,18,-3,16,10,2,26,5,2,-12,7,-10,23,0,0,-5,0,3,22,-35,-12,-12,-7,15,9,-8,18,9,-6,-3,16,11,18,-11,13,1,4,-10,-16,14,8,-4,23,-26,-60,-16,-49,-18,55,21,-5,-30,25,-35,9,-33,12,-8,0,-3,10,-12,9,1,16,11,30,17,6,14,-2,24,5,3,-15,-4,4,57,10,0,3,110,85,52,68,67,-77,-19,85,69,151,22901,22873,22986,22937,22458,-22756,-22498,22765,22514,-22230,22293,-22263,22512,114,31,14,58,-23,-7,-20,35,19,-41,17,13,17,-76,-6,10,-38,-3,30,21,-25,12,-14,18,-4,12,-5,-2,-34,-2,-29,-9,-5,9,-31,33,9,-8,2,15,-24,30,15,-10,11,7,-2,-17,-4,14,8,3,9,10,-1,-6,20,4,-10,6,-7,0,-12,-11,4,-2,6,-15,13,9,28,-1,-23,-1,-12,8,-11,0,23,19,2,27,-4,-5,-2,5,13,11,-7,14,40,-3,8,-10,-3,25,4,-10,24,-17,3,-12,-8,-15,-15,13,17,-31,17,6,-8,-7,2,-37,7,-15,-14,-4,10,9,17,12,23,-18,21,-8,15,6,0,0,0,0,0,0,0,0,0,0,0,0,0,0,0,0,0,0
0,30,-27,12,-22,19,0,1,19,6,1,8,42,17,5,8,-13,17,5,-15,17,-5,13,-1,6,18,-6,7,27,19,33,9,1,18,19,-11,-12,-8,19,1,-2,6,-20,-46,-37,-34,-49,-33,26,49,-54,-13,33,-45,41,-38,-16,-16,20,-1,4,17,-18,13,-13,2,0,-16,5,1,12,15,36,16,-12,-20,6,-17,7,-6,16,85,88,66,72,57,-91,-100,67,58,173,22916,22871,23040,22899,22550,-22699,-22478,22734,22483,-22306,22287,-22278,22502,112,-25,6,10,16,-5,-2,0,0,26,-9,12,23,23,-39,23,-7,-15,-61,1,-28,-6,11,-12,4,25,11,27,20,27,-22,-8,37,4,-6,-32,-18,6,6,-9,30,8,22,-11,-17,5,-16,20,5,-7,5,1,24,-9,12,-9,-14,9,19,-8,19,23,-4,-1,0,4,-15,24,-21,-6,-4,-3,14,11,-17,13,0,-4,3,12,1,-2,9,0,19,14,-4,20,-2,2,-5,20,-26,-1,-4,1,0,6,-2,11,-9,3,-5,5,0,-9,16,-3,9,2,20,6,22,8,2,-1,13,-8,-8,2,7,-13,-13,-7,-6,-14,25,-1,0,0,0,0,0,0,0,0,0,0,0,0,0,0,0,0,0,0
-256,-33,2,11,19,2,0,24,3,-9,8,21,-7,10,40,14,30,-12,1,-12,29,2,16,-2,13,-8,-4,-8,21,18,-4,-8,-9,11,25,7,5,1,12,14,37,-29,-3,-24,-26,-27,-38,-22,62,26,-44,-37,45,-28,46,-45,-4,18,25,1,-8,27,3,-8,17,10,9,-17,-35,10,-15,10,4,-6,20,9,13,21,16,28,-13,80,74,84,111,68,-92,-54,70,72,180,22933,22871,23036,22924,22478,-22715,-22471,22737,22475,-22247,22305,-22242,22505,89,-59,30,21,-23,-21,22,-21,-10,12,3,6,6,-25,16,50,17,-49,27,23,-33,0,7,-14,3,-15,8,-4,14,-2,7,40,14,38,22,1,12,11,8,-4,2,5,15,13,13,-8,4,18,-2,-5,12,-5,-7,-10,24,3,7,33,-2,-3,-10,22,12,8,-20,2,-5,10,23,20,5,-15,20,-18,17,6,17,33,-12,38,0,9,-12,-3,-17,6,-16,-4,-19,22,8,14,-7,17,-9,-3,-6,-9,-8,7,6,-3,16,43,15,4,-3,-3,-3,-4,-4,-3,-25,-3,18,-4,1,-6,8,-9,-5,16,-2,-49,-36,-1,-3,10,0,0,0,0,0,0,0,0,0,0,0,0,0,0,0,0,0,0
-256,3,12,-6,5,9,-25,-6,-12,15,3,-18,-11,4,25,-2,18,-2,5,-11,-6,22,8,16,-10,27,-2,20,10,-3,18,1,9,27,14,19,-7,35,16,8,-15,1,-15,-20,-34,-37,-42,-28,56,46,-53,-30,30,-62,69,-24,10,30,-2,-4,5,-12,24,-20,10,-26,-31,11,10,48,-11,14,-16,-1,-30,0,9,33,9,-6,31,63,47,73,73,48,-92,-88,95,112,162,22891,22874,23015,22932,22505,-22719,-22492,22733,22462,-22286,22294,-22272,22495,102,19,11,11,41,7,-30,9,3,25,7,21,23,23,-8,-19,12,40,-21,31,-12,16,11,9,-37,2,-17,10,8,-1,41,-31,9,-15,28,-5,33,-4,12,9,13,10,23,-1,5,12,-1,-4,16,-10,-25,7,14,4,28,6,6,-2,5,22,-2,3,-2,5,11,10,-16,29,-15,6,5,14,-8,7,-5,15,10,7,0,0,30,-11,-7,17,6,11,-5,27,-10,-12,13,-12,4,5,-5,1,-31,-6,20,-5,7,-17,2,22,36,1,-30,3,27,9,8,13,4,16,7,-6,28,15,-19,-19,-17,-11,-10,6,0,3,15,5,0,0,0,0,0,0,0,0,0,0,0,0,0,0,0,0,0,0
0,-15,15,2,-2,-9,39,9,-7,-31,-2,1,1,32,8,-32,28,-28,-5,-13,7,-5,24,-11,-21,20,-17,0,6,12,-6,-7,-8,11,-15,15,-30,-24,30,-10,7,-1,3,-37,-12,-8,-20,-39,70,45,-34,-39,54,-28,63,-22,13,-2,-10,2,-1,-9,36,18,39,14,11,19,1,-12,4,-26,-8,29,14,1,52,7,9,26,13,99,49,80,44,14,-64,-75,54,64,158,22904,22886,22974,22929,22502,-22720,-22428,22726,22490,-22312,22251,-22275,22492,83,47,4,-42,-18,-32,-9,1,14,16,-6,-20,-21,33,-32,-22,37,-36,12,6,-5,6,44,-2,-13,-32,-9,15,13,3,-21,20,1,9,1,-13,32,21,10,27,13,3,1,26,4,12,4,-12,-4,13,16,4,10,9,13,12,-18,8,-11,4,-15,7,10,-15,14,10,-10,11,5,25,18,27,-9,-7,7,-7,-7,2,-1,5,6,25,27,8,-15,-4,-2,14,6,5,-1,13,7,4,23,9,36,-4,-6,-18,8,-7,16,39,-5,2,0,13,5,-1,3,11,-9,4,-3,-14,8,18,25,-7,-13,-2,8,-2,-9,12,-2,2,0,0,0,0,0,0,0,0,0,0,0,0,0,0,0,0,0,0
0,-16,12,-6,-6,3,-5,7,16,-7,16,39,28,-4,11,18,4,-15,27,22,2,4,-6,20,5,19,12,-1,0,-7,-8,-18,-27,18,27,-18,-5,32,6,-12,-10,-13,-25,-41,-48,-43,-35,5,26,19,1,-33,47,-46,36,-39,-16,13,45,9,-14,-12,-15,26,9,8,10,-2,-12,-27,14,22,0,-25,25,4,62,-2,13,14,-8,83,75,58,67,95,-56,-69,50,57,163,22930,22851,23026,22951,22504,-22716,-22479,22766,22494,-22278,22285,-22290,22495,138,2,44,12,-15,23,11,-20,18,1,-7,-11,-30,9,33,2,18,-32,-8,6,-13,-8,51,-10,1,-12,-25,-31,6,-7,-14,-10,19,-17,17,-10,-26,8,2,-24,7,19,8,16,24,15,-2,26,-6,-7,-7,4,24,14,3,10,-10,9,1,2,-3,28,-5,22,-11,8,-3,-8,50,2,-8,-17,-2,2,9,10,5,33,-25,23,-12,-4,-4,-11,-8,-17,-3,13,19,12,-21,-1,4,23,9,11,14,4,-4,2,9,-5,3,22,21,-11,16,11,-3,37,1,-3,-14,22,-7,-29,-13,-12,10,8,18,-21,21,1,5,10,8,-40,0,0,0,0,0,0,0,0,0,0,0,0,0,0,0,0,0,0
-256,16,18,18,28,46,9,-4,-3,-2,6,7,-7,8,-1,15,12,-23,0,-8,4,21,21,-10,3,-8,32,-14,2,4,-29,8,19,5,-24,-14,0,13,7,-24,13,8,-19,-9,-11,-36,-52,-44,31,35,-28,-32,46,-25,63,-14,1,23,-30,2,0,-28,-2,-28,15,-3,0,1,-3,-4,-5,44,-9,-1,-2,52,5,35,-28,-21,-2,119,78,75,93,92,-35,-24,11,80,150,22910,22873,23058,22983,22509,-22756,-22509,22707,22509,-22297,22286,-22293,22523,119,-22,22,-8,26,14,19,10,-7,27,-34,21,13,-14,-49,21,17,-35,4,-1,11,12,-12,-1,-15,0,1,-36,11,-7,-55,-5,34,-11,7,8,-40,-34,-25,8,13,-21,18,9,-18,46,-18,12,-4,24,2,-17,26,13,-20,-5,-1,26,39,-1,9,10,13,18,34,19,30,-7,8,-24,-4,29,10,-7,8,1,-17,-24,-1,-6,-11,16,5,7,-9,-14,5,-3,33,9,2,-14,19,8,17,14,35,-2,14,31,-11,-18,-15,26,4,1,-7,19,-30,25,25,0,18,10,-34,-1,5,12,-35,23,-19,-24,-3,16,26,-9,-13,28,0,0,0,0,0,0,0,0,0,0,0,0,0,0,0,0,0,0
0,13,3,-17,15,-16,11,-11,-4,6,39,-6,-23,-7,5,22,-5,25,-2,-7,-1,3,-25,14,-20,3,-12,24,3,10,-3,-16,-1,-15,-2,14,23,-1,8,21,-18,-33,4,-8,-14,-67,-36,-33,43,47,-15,-47,61,-34,37,-5,20,-8,19,9,13,-11,8,-10,-7,36,1,10,43,-14,-11,12,-20,-5,23,-17,27,8,25,28,3,74,65,75,62,52,-52,-81,43,104,137,22913,22894,23003,22952,22483,-22763,-22516,22735,22482,-22256,22273,-22268,22522,80,-8,-7,58,-8,-4,6,-11,10,-4,-5,-24,10,27,15,1,-8,-25,-32,-27,-3,-22,-10,7,-23,47,16,-6,-14,31,15,0,-37,6,24,25,-33,19,12,-14,19,8,1,-6,23,-2,-2,-18,-1,9,3,32,-20,21,34,-7,-8,-12,21,10,-4,15,-10,-2,-2,10,-4,6,-18,2,19,0,8,-2,6,1,-1,-13,26,6,-10,5,31,-2,-8,23,37,20,-1,-9,-18,13,24,-11,11,11,14,6,-12,-1,-14,-7,4,4,15,-21,16,19,-14,-8,20,9,-24,-20,-8,6,-19,10,-15,1,18,16,-28,11,4,-4,-24,28,0,0,0,0,0,0,0,0,0,0,0,0,0,0,0,0,0,0
